time_s,air_T_C,surface_C_drybasis,air_dewpoint_C,baseline_center_T_C,baseline_surface_T_C,latent_center_T_C,latent_surface_T_C
0.000000000000000000e+00,2.800000000000000000e+01,2.549999999999999822e+00,2.462839565535508513e+01,2.800000000000000000e+01,2.800000000000000000e+01,2.800000000000000000e+01,2.800000000000000000e+01
1.000000000000000000e+00,2.800880000000000081e+01,2.518123068927162755e+00,2.463375964140961472e+01,2.799999999999997868e+01,2.800018355696458272e+01,2.800000000000000711e+01,2.659166875790411311e+01
2.000000000000000000e+00,2.801760000000000161e+01,2.504766527338006643e+00,2.463912179786614587e+01,2.799999999999999289e+01,2.800052099064381039e+01,2.800000000000008882e+01,2.603023713779315074e+01
3.000000000000000000e+00,2.802639999999999887e+01,2.494611825474700506e+00,2.464448212593639553e+01,2.799999999999999289e+01,2.800095618886206594e+01,2.800000000000013856e+01,2.560772608518496085e+01
4.000000000000000000e+00,2.803519999999999968e+01,2.486100060568147807e+00,2.464984062683093313e+01,2.800000000000001066e+01,2.800146953800057759e+01,2.800000000000015632e+01,2.525712752123771665e+01
5.000000000000000000e+00,2.804400000000000048e+01,2.478634291880579710e+00,2.465519730175904556e+01,2.800000000000003908e+01,2.800204973988258317e+01,2.800000000000021316e+01,2.495245074304258992e+01
6.000000000000000000e+00,2.805280000000000129e+01,2.471909848735630799e+00,2.466055215192895744e+01,2.800000000000005684e+01,2.800268918330922929e+01,2.800000000000021672e+01,2.468036426941137407e+01
7.000000000000000000e+00,2.806159999999999854e+01,2.465746418395645012e+00,2.466590517854760733e+01,2.800000000000008171e+01,2.800338229465459605e+01,2.800000000000024514e+01,2.443294855883959471e+01
8.000000000000000000e+00,2.807039999999999935e+01,2.460026606464170928e+00,2.467125638282072231e+01,2.800000000000011013e+01,2.800412476261934813e+01,2.800000000000027356e+01,2.420504782288812251e+01
9.000000000000000000e+00,2.807920000000000016e+01,2.454669132121232167e+00,2.467660576595287125e+01,2.800000000000011724e+01,2.800491311084456925e+01,2.800000000000029843e+01,2.399308467372837939e+01
1.000000000000000000e+01,2.808800000000000097e+01,2.449614688574922372e+00,2.468195332914743645e+01,2.800000000000012790e+01,2.800574448041771447e+01,2.800000000000031974e+01,2.379445142737884211e+01
1.100000000000000000e+01,2.809679999999999822e+01,2.444818759324176138e+00,2.468729907360658160e+01,2.800000000000014566e+01,2.800661645266050215e+01,2.800000000000036238e+01,2.360718288502634365e+01
1.200000000000000000e+01,2.810559999999999903e+01,2.440246657137841169e+00,2.469264300053131223e+01,2.800000000000016342e+01,2.800752694483025707e+01,2.800000000000039790e+01,2.342974804334300742e+01
1.300000000000000000e+01,2.811439999999999984e+01,2.435870756194460807e+00,2.469798511112141526e+01,2.800000000000017053e+01,2.800847414717281580e+01,2.800000000000037303e+01,2.326093613151009265e+01
1.400000000000000000e+01,2.812320000000000064e+01,2.431668817668509064e+00,2.470332540657551945e+01,2.800000000000018829e+01,2.800945646247195242e+01,2.800000000000041922e+01,2.309976183004700800e+01
1.500000000000000000e+01,2.813199999999999790e+01,2.427622468528860988e+00,2.470866388809104208e+01,2.800000000000023093e+01,2.801047246920605716e+01,2.800000000000047251e+01,2.294541433662988794e+01
1.600000000000000000e+01,2.814079999999999870e+01,2.423716289318977868e+00,2.471400055686420671e+01,2.800000000000024158e+01,2.801152089282938107e+01,2.800000000000050804e+01,2.279721797667889049e+01
1.700000000000000000e+01,2.814959999999999951e+01,2.419937279950732378e+00,2.471933541409011426e+01,2.800000000000022027e+01,2.801260058214869275e+01,2.800000000000049383e+01,2.265459543005411547e+01
1.800000000000000000e+01,2.815840000000000032e+01,2.416274372226496769e+00,2.472466846096263993e+01,2.800000000000023093e+01,2.801371048977618017e+01,2.800000000000051514e+01,2.251706162904330455e+01
1.900000000000000000e+01,2.816720000000000113e+01,2.412718005154295131e+00,2.472999969867448300e+01,2.800000000000024869e+01,2.801484965699348706e+01,2.800000000000043343e+01,2.238419181293996729e+01
2.000000000000000000e+01,2.817599999999999838e+01,2.409259838108587015e+00,2.473532912841717035e+01,2.800000000000027356e+01,2.801601720240404347e+01,2.800000000000013500e+01,2.225561895898386311e+01
2.100000000000000000e+01,2.818479999999999919e+01,2.405892559750713033e+00,2.474065675138102804e+01,2.800000000000028777e+01,2.801721231252608746e+01,2.799999999999906919e+01,2.213102244728164436e+01
2.200000000000000000e+01,2.819359999999999999e+01,2.402609731182651309e+00,2.474598256875526658e+01,2.800000000000029843e+01,2.801843423343195738e+01,2.799999999999531397e+01,2.201011830333395025e+01
2.300000000000000000e+01,2.820240000000000080e+01,2.399405644842913077e+00,2.475130658172789566e+01,2.800000000000030198e+01,2.801968226359015546e+01,2.799999999998356159e+01,2.189265488826805850e+01
2.400000000000000000e+01,2.821119999999999806e+01,2.396275205898499294e+00,2.475662879148569573e+01,2.800000000000030553e+01,2.802095574807010081e+01,2.799999999995009858e+01,2.177840622235670054e+01
2.500000000000000000e+01,2.821999999999999886e+01,2.393213844332311879e+00,2.476194919921438498e+01,2.800000000000030909e+01,2.802225407377408217e+01,2.799999999986247445e+01,2.166717276875433384e+01
2.600000000000000000e+01,2.822879999999999967e+01,2.390217439090433604e+00,2.476726780609846301e+01,2.800000000000038014e+01,2.802357666525843172e+01,2.799999999964947861e+01,2.155877310010014369e+01
2.700000000000000000e+01,2.823760000000000048e+01,2.387282271768500053e+00,2.477258461332120731e+01,2.800000000000054357e+01,2.802492298099892665e+01,2.799999999916240512e+01,2.145304149936119487e+01
2.800000000000000000e+01,2.824639999999999773e+01,2.384404958660858664e+00,2.477789962206480112e+01,2.800000000000087041e+01,2.802629251015257239e+01,2.799999999811785045e+01,2.134982951397811135e+01
2.900000000000000000e+01,2.825519999999999854e+01,2.381582415363307170e+00,2.478321283351030146e+01,2.800000000000149925e+01,2.802768476979970913e+01,2.799999999599720013e+01,2.124900298006737387e+01
3.000000000000000000e+01,2.826399999999999935e+01,2.378811823203230258e+00,2.478852424883745798e+01,2.800000000000276046e+01,2.802909930254267223e+01,2.799999999189569522e+01,2.115043849469133619e+01
3.100000000000000000e+01,2.827280000000000015e+01,2.376090598732976567e+00,2.479383386922500776e+01,2.800000000000526512e+01,2.803053567435591020e+01,2.799999998427903591e+01,2.105402075700178344e+01
3.200000000000000000e+01,2.828160000000000096e+01,2.373416365602293965e+00,2.479914169585047290e+01,2.800000000000993339e+01,2.803199347265947949e+01,2.799999997070950997e+01,2.095964442117332993e+01
3.300000000000000000e+01,2.829039999999999822e+01,2.370786931060940628e+00,2.480444772989018531e+01,2.800000000001831424e+01,2.803347230461568174e+01,2.799999994740565867e+01,2.086721351048852569e+01
3.400000000000000000e+01,2.829919999999999902e+01,2.368200267079247467e+00,2.480975197251938624e+01,2.800000000003305445e+01,2.803497179562349118e+01,2.799999990867884492e+01,2.077663911251959661e+01
3.500000000000000000e+01,2.830799999999999983e+01,2.365654494194992630e+00,2.481505442491208768e+01,2.800000000005807266e+01,2.803649158796894270e+01,2.799999984622583327e+01,2.068783861706993932e+01
3.600000000000000000e+01,2.831680000000000064e+01,2.363147866770589189e+00,2.482035508824121450e+01,2.800000000009938361e+01,2.803803133960339977e+01,2.799999974826056359e+01,2.060073522210130648e+01
3.700000000000000000e+01,2.832559999999999789e+01,2.360678759693647599e+00,2.482565396367849786e+01,2.800000000016580159e+01,2.803959072303925382e+01,2.799999959841967367e+01,2.051525749970371848e+01
3.800000000000000000e+01,2.833439999999999870e+01,2.358245656881080343e+00,2.483095105239456757e+01,2.800000000027015545e+01,2.804116942435479132e+01,2.799999937441229747e+01,2.043133881418582476e+01
3.900000000000000000e+01,2.834319999999999951e+01,2.355847141423683233e+00,2.483624635555884907e+01,2.800000000043047876e+01,2.804276714229395395e+01,2.799999904657877181e+01,2.034891691333594466e+01
4.000000000000000000e+01,2.835200000000000031e+01,2.353481886871758633e+00,2.484153987433968425e+01,2.800000000067170092e+01,2.804438358744663162e+01,2.799999857620579391e+01,2.026793354319445584e+01
4.100000000000000000e+01,2.836079999999999757e+01,2.351148649346010089e+00,2.484683160990417150e+01,2.800000000102771480e+01,2.804601848149948395e+01,2.799999791361006984e+01,2.018833409089484476e+01
4.200000000000000000e+01,2.836959999999999837e+01,2.348846260444175105e+00,2.485212156341835055e+01,2.800000000154374291e+01,2.804767155655138922e+01,2.799999699601614722e+01,2.011006726271106260e+01
4.300000000000000000e+01,2.837839999999999918e+01,2.346573620957725481e+00,2.485740973604712067e+01,2.800000000227928609e+01,2.804934255448727498e+01,2.799999574526215440e+01,2.003308481061562318e+01
4.400000000000000000e+01,2.838719999999999999e+01,2.344329695299581129e+00,2.486269612895416969e+01,2.800000000331143823e+01,2.805103122640368696e+01,2.799999406535317092e+01,1.995734129279069435e+01
4.500000000000000000e+01,2.839600000000000080e+01,2.342113506492755626e+00,2.486798074330214448e+01,2.800000000473878714e+01,2.805273733208006348e+01,2.799999183987758045e+01,1.988279385176641512e+01
4.600000000000000000e+01,2.840479999999999805e+01,2.339924131624928183e+00,2.487326358025244488e+01,2.800000000668572397e+01,2.805446063949094437e+01,2.799998892931014183e+01,1.980940201012959179e+01
4.700000000000000000e+01,2.841359999999999886e+01,2.337760697735951965e+00,2.487854464096540497e+01,2.800000000930752719e+01,2.805620092435602686e+01,2.799998516823588091e+01,1.973712748856527455e+01
4.800000000000000000e+01,2.842239999999999966e+01,2.335622378111101849e+00,2.488382392660025744e+01,2.800000001279576978e+01,2.805795796972411793e+01,2.799998036253055744e+01,1.966593404420174096e+01
4.900000000000000000e+01,2.843120000000000047e+01,2.333508388930969790e+00,2.488910143831495958e+01,2.800000001738456135e+01,2.805973156558745174e+01,2.799997428653097131e+01,1.959578732368559173e+01
5.000000000000000000e+01,2.843999999999999773e+01,2.331417986224606498e+00,2.489437717726651655e+01,2.800000002335708871e+01,2.806152150852387095e+01,2.799996668022750868e+01,1.952665472817881565e+01
5.100000000000000000e+01,2.844879999999999853e+01,2.329350463088811996e+00,2.489965114461069007e+01,2.800000003105291668e+01,2.806332760136413995e+01,2.799995724651158113e+01,1.945850529015991270e+01
5.200000000000000000e+01,2.845759999999999934e+01,2.327305147150745324e+00,2.490492334150211207e+01,2.800000004087586802e+01,2.806514965288241470e+01,2.799994564850993584e+01,1.939130956164745001e+01
5.300000000000000000e+01,2.846640000000000015e+01,2.325281398252524223e+00,2.491019376909434158e+01,2.800000005330221953e+01,2.806698747750747813e+01,2.799993150703656042e+01,1.932503951240002493e+01
5.400000000000000000e+01,2.847519999999999740e+01,2.323278606333525786e+00,2.491546242853975812e+01,2.800000006888962290e+01,2.806884089505349422e+01,2.799991439818948180e+01,1.925966843659831795e+01
5.500000000000000000e+01,2.848399999999999821e+01,2.321296189487469519e+00,2.492072932098966476e+01,2.800000008828649101e+01,2.807070973046806017e+01,2.799989385111728168e+01,1.919517086708394160e+01
5.600000000000000000e+01,2.849279999999999902e+01,2.319333592176479275e+00,2.492599444759424543e+01,2.800000011224178564e+01,2.807259381359647676e+01,2.799986934597706423e+01,1.913152249656992865e+01
5.700000000000000000e+01,2.850159999999999982e+01,2.317390283588143252e+00,2.493125780950248327e+01,2.800000014161507522e+01,2.807449297896113904e+01,2.799984031210230384e+01,1.906870010523928727e+01
5.800000000000000000e+01,2.851039999999999708e+01,2.315465756122558005e+00,2.493651940786233467e+01,2.800000017738718938e+01,2.807640706555410048e+01,2.799980612639642530e+01,1.900668149409262142e+01
5.900000000000000000e+01,2.851919999999999789e+01,2.313559523996645328e+00,2.494177924382056233e+01,2.800000022067107253e+01,2.807833591664254413e+01,2.799976611196428777e+01,1.894544542344451798e+01
6.000000000000000000e+01,2.852799999999999869e+01,2.311671121947191043e+00,2.494703731852289152e+01,2.800000027272289671e+01,2.808027943331305565e+01,2.799971953698989324e+01,1.888497346836343382e+01
6.100000000000000000e+01,2.853906666666666680e+01,2.309800253175847917e+00,2.495391060675202866e+01,2.800000033495354756e+01,2.808228457399730260e+01,2.799966561382426633e+01,1.882528890760662321e+01
6.200000000000000000e+01,2.855013333333333136e+01,2.307946176369508606e+00,2.496078088764313563e+01,2.800000040894164499e+01,2.808434379364645750e+01,2.799960349849771291e+01,1.876636996100160815e+01
6.300000000000000000e+01,2.856119999999999948e+01,2.306108666196830637e+00,2.496764816374957618e+01,2.800000049644985012e+01,2.808644247587353959e+01,2.799953228971784114e+01,1.870818278845008109e+01
6.400000000000000000e+01,2.857226666666666404e+01,2.304287325319415825e+00,2.497451243762148465e+01,2.800000059941410413e+01,2.808857511004767815e+01,2.799945103026967530e+01,1.865070480594281221e+01
6.500000000000000000e+01,2.858333333333333215e+01,2.302481787325711959e+00,2.498137371180578015e+01,2.800000071997924778e+01,2.809073883802165739e+01,2.799935870277220218e+01,1.859391729841603791e+01
6.600000000000000000e+01,2.859440000000000026e+01,2.300691670472609474e+00,2.498823198884609198e+01,2.800000086051855419e+01,2.809293168418074416e+01,2.799925423760598520e+01,1.853780142265619801e+01
6.700000000000000000e+01,2.860546666666666482e+01,2.298916615296673349e+00,2.499508727128283780e+01,2.800000102360385412e+01,2.809515200338342567e+01,2.799913651180976615e+01,1.848234032369730784e+01
6.800000000000000000e+01,2.861653333333333293e+01,2.297156283089720752e+00,2.500195364611784754e+01,2.800000121204839587e+01,2.809739853494160400e+01,2.799900434328659315e+01,1.842751842986368516e+01
6.900000000000000000e+01,2.862759999999999749e+01,2.295410349817257778e+00,2.500885268434633346e+01,2.800000142892342936e+01,2.809967027936249906e+01,2.799885649880050664e+01,1.837332085774440671e+01
7.000000000000000000e+01,2.863866666666666561e+01,2.293678502672519492e+00,2.501574871388258714e+01,2.800000167753985991e+01,2.810196638155089488e+01,2.799869168946086262e+01,1.831973316455232847e+01
7.100000000000000000e+01,2.864973333333333372e+01,2.291960438884676599e+00,2.502264173727253649e+01,2.800000196149341747e+01,2.810428610329980259e+01,2.799850857495581735e+01,1.826674150164166477e+01
7.200000000000000000e+01,2.866079999999999828e+01,2.290255867035148718e+00,2.502953175705883027e+01,2.800000228466653951e+01,2.810662879455778906e+01,2.799830576627680045e+01,1.821433259894312684e+01
7.300000000000000000e+01,2.867186666666666639e+01,2.288564504642481623e+00,2.503641877578096953e+01,2.800000265122904608e+01,2.810899387677616090e+01,2.799808182727473138e+01,1.816249371807425916e+01
7.400000000000000000e+01,2.868293333333333095e+01,2.286886080137900734e+00,2.504330279597515485e+01,2.800000306564622221e+01,2.811138082893770118e+01,2.799783527594212273e+01,1.811121260017064571e+01
7.500000000000000000e+01,2.869399999999999906e+01,2.285220331021139639e+00,2.505018382017447109e+01,2.800000353269165387e+01,2.811378917700304925e+01,2.799756458620591459e+01,1.806047743041183651e+01
7.600000000000000000e+01,2.870506666666666717e+01,2.283567003245063010e+00,2.505706185090869553e+01,2.800000405745884891e+01,2.811621848671422796e+01,2.799726819018289348e+01,1.801027681482196385e+01
7.700000000000000000e+01,2.871613333333333173e+01,2.281925850992059690e+00,2.506393689070448616e+01,2.800000464536976708e+01,2.811866835800097064e+01,2.799694448055177887e+01,1.796059975865332348e+01
7.800000000000000000e+01,2.872719999999999985e+01,2.280296636463978732e+00,2.507080894208527866e+01,2.800000530218224526e+01,2.812113841996287533e+01,2.799659181289261767e+01,1.791143564448874770e+01
7.900000000000000000e+01,2.873826666666666441e+01,2.278679129537394932e+00,2.507767800757133259e+01,2.800000603399753629e+01,2.812362832665771251e+01,2.799620850804249983e+01,1.786277421185137371e+01
8.000000000000000000e+01,2.874933333333333252e+01,2.277073107371299088e+00,2.508454408967968163e+01,2.800000684726765243e+01,2.812613775392253856e+01,2.799579285452886168e+01,1.781460553904152277e+01
8.100000000000000000e+01,2.876040000000000063e+01,2.275478354061793329e+00,2.509140719092421534e+01,2.800000774880253118e+01,2.812866639691487336e+01,2.799534311107695572e+01,1.776692002671861204e+01
8.200000000000000000e+01,2.877146666666666519e+01,2.273894660351073238e+00,2.509826731381566134e+01,2.800000874577633780e+01,2.813121396799478546e+01,2.799485750911420823e+01,1.771970838289894701e+01
8.300000000000000000e+01,2.878253333333333330e+01,2.272321823357629889e+00,2.510512446086153915e+01,2.800000984573315321e+01,2.813378019485872272e+01,2.799433425547847065e+01,1.767296160781104319e+01
8.400000000000000000e+01,2.879359999999999786e+01,2.270759646310116064e+00,2.511197863456623480e+01,2.800001105659242384e+01,2.813636481891374430e+01,2.799377153460190115e+01,1.762667098267429111e+01
8.500000000000000000e+01,2.880466666666666598e+01,2.269207938288942739e+00,2.511882983743101505e+01,2.800001238665329950e+01,2.813896759408527970e+01,2.799316751158993810e+01,1.758082805434414553e+01
8.600000000000000000e+01,2.881573333333333409e+01,2.267666513989716748e+00,2.512567807195387104e+01,2.800001384459971376e+01,2.814158828549319935e+01,2.799252033458875388e+01,1.753542462479264685e+01
8.700000000000000000e+01,2.882679999999999865e+01,2.266135193473836740e+00,2.513252334062978832e+01,2.800001543950386917e+01,2.814422666852092547e+01,2.799182813721963470e+01,1.749045274074222789e+01
8.800000000000000000e+01,2.883786666666666676e+01,2.264613801994364461e+00,2.513936564595053369e+01,2.800001718082933522e+01,2.814688252802071844e+01,2.799108904106581264e+01,1.744590468341682410e+01
8.900000000000000000e+01,2.884893333333333132e+01,2.263102169734869218e+00,2.514620499040476176e+01,2.800001907843370574e+01,2.814955565756563161e+01,2.799030115820929865e+01,1.740177295843223604e+01
9.000000000000000000e+01,2.885999999999999943e+01,2.261600131649280421e+00,2.515304137647795102e+01,2.800002114257102903e+01,2.815224585873857777e+01,2.798946259371014023e+01,1.735805028638047531e+01
9.100000000000000000e+01,2.887106666666666754e+01,2.260107527279662243e+00,2.515987480665253884e+01,2.800002338389379730e+01,2.815495294051157771e+01,2.798857144798840935e+01,1.731472959422940505e+01
9.200000000000000000e+01,2.888213333333333210e+01,2.258624200576310415e+00,2.516670528340781487e+01,2.800002581345404806e+01,2.815767671872458422e+01,2.798762581913947756e+01,1.727180400724463283e+01
9.300000000000000000e+01,2.889320000000000022e+01,2.257149999724820777e+00,2.517353280921984293e+01,2.800002844270438374e+01,2.816041701562780020e+01,2.798662380521271942e+01,1.722926684121164342e+01
9.400000000000000000e+01,2.890426666666666478e+01,2.255684776986239815e+00,2.518035738656175937e+01,2.800003128349846548e+01,2.816317365945795359e+01,2.798556350644331303e+01,1.718711159498185737e+01
9.500000000000000000e+01,2.891533333333333289e+01,2.254228388547902640e+00,2.518717901790346403e+01,2.800003434809089242e+01,2.816594648404675993e+01,2.798444302741638623e+01,1.714533194343003686e+01
9.600000000000000000e+01,2.892640000000000100e+01,2.252780694380255966e+00,2.519399770571178010e+01,2.800003764913697779e+01,2.816873532846948791e+01,2.798326047915411152e+01,1.710392173081679701e+01
9.700000000000000000e+01,2.893746666666666556e+01,2.251341558098411078e+00,2.520081345245051097e+01,2.800004119969201355e+01,2.817154003673200435e+01,2.798201398112998106e+01,1.706287496448223706e+01
9.800000000000000000e+01,2.894853333333333367e+01,2.249910846829853650e+00,2.520762626058028744e+01,2.800004501321022232e+01,2.817436045748683782e+01,2.798070166321384988e+01,1.702218580882364662e+01
9.900000000000000000e+01,2.895959999999999823e+01,2.248488431089134210e+00,2.521443613255866367e+01,2.800004910354332566e+01,2.817719644377113042e+01,2.797932166754517169e+01,1.698184857955029159e+01
1.000000000000000000e+02,2.897066666666666634e+01,2.247074184658740315e+00,2.522124307084017047e+01,2.800005348493886004e+01,2.818004785276506041e+01,2.797787215032904840e+01,1.694185773821669372e+01
1.010000000000000000e+02,2.898173333333333446e+01,2.245667984475079315e+00,2.522804707787623002e+01,2.800005817203822645e+01,2.818291454557080300e+01,2.797635128355402045e+01,1.690220788701928001e+01
1.020000000000000000e+02,2.899279999999999902e+01,2.244269710519169347e+00,2.523484815611515231e+01,2.800006317987445570e+01,2.818579638701029921e+01,2.797475725663148793e+01,1.686289376383402683e+01
1.030000000000000000e+02,2.900386666666666713e+01,2.242879245712130487e+00,2.524164630800226305e+01,2.800006852386989920e+01,2.818869324543876331e+01,2.797308827795865582e+01,1.682391023747615577e+01
1.040000000000000000e+02,2.901493333333333169e+01,2.241496475815406342e+00,2.524844153597980068e+01,2.800007421983350042e+01,2.819160499257166208e+01,2.797134257640273347e+01,1.678525230317173111e+01
1.050000000000000000e+02,2.902599999999999980e+01,2.240121289335375909e+00,2.525523384248692693e+01,2.800008028395805582e+01,2.819453150332424229e+01,2.796951840270844869e+01,1.674691507823134273e+01
1.060000000000000000e+02,2.903706666666666791e+01,2.238753577432010644e+00,2.526202322995978378e+01,2.800008673281724825e+01,2.819747265566263650e+01,2.796761403082730268e+01,1.670889379791606899e+01
1.070000000000000000e+02,2.904813333333333247e+01,2.237393233831317829e+00,2.526880970083146138e+01,2.800009358336263077e+01,2.820042833046566244e+01,2.796562775917038479e+01,1.667118381148372563e+01
1.080000000000000000e+02,2.905920000000000059e+01,2.236040154741479657e+00,2.527559325753199815e+01,2.800010085292040785e+01,2.820339841139604431e+01,2.796355791178620009e+01,1.663378057840456847e+01
1.090000000000000000e+02,2.907026666666666515e+01,2.234694238772508612e+00,2.528237390248841621e+01,2.800010855918807096e+01,2.820638278478009298e+01,2.796140283946354899e+01,1.659667966473768175e+01
1.100000000000000000e+02,2.908133333333333326e+01,2.233355386859220637e+00,2.528915163812468236e+01,2.800011672023117626e+01,2.820938133949515958e+01,2.795916092076150861e+01,1.655987673966056306e+01
1.110000000000000000e+02,2.909240000000000137e+01,2.232023502187364894e+00,2.529592646686180757e+01,2.800012535447989492e+01,2.821239396686429046e+01,2.795683056296747537e+01,1.652336757214386509e+01
1.120000000000000000e+02,2.910346666666666593e+01,2.230698490122711597e+00,2.530269839111775099e+01,2.800013448072545685e+01,2.821542056055744752e+01,2.795441020298505919e+01,1.648714802776352784e+01
1.130000000000000000e+02,2.911453333333333404e+01,2.229380258142997118e+00,2.530946741330735961e+01,2.800014411811671167e+01,2.821846101649877525e+01,2.795189830815307275e+01,1.645121406564344113e+01
1.140000000000000000e+02,2.912559999999999860e+01,2.228068715772580699e+00,2.531623353584267377e+01,2.800015428615644808e+01,2.822151523277937457e+01,2.794929337699814553e+01,1.641556173552154618e+01
1.150000000000000000e+02,2.913666666666666671e+01,2.226763774519679107e+00,2.532299676113253284e+01,2.800016500469785541e+01,2.822458310957511074e+01,2.794659393992170493e+01,1.638018717493387655e+01
1.160000000000000000e+02,2.914773333333333483e+01,2.225465347816052208e+00,2.532975709158289845e+01,2.800017629394088914e+01,2.822766454906910027e+01,2.794379855982418093e+01,1.634508660651079381e+01
1.170000000000000000e+02,2.915879999999999939e+01,2.224173350959017359e+00,2.533651452959671957e+01,2.800018817442854058e+01,2.823075945537859255e+01,2.794090583266729055e+01,1.631025633537951336e+01
1.180000000000000000e+02,2.916986666666666750e+01,2.222887701055703769e+00,2.534326907757392178e+01,2.800020066704319888e+01,2.823386773448582687e+01,2.793791438797781979e+01,1.627569274666790733e+01
1.190000000000000000e+02,2.918093333333333206e+01,2.221608316969423846e+00,2.535002073791150679e+01,2.800021379300290647e+01,2.823698929417268744e+01,2.793482288929332213e+01,1.624139230310518656e+01
1.200000000000000000e+02,2.919200000000000017e+01,2.220335119267871971e+00,2.535676951300341386e+01,2.800022757385752570e+01,2.824012342197798375e+01,2.793163003455572380e+01,1.620735057137931534e+01
1.210000000000000000e+02,2.920019999999999882e+01,2.219068088742292666e+00,2.536298641978432400e+01,2.800024203148511504e+01,2.824321207505512987e+01,2.792833455644519347e+01,1.617350652956467627e+01
1.220000000000000000e+02,2.920840000000000103e+01,2.217807011473654111e+00,2.536920088005848228e+01,2.800025718808790387e+01,2.824626294718582287e+01,2.792493522265879236e+01,1.613986424879402293e+01
1.230000000000000000e+02,2.921659999999999968e+01,2.216551883507642984e+00,2.537541289569288594e+01,2.800027306618864742e+01,2.824929501061416559e+01,2.792143083691066963e+01,1.610643985640430387e+01
1.240000000000000000e+02,2.922480000000000189e+01,2.215302643426886764e+00,2.538162246855241122e+01,2.800028968864634393e+01,2.825231434541429110e+01,2.791782023692525172e+01,1.607323656395565337e+01
1.250000000000000000e+02,2.923300000000000054e+01,2.214059215490743249e+00,2.538782960049983828e+01,2.800030707860805990e+01,2.825532466314561830e+01,2.791410229896032646e+01,1.604025474120745187e+01
1.260000000000000000e+02,2.924119999999999919e+01,2.212821535894664571e+00,2.539403429339576590e+01,2.800032525951586493e+01,2.825832845712483632e+01,2.791027593205088309e+01,1.600749393208658233e+01
1.270000000000000000e+02,2.924940000000000140e+01,2.211589531089752647e+00,2.540023654909872874e+01,2.800034425513074154e+01,2.826132740036302238e+01,2.790634007969755359e+01,1.597495304870089683e+01
1.280000000000000000e+02,2.925760000000000005e+01,2.210363131152469851e+00,2.540643636946508011e+01,2.800036408952843558e+01,2.826432276681887501e+01,2.790229372273407193e+01,1.594263052510961565e+01
1.290000000000000000e+02,2.926579999999999870e+01,2.209142269716141804e+00,2.541263375634914112e+01,2.800038478706659717e+01,2.826731561639295975e+01,2.789813587850424170e+01,1.591052457669625397e+01
1.300000000000000000e+02,2.927400000000000091e+01,2.207926882405853330e+00,2.541882871160300894e+01,2.800040637239855101e+01,2.827030681656572142e+01,2.789386559999186588e+01,1.587863331210022722e+01
1.310000000000000000e+02,2.928219999999999956e+01,2.206716905951615626e+00,2.542502123707673789e+01,2.800042887046490492e+01,2.827329708653010698e+01,2.788948197556473829e+01,1.584695476447293139e+01
1.320000000000000000e+02,2.929040000000000177e+01,2.205512278024638562e+00,2.543121133461829686e+01,2.800045230648077776e+01,2.827628703228464957e+01,2.788498412754391964e+01,1.581548690976485716e+01
1.330000000000000000e+02,2.929860000000000042e+01,2.204312937487419966e+00,2.543739900607345561e+01,2.800047670594844362e+01,2.827927716991192142e+01,2.788037121739976243e+01,1.578422767738405952e+01
1.340000000000000000e+02,2.930679999999999907e+01,2.203118824232929374e+00,2.544358425328597662e+01,2.800050209465618067e+01,2.828226794436708502e+01,2.787564243627512539e+01,1.575317498323053478e+01
1.350000000000000000e+02,2.931500000000000128e+01,2.201929879426634873e+00,2.544976707809744099e+01,2.800052849865915050e+01,2.828525974751103078e+01,2.787079701463554926e+01,1.572232673114607948e+01
1.360000000000000000e+02,2.932319999999999993e+01,2.200746045317912625e+00,2.545594748234745097e+01,2.800055594427175620e+01,2.828825292681309023e+01,2.786583421758544787e+01,1.569168082705524547e+01
1.370000000000000000e+02,2.933140000000000214e+01,2.199567265179795950e+00,2.546212546787337061e+01,2.800058445806709173e+01,2.829124779062209782e+01,2.786075334383882662e+01,1.566123518457711761e+01
1.380000000000000000e+02,2.933960000000000079e+01,2.198393483300950635e+00,2.546830103651058863e+01,2.800061406687539289e+01,2.829424461353459819e+01,2.785555372582428646e+01,1.563098772866897512e+01
1.390000000000000000e+02,2.934779999999999944e+01,2.197224644982214592e+00,2.547447419009234437e+01,2.800064479777925186e+01,2.829724364172384909e+01,2.785023472992623184e+01,1.560093639899205975e+01
1.400000000000000000e+02,2.935600000000000165e+01,2.196060696514926303e+00,2.548064493044983791e+01,2.800067667810749938e+01,2.830024509723475745e+01,2.784479575628804326e+01,1.557107915300837142e+01
1.410000000000000000e+02,2.936420000000000030e+01,2.194901585150036638e+00,2.548681325941214482e+01,2.800070973542980823e+01,2.830324918114827426e+01,2.783923623833925376e+01,1.554141396833645317e+01
1.420000000000000000e+02,2.937239999999999895e+01,2.193747259070599309e+00,2.549297917880631559e+01,2.800074399755185439e+01,2.830625607607704097e+01,2.783355564234265600e+01,1.551193884434176518e+01
1.430000000000000000e+02,2.938060000000000116e+01,2.192597667369721393e+00,2.549914269045727622e+01,2.800077949251050313e+01,2.830926594833080046e+01,2.782775346703335373e+01,1.548265180326288615e+01
1.440000000000000000e+02,2.938879999999999981e+01,2.191452760030214275e+00,2.550530379618790633e+01,2.800081624856860785e+01,2.831227894982349724e+01,2.782182924327446827e+01,1.545355089109313873e+01
1.450000000000000000e+02,2.939700000000000202e+01,2.190312487903563810e+00,2.551146249781900721e+01,2.800085429420971295e+01,2.831529521970027830e+01,2.781578253367240094e+01,1.542463417826387584e+01
1.460000000000000000e+02,2.940520000000000067e+01,2.189176802688613144e+00,2.551761879716934089e+01,2.800089365813267861e+01,2.831831488570277244e+01,2.780961293215706220e+01,1.539589976012316086e+01
1.470000000000000000e+02,2.941339999999999932e+01,2.188045656911580483e+00,2.552377269605557686e+01,2.800093436924635881e+01,2.832133806533193265e+01,2.780332006356350050e+01,1.536734575722613627e+01
1.480000000000000000e+02,2.942160000000000153e+01,2.186919003904485681e+00,2.552992419629237730e+01,2.800097645666416923e+01,2.832436486686110300e+01,2.779690358315601273e+01,1.533897031552430335e+01
1.490000000000000000e+02,2.942980000000000018e+01,2.185796797790083623e+00,2.553607329969225859e+01,2.800101994969865160e+01,2.832739539022628605e+01,2.779036317627992503e+01,1.531077160637377865e+01
1.500000000000000000e+02,2.943800000000000239e+01,2.184678993458371465e+00,2.554222000806578663e+01,2.800106487785590659e+01,2.833042972780746283e+01,2.778369855779704523e+01,1.528274782657091890e+01
1.510000000000000000e+02,2.944620000000000104e+01,2.183565546551652137e+00,2.554836432322140283e+01,2.800111127082999474e+01,2.833346796511386856e+01,2.777690947168693114e+01,1.525489719822456891e+01
1.520000000000000000e+02,2.945439999999999969e+01,2.182456413447420918e+00,2.555450624696555906e+01,2.800115915849730541e+01,2.833651018138802513e+01,2.776999569059250206e+01,1.522721796860743027e+01
1.530000000000000000e+02,2.946260000000000190e+01,2.181351551241208497e+00,2.556064578110262175e+01,2.800120857091086890e+01,2.833955645014193792e+01,2.776295701534867533e+01,1.519970840996944439e+01
1.540000000000000000e+02,2.947080000000000055e+01,2.180250917729734450e+00,2.556678292743494296e+01,2.800125953829459746e+01,2.834260683963543670e+01,2.775579327449846900e+01,1.517236681931295372e+01
1.550000000000000000e+02,2.947899999999999920e+01,2.179154471394932013e+00,2.557291768776283192e+01,2.800131209103745178e+01,2.834566141330380873e+01,2.774850432381105492e+01,1.514519151813017572e+01
1.560000000000000000e+02,2.948720000000000141e+01,2.178062171388698509e+00,2.557905006388456925e+01,2.800136625968746884e+01,2.834872023014098019e+01,2.774109004580297011e+01,1.511818085211344709e+01
1.570000000000000000e+02,2.949540000000000006e+01,2.176973977518003256e+00,2.558518005759636083e+01,2.800142207494584312e+01,2.835178334504396958e+01,2.773355034925584306e+01,1.509133319084913261e+01
1.580000000000000000e+02,2.950360000000000227e+01,2.175889850230265488e+00,2.559130767069248691e+01,2.800147956766085855e+01,2.835485080912348010e+01,2.772588516872903952e+01,1.506464692749900536e+01
1.590000000000000000e+02,2.951180000000000092e+01,2.174809750599104419e+00,2.559743290496508905e+01,2.800153876882165349e+01,2.835792266998496913e+01,2.771809446406947686e+01,1.503812047846971822e+01
1.600000000000000000e+02,2.951999999999999957e+01,2.173733640310575144e+00,2.560355576220434060e+01,2.800159970955194311e+01,2.836099897198345587e+01,2.771017821992113284e+01,1.501175228307156040e+01
1.610000000000000000e+02,2.952820000000000178e+01,2.172661481649822868e+00,2.560967624419841471e+01,2.800166242110362091e+01,2.836407975645428792e+01,2.770213644523481022e+01,1.498554080317028969e+01
1.620000000000000000e+02,2.953640000000000043e+01,2.171593237488101735e+00,2.561579435273344529e+01,2.800172693485045272e+01,2.836716506191714871e+01,2.769396917277830283e+01,1.495948452283547958e+01
1.630000000000000000e+02,2.954459999999999908e+01,2.170528871270106297e+00,2.562191008959356253e+01,2.800179328228102094e+01,2.837025492428273665e+01,2.768567645864573734e+01,1.493358194798626748e+01
1.640000000000000000e+02,2.955280000000000129e+01,2.169468347001670683e+00,2.562802345656087155e+01,2.800186149499166177e+01,2.837334937703405657e+01,2.767725838176832553e+01,1.490783160603635515e+01
1.650000000000000000e+02,2.956099999999999994e+01,2.168411629237802618e+00,2.563413445541552704e+01,2.800193160467990694e+01,2.837644845137273109e+01,2.766871504342583066e+01,1.488223204553798951e+01
1.660000000000000000e+02,2.956920000000000215e+01,2.167358683071046066e+00,2.564024308793555562e+01,2.800200364313747059e+01,2.837955217636250538e+01,2.766004656676010143e+01,1.485678183582725964e+01
1.670000000000000000e+02,2.957740000000000080e+01,2.166309474120170275e+00,2.564634935589714360e+01,2.800207764224287388e+01,2.838266057907078732e+01,2.765125309629044992e+01,1.483147956667095002e+01
1.680000000000000000e+02,2.958559999999999945e+01,2.165263968519146598e+00,2.565245326107436696e+01,2.800215363395386348e+01,2.838577368469961471e+01,2.764233479743161936e+01,1.480632384791640810e+01
1.690000000000000000e+02,2.959380000000000166e+01,2.164222132906416629e+00,2.565855480523937615e+01,2.800223165029986561e+01,2.838889151670118949e+01,2.763329185601439164e+01,1.478131330914419017e+01
1.700000000000000000e+02,2.960200000000000031e+01,2.163183934414464105e+00,2.566465399016223969e+01,2.800231172337409546e+01,2.839201409688223521e+01,2.762412447780858216e+01,1.475644659932443759e+01
1.710000000000000000e+02,2.961020000000000252e+01,2.162149340659641705e+00,2.567075081761116095e+01,2.800239388532580520e+01,2.839514144550217978e+01,2.761483288804959813e+01,1.473172238647728882e+01
1.720000000000000000e+02,2.961840000000000117e+01,2.161118319732278081e+00,2.567684528935222943e+01,2.800247816835221570e+01,2.839827358136614066e+01,2.760541733096905048e+01,1.470713935733756017e+01
1.730000000000000000e+02,2.962659999999999982e+01,2.160090840187042893e+00,2.568293740714970141e+01,2.800256460469032049e+01,2.840141052191109594e+01,2.759587806932883325e+01,1.468269621702408401e+01
1.740000000000000000e+02,2.963480000000000203e+01,2.159066871033553436e+00,2.568902717276569447e+01,2.800265322660848000e+01,2.840455228328492154e+01,2.758621538395889061e+01,1.465839168871394449e+01
1.750000000000000000e+02,2.964300000000000068e+01,2.158046381727232621e+00,2.569511458796044678e+01,2.800274406639808333e+01,2.840769888041964109e+01,2.757642957329956346e+01,1.463422451332175811e+01
1.760000000000000000e+02,2.965119999999999933e+01,2.157029342160392105e+00,2.570119965449219990e+01,2.800283715636506798e+01,2.841085032710000036e+01,2.756652095294838389e+01,1.461019344918398311e+01
1.770000000000000000e+02,2.965940000000000154e+01,2.156015722653554789e+00,2.570728237411726980e+01,2.800293252882124406e+01,2.841400663602780341e+01,2.755648985521163397e+01,1.458629727174882440e+01
1.780000000000000000e+02,2.966760000000000019e+01,2.155005493946990480e+00,2.571336274858988702e+01,2.800303021607571807e+01,2.841716781888185039e+01,2.754633662866034882e+01,1.456253477327105195e+01
1.790000000000000000e+02,2.967580000000000240e+01,2.153998627192463378e+00,2.571944077966248088e+01,2.800313025042612125e+01,2.842033388637378621e+01,2.753606163769158854e+01,1.453890476251244657e+01
1.800000000000000000e+02,2.968400000000000105e+01,2.152995093945167415e+00,2.572551646908534195e+01,2.800323266414994805e+01,2.842350423187073361e+01,2.752566526209422904e+01,1.451540497698439047e+01
1.810000000000000000e+02,2.968988333333333429e+01,2.151994913619053040e+00,2.573210659142905499e+01,2.800333748949567791e+01,2.842663229682663228e+01,2.751514789662250493e+01,1.449198869907493403e+01
1.820000000000000000e+02,2.969576666666666753e+01,2.150997971113171037e+00,2.573869396087355454e+01,2.800344475867400362e+01,2.842972426301525957e+01,2.750450995057155268e+01,1.446866067082479823e+01
1.830000000000000000e+02,2.970165000000000077e+01,2.150004279446181776e+00,2.574527857964744371e+01,2.800355450384859779e+01,2.843279535651481638e+01,2.749375184735965050e+01,1.444543479553363241e+01
1.840000000000000000e+02,2.970753333333333401e+01,2.149013815975904684e+00,2.575186044997657930e+01,2.800366675712947639e+01,2.843585085018321479e+01,2.748287402442618443e+01,1.442231533806858046e+01
1.850000000000000000e+02,2.971341666666666725e+01,2.148026551556599717e+00,2.575843957408417850e+01,2.800378155055660301e+01,2.843889361261801341e+01,2.747187693215752091e+01,1.439930401963644968e+01
1.860000000000000000e+02,2.971930000000000049e+01,2.147042462913542504e+00,2.576501595419074064e+01,2.800389891610640802e+01,2.844192573971300320e+01,2.746076103359668608e+01,1.437640176905653711e+01
1.870000000000000000e+02,2.972518333333333374e+01,2.146061522291501156e+00,2.577158959251404013e+01,2.800401888567468589e+01,2.844494872057816792e+01,2.744952680536059120e+01,1.435360901801123212e+01
1.880000000000000000e+02,2.973106666666666698e+01,2.145083702903483935e+00,2.577816049126920106e+01,2.800414149106611816e+01,2.844796366413824984e+01,2.743817473488732261e+01,1.433092580241060965e+01
1.890000000000000000e+02,2.973695000000000022e+01,2.144108979227897116e+00,2.578472865266867586e+01,2.800426676398742742e+01,2.845097146685028378e+01,2.742670532145471185e+01,1.430835199977529726e+01
1.900000000000000000e+02,2.974283333333333346e+01,2.143137326475939464e+00,2.579129407892219561e+01,2.800439473604032870e+01,2.845397288605377994e+01,2.741511907615193522e+01,1.428588733024445645e+01
1.910000000000000000e+02,2.974871666666666670e+01,2.142168720197060949e+00,2.579785677223689433e+01,2.800452543871382005e+01,2.845696856787308704e+01,2.740341652118655702e+01,1.426353140525734631e+01
1.920000000000000000e+02,2.975459999999999994e+01,2.141203136177268984e+00,2.580441673481715270e+01,2.800465890337854447e+01,2.845995906668359154e+01,2.739159818933685031e+01,1.424128376544936536e+01
1.930000000000000000e+02,2.976048333333333318e+01,2.140240550511384843e+00,2.581097396886475082e+01,2.800479516127542468e+01,2.846294485873938029e+01,2.737966462358936681e+01,1.421914389762102893e+01
1.940000000000000000e+02,2.976636666666666642e+01,2.139280939572669293e+00,2.581752847657877226e+01,2.800493424351376603e+01,2.846592636662595055e+01,2.736761637646360157e+01,1.419711124621298914e+01
1.950000000000000000e+02,2.977224999999999966e+01,2.138324280089621610e+00,2.582408026015567870e+01,2.800507618105092789e+01,2.846890396215687957e+01,2.735545401094137574e+01,1.417518521672389831e+01
1.960000000000000000e+02,2.977813333333333290e+01,2.137370549099322670e+00,2.583062932178926374e+01,2.800522100469565601e+01,2.847187798035346518e+01,2.734317809804916877e+01,1.415336519370784885e+01
1.970000000000000000e+02,2.978401666666666614e+01,2.136419723926627157e+00,2.583717566367065643e+01,2.800536874510301288e+01,2.847484872503149234e+01,2.733078921878857415e+01,1.413165053794014270e+01
1.980000000000000000e+02,2.978989999999999938e+01,2.135471782180585087e+00,2.584371928798836393e+01,2.800551943276616385e+01,2.847781647222181078e+01,2.731828796261191528e+01,1.411004059564177737e+01
1.990000000000000000e+02,2.979578333333333262e+01,2.134526701755919298e+00,2.585026019692825017e+01,2.800567309800858240e+01,2.848078147355436585e+01,2.730567492697634790e+01,1.408853470210416248e+01
2.000000000000000000e+02,2.980166666666666586e+01,2.133584460830067364e+00,2.585679839267358915e+01,2.800582977097789339e+01,2.848374395970910200e+01,2.729295071718187060e+01,1.406713218386830810e+01
2.010000000000000000e+02,2.980754999999999910e+01,2.132645037856496284e+00,2.586333387740492640e+01,2.800598948164054747e+01,2.848670414332577394e+01,2.728011594619674796e+01,1.404583236071387908e+01
2.020000000000000000e+02,2.981343333333333234e+01,2.131708411558193017e+00,2.586986665330029211e+01,2.800615225977648848e+01,2.848966222119740621e+01,2.726717123436252166e+01,1.402463454771951312e+01
2.030000000000000000e+02,2.981931666666666558e+01,2.130774560922749306e+00,2.587639672253500578e+01,2.800631813497372491e+01,2.849261837599366842e+01,2.725411720905311341e+01,1.400353805706847510e+01
2.040000000000000000e+02,2.982519999999999882e+01,2.129843465198169028e+00,2.588292408728183602e+01,2.800648713662313938e+01,2.849557277775527453e+01,2.724095450436306010e+01,1.398254219942362298e+01
2.050000000000000000e+02,2.983108333333333206e+01,2.128915103888513016e+00,2.588944874971086563e+01,2.800665929391363207e+01,2.849852558522784562e+01,2.722768376083035236e+01,1.396164628498333293e+01
2.060000000000000000e+02,2.983696666666666530e+01,2.127989456749324937e+00,2.589597071198969047e+01,2.800683463582750576e+01,2.850147694701918866e+01,2.721430562516783880e+01,1.394084962438025777e+01
2.070000000000000000e+02,2.984284999999999854e+01,2.127066503783251683e+00,2.590248997628315664e+01,2.800701319113616705e+01,2.850442700258154716e+01,2.720082074999134747e+01,1.392015152948051870e+01
2.080000000000000000e+02,2.984873333333333179e+01,2.126146225235340470e+00,2.590900654475363396e+01,2.800719498839598387e+01,2.850737588305293002e+01,2.718722979354846458e+01,1.389955131407019095e+01
2.090000000000000000e+02,2.985461666666666503e+01,2.125228601589810751e+00,2.591552041956082064e+01,2.800738005594438107e+01,2.851032371199421434e+01,2.717353341945431566e+01,1.387904829442383026e+01
2.100000000000000000e+02,2.986050000000000182e+01,2.124313613564883685e+00,2.592203160286182495e+01,2.800756842189617402e+01,2.851327060604292285e+01,2.715973229643543263e+01,1.385864178977727690e+01
2.110000000000000000e+02,2.986638333333333506e+01,2.123401242109371090e+00,2.592854009681119720e+01,2.800776011414012245e+01,2.851621667549245487e+01,2.714582709807953265e+01,1.383833112273095978e+01
2.120000000000000000e+02,2.987226666666666830e+01,2.122491468398906012e+00,2.593504590356093686e+01,2.800795516033577925e+01,2.851916202480413531e+01,2.713181850259016770e+01,1.381811561959631618e+01
2.130000000000000000e+02,2.987815000000000154e+01,2.121584273832134215e+00,2.594154902526036111e+01,2.800815358791037823e+01,2.852210675306174537e+01,2.711770719254648299e+01,1.379799461069097433e+01
2.140000000000000000e+02,2.988403333333333478e+01,2.120679640026919444e+00,2.594804946405634993e+01,2.800835542405596712e+01,2.852505095437784277e+01,2.710349385467488759e+01,1.377796743058129714e+01
2.150000000000000000e+02,2.988991666666666802e+01,2.119777548816676571e+00,2.595454722209305487e+01,2.800856069572686735e+01,2.852799471825903410e+01,2.708917917959911392e+01,1.375803341831552551e+01
2.160000000000000000e+02,2.989580000000000126e+01,2.118877982246865521e+00,2.596104230151217607e+01,2.800876942963720140e+01,2.853093812993499867e+01,2.707476386165454940e+01,1.373819191755984903e+01
2.170000000000000000e+02,2.990168333333333450e+01,2.117980922571562008e+00,2.596753470445281309e+01,2.800898165225853731e+01,2.853388127065542790e+01,2.706024859861434351e+01,1.371844227680188411e+01
2.180000000000000000e+02,2.990756666666666774e+01,2.117086352250065140e+00,2.597402443305155373e+01,2.800919738981766471e+01,2.853682421795879520e+01,2.704563409150921061e+01,1.369878384943933902e+01
2.190000000000000000e+02,2.991345000000000098e+01,2.116194253943559644e+00,2.598051148944232480e+01,2.800941666829460885e+01,2.853976704591641322e+01,2.703092104442135835e+01,1.367921599388100340e+01
2.200000000000000000e+02,2.991933333333333422e+01,2.115304610511864247e+00,2.598699587575656977e+01,2.800963951342066238e+01,2.854270982535486567e+01,2.701611016427648693e+01,1.365973807363640269e+01
2.210000000000000000e+02,2.992521666666666746e+01,2.114417405010262208e+00,2.599347759412321679e+01,2.800986595067645268e+01,2.854565262405909465e+01,2.700120216063863055e+01,1.364034945738929672e+01
2.220000000000000000e+02,2.993110000000000070e+01,2.113532620686391361e+00,2.599995664666863249e+01,2.801009600529017973e+01,2.854859550695827508e+01,2.698619774551442063e+01,1.362104951905103789e+01
2.230000000000000000e+02,2.993698333333333395e+01,2.112650240977192340e+00,2.600648420393542892e+01,2.801032970223593921e+01,2.855153853629612470e+01,2.697109763316488440e+01,1.360183763779855148e+01
2.240000000000000000e+02,2.994286666666666719e+01,2.111770249505927399e+00,2.601300942328864707e+01,2.801056706623202075e+01,2.855448177178753255e+01,2.695590253992092755e+01,1.358271319810279287e+01
2.250000000000000000e+02,2.994875000000000043e+01,2.110892630079251653e+00,2.601953196203108476e+01,2.801080812173918488e+01,2.855742527076288795e+01,2.694061318400156679e+01,1.356367558974996435e+01
2.260000000000000000e+02,2.995463333333333367e+01,2.110017366684343365e+00,2.602605182229579484e+01,2.801105289295898615e+01,2.856036908830126464e+01,2.692523028533545570e+01,1.354472420785425335e+01
2.270000000000000000e+02,2.996051666666666691e+01,2.109144443486105303e+00,2.603256900621329706e+01,2.801130140383217437e+01,2.856331327735173531e+01,2.690975456538783916e+01,1.352585845286165345e+01
2.280000000000000000e+02,2.996640000000000015e+01,2.108273844824415377e+00,2.603908351591155323e+01,2.801155367803707108e+01,2.856625788885020256e+01,2.689418674699282619e+01,1.350707773054663186e+01
2.290000000000000000e+02,2.997228333333333339e+01,2.107405555211419479e+00,2.604559535351602761e+01,2.801180973898785709e+01,2.856920297182053048e+01,2.687852755418876782e+01,1.348838145200341465e+01
2.300000000000000000e+02,2.997816666666666663e+01,2.106539559328902911e+00,2.605210452114958031e+01,2.801206960983274641e+01,2.857214857348685300e+01,2.686277771205751108e+01,1.346976903363279909e+01
2.310000000000000000e+02,2.998404999999999987e+01,2.105675842025690248e+00,2.605861102093263781e+01,2.801233331345247279e+01,2.857509473935228073e+01,2.684693794656765675e+01,1.345123989712411472e+01
2.320000000000000000e+02,2.998993333333333311e+01,2.104814388315110918e+00,2.606511485498306868e+01,2.801260087245849917e+01,2.857804151328235420e+01,2.683100898442194904e+01,1.343279346943302954e+01
2.330000000000000000e+02,2.999581666666666635e+01,2.103955183372509197e+00,2.607161602541613377e+01,2.801287230919125548e+01,2.858098893758732828e+01,2.681499155290832448e+01,1.341442918275560281e+01
2.340000000000000000e+02,3.000169999999999959e+01,2.103098212532803490e+00,2.607811453434473137e+01,2.801314764571834104e+01,2.858393705309929800e+01,2.679888637975498256e+01,1.339614647449953999e+01
2.350000000000000000e+02,3.000758333333333283e+01,2.102243461288092252e+00,2.608461038387918762e+01,2.801342690383267708e+01,2.858688589924178203e+01,2.678269419298871057e+01,1.337794478725279212e+01
2.360000000000000000e+02,3.001346666666666607e+01,2.101390915285310967e+00,2.609110357612726361e+01,2.801371010505072690e+01,2.858983551409362889e+01,2.676641572079697440e+01,1.335982356874964694e+01
2.370000000000000000e+02,3.001934999999999931e+01,2.100540560323922890e+00,2.609759411319428679e+01,2.801399727061063416e+01,2.859278593444958005e+01,2.675005169139409134e+01,1.334178227183472032e+01
2.380000000000000000e+02,3.002523333333333255e+01,2.099692382353663067e+00,2.610408199718304445e+01,2.801428842147040044e+01,2.859573719587823604e+01,2.673360283288998573e+01,1.332382035442512169e+01
2.390000000000000000e+02,3.003111666666666579e+01,2.098846367472329000e+00,2.611056723019389381e+01,2.801458357830605905e+01,2.859868933277662251e+01,2.671706987316296633e+01,1.330593727947116989e+01
2.400000000000000000e+02,3.003699999999999903e+01,2.098002501923596608e+00,2.611704981432464834e+01,2.801488276150978507e+01,2.860164291479826204e+01,2.670045353973543811e+01,1.328813311136572928e+01
2.410000000000000000e+02,3.005028333333333279e+01,2.097160787380960567e+00,2.612213234189270494e+01,2.801518599118813668e+01,2.860475073671568325e+01,2.668375455965449561e+01,1.327056105119783247e+01
2.420000000000000000e+02,3.006356666666666655e+01,2.096321149675085316e+00,2.612721324230626507e+01,2.801549328715904608e+01,2.860798964463412375e+01,2.666697365937176656e+01,1.325319473335111731e+01
2.430000000000000000e+02,3.007685000000000031e+01,2.095483610407364417e+00,2.613229251657425323e+01,2.801580466895269339e+01,2.861131149578591959e+01,2.665011156462101738e+01,1.323598677223491649e+01
2.440000000000000000e+02,3.009013333333333406e+01,2.094648160292575945e+00,2.613737016570468796e+01,2.801612015579191706e+01,2.861470037493577223e+01,2.663316900032348755e+01,1.321892039454841772e+01
2.450000000000000000e+02,3.010341666666666427e+01,2.093814786874701461e+00,2.614244619070456821e+01,2.801643976663636337e+01,2.861814639105454106e+01,2.661614669050066340e+01,1.320198546950930840e+01
2.460000000000000000e+02,3.011669999999999803e+01,2.092983479309366679e+00,2.614752059258007932e+01,2.801676352014770544e+01,2.862164313695560836e+01,2.659904535812302129e+01,1.318517534207484232e+01
2.470000000000000000e+02,3.012998333333333179e+01,2.092154224597065237e+00,2.615259337233640480e+01,2.801709143466359109e+01,2.862518620319017160e+01,2.658186572503770506e+01,1.316848491629425943e+01
2.480000000000000000e+02,3.014326666666666554e+01,2.091327009834196282e+00,2.615766453097773692e+01,2.801742352825410265e+01,2.862877194403528236e+01,2.656460851184316141e+01,1.315191009138982103e+01
2.490000000000000000e+02,3.015654999999999930e+01,2.090501822587238934e+00,2.616273406950745795e+01,2.801775981868714993e+01,2.863239741917211845e+01,2.654727443781197849e+01,1.313544738871423334e+01
2.500000000000000000e+02,3.016983333333333306e+01,2.089678650721867648e+00,2.616780198892792342e+01,2.801810032343578527e+01,2.863606022560811937e+01,2.652986422080117990e+01,1.311909390584484925e+01
2.510000000000000000e+02,3.018311666666666682e+01,2.088857482215821015e+00,2.617286829024060779e+01,2.801844505964344734e+01,2.863975840681969132e+01,2.651237857715723578e+01,1.310284717632883122e+01
2.520000000000000000e+02,3.019640000000000057e+01,2.088038305103096626e+00,2.617793297444609024e+01,2.801879404419090847e+01,2.864349021108798965e+01,2.649481822163012978e+01,1.308670500450823049e+01
2.530000000000000000e+02,3.020968333333333078e+01,2.087221107497507333e+00,2.618299604254389124e+01,2.801914729362313849e+01,2.864725414704107109e+01,2.647718386728628204e+01,1.307066539900726632e+01
2.540000000000000000e+02,3.022296666666666454e+01,2.086405877602570680e+00,2.618805749553278162e+01,2.801950482418500599e+01,2.865104889667792065e+01,2.645947622542649569e+01,1.305472654873861238e+01
2.550000000000000000e+02,3.023624999999999829e+01,2.085592603737589812e+00,2.619311733441049839e+01,2.801986665182441882e+01,2.865487328485232510e+01,2.644169600550731758e+01,1.303888680173759163e+01
2.560000000000000000e+02,3.024953333333333205e+01,2.084781274330324674e+00,2.619817556017382287e+01,2.802023279218748542e+01,2.865872625778100868e+01,2.642384391506445240e+01,1.302314463642476206e+01
2.570000000000000000e+02,3.026281666666666581e+01,2.083971877910571369e+00,2.620323217381874770e+01,2.802060326061420525e+01,2.866260686519627399e+01,2.640592065963847546e+01,1.300749863639845749e+01
2.580000000000000000e+02,3.027609999999999957e+01,2.083164403109218021e+00,2.620828717634021388e+01,2.802097807213782232e+01,2.866651424478777699e+01,2.638792694270270900e+01,1.299194747453970322e+01
2.590000000000000000e+02,3.028938333333333333e+01,2.082358838660228528e+00,2.621334056873231333e+01,2.802135724148591933e+01,2.867044760913588064e+01,2.636986346559383776e+01,1.297648990253806645e+01
2.600000000000000000e+02,3.030266666666666708e+01,2.081555173401540060e+00,2.621839235198817875e+01,2.802174078308112470e+01,2.867440623525464005e+01,2.635173092744485857e+01,1.296112474159317252e+01
2.610000000000000000e+02,3.031595000000000084e+01,2.080753396274213518e+00,2.622344252710006884e+01,2.802212871104104863e+01,2.867838945638052195e+01,2.633353002512047780e+01,1.294585087369893905e+01
2.620000000000000000e+02,3.032923333333333105e+01,2.079953496321087947e+00,2.622849109505930443e+01,2.802252103917820492e+01,2.868239665530960636e+01,2.631526145315452681e+01,1.293066723435244825e+01
2.630000000000000000e+02,3.034251666666666480e+01,2.079155462685771116e+00,2.623353805685627549e+01,2.802291778100044439e+01,2.868642725870230237e+01,2.629692590369009508e+01,1.291557280680824604e+01
2.640000000000000000e+02,3.035579999999999856e+01,2.078359284611875690e+00,2.623858341348048739e+01,2.802331894971173298e+01,2.869048073213854977e+01,2.627852406642131555e+01,1.290056661734616483e+01
2.650000000000000000e+02,3.036908333333333232e+01,2.077564951442190111e+00,2.624362716592050049e+01,2.802372455821283026e+01,2.869455657590360786e+01,2.626005662853735600e+01,1.288564773113656692e+01
2.660000000000000000e+02,3.038236666666666608e+01,2.076772452617686060e+00,2.624866931516401181e+01,2.802413461910213144e+01,2.869865432143638628e+01,2.624152427466894721e+01,1.287081524860823123e+01
2.670000000000000000e+02,3.039564999999999984e+01,2.075981777676455753e+00,2.625370986219773428e+01,2.802454914467681846e+01,2.870277352829189255e+01,2.622292768683670872e+01,1.285606830231728281e+01
2.680000000000000000e+02,3.040893333333333359e+01,2.075192916252647457e+00,2.625874880800753175e+01,2.802496814693386185e+01,2.870691378148689310e+01,2.620426754440116568e+01,1.284140605425350579e+01
2.690000000000000000e+02,3.042221666666666735e+01,2.074405858075428100e+00,2.626378615357834434e+01,2.802539163757135654e+01,2.871107468916359196e+01,2.618554452401522781e+01,1.282682769349619534e+01
2.700000000000000000e+02,3.043549999999999756e+01,2.073620592967934328e+00,2.626882189989418848e+01,2.802581962799003534e+01,2.871525588053966871e+01,2.616675929957813196e+01,1.281233243409931255e+01
2.710000000000000000e+02,3.044878333333333131e+01,2.072837110846225794e+00,2.627385604793819596e+01,2.802625212929487475e+01,2.871945700410994817e+01,2.614791254219467476e+01,1.279791951339538159e+01
2.720000000000000000e+02,3.046206666666666507e+01,2.072055401718158496e+00,2.627888859869258553e+01,2.802668915229688196e+01,2.872367772605747760e+01,2.612900492012752451e+01,1.278358819011476122e+01
2.730000000000000000e+02,3.047534999999999883e+01,2.071275455682479283e+00,2.628391955313867001e+01,2.802713070751502045e+01,2.872791772883858386e+01,2.611003709875809875e+01,1.276933774298120916e+01
2.740000000000000000e+02,3.048863333333333259e+01,2.070497262927554871e+00,2.628894891225682784e+01,2.802757680517834871e+01,2.873217670991812156e+01,2.609100974055068889e+01,1.275516746951717195e+01
2.750000000000000000e+02,3.050191666666666634e+01,2.069720813730398845e+00,2.629397667702662744e+01,2.802802745522842187e+01,2.873645438066844093e+01,2.607192350501662048e+01,1.274107668490137613e+01
2.760000000000000000e+02,3.051520000000000010e+01,2.068946098455679117e+00,2.629900284842661051e+01,2.802848266732204863e+01,2.874075046524974297e+01,2.605277904867869054e+01,1.272706472085614138e+01
2.770000000000000000e+02,3.052848333333333386e+01,2.068173107554687196e+00,2.630402742743454070e+01,2.802894245083376035e+01,2.874506469988459401e+01,2.603357702503717519e+01,1.271313092464689198e+01
2.780000000000000000e+02,3.054176666666666762e+01,2.067401831564287473e+00,2.630905041502717268e+01,2.802940681485965868e+01,2.874939683177355931e+01,2.601431808453859063e+01,1.269927465822152435e+01
2.790000000000000000e+02,3.055504999999999782e+01,2.066632261105888269e+00,2.631407181218045821e+01,2.802987576822056326e+01,2.875374661850815983e+01,2.599500287454696235e+01,1.268549529744352711e+01
2.800000000000000000e+02,3.056833333333333158e+01,2.065864386884435966e+00,2.631909161986938628e+01,2.803034931946584862e+01,2.875811382740094402e+01,2.597563203931611753e+01,1.267179223137450350e+01
2.810000000000000000e+02,3.058161666666666534e+01,2.065098199687439351e+00,2.632410983906806479e+01,2.803082747687770393e+01,2.876249823484226908e+01,2.595620621996379995e+01,1.265816486160170484e+01
2.820000000000000000e+02,3.059489999999999910e+01,2.064333690383979292e+00,2.632912647074976320e+01,2.803131024847597175e+01,2.876689962570574721e+01,2.593672605444743695e+01,1.264461260162353362e+01
2.830000000000000000e+02,3.060818333333333285e+01,2.063570849923740180e+00,2.633414151588680951e+01,2.803179764202324264e+01,2.877131779282748880e+01,2.591719217754156546e+01,1.263113487629322940e+01
2.840000000000000000e+02,3.062146666666666661e+01,2.062809669336047147e+00,2.633915497545057605e+01,2.803228966503039388e+01,2.877575253654250176e+01,2.589760522081739680e+01,1.261773112130801699e+01
2.850000000000000000e+02,3.063475000000000037e+01,2.062050139728918374e+00,2.634416685041167483e+01,2.803278632476281373e+01,2.878020366425231202e+01,2.587796581262390561e+01,1.260440078273312814e+01
2.860000000000000000e+02,3.064803333333333413e+01,2.061292252288130733e+00,2.634917714173975511e+01,2.803328762824695275e+01,2.878467099001745666e+01,2.585827457807092244e+01,1.259114331655830199e+01
2.870000000000000000e+02,3.066131666666666433e+01,2.060535998276302294e+00,2.635418585040356376e+01,2.803379358227746820e+01,2.878915433418068304e+01,2.583853213901338108e+01,1.257795818828664558e+01
2.880000000000000000e+02,3.067459999999999809e+01,2.059781369031977505e+00,2.635919297737100209e+01,2.803430419342497970e+01,2.879365352302330905e+01,2.581873911403760857e+01,1.256484487255421634e+01
2.890000000000000000e+02,3.068788333333333185e+01,2.059028355968727464e+00,2.636419852360906901e+01,2.803481946804419778e+01,2.879816838844952898e+01,2.579889611844930997e+01,1.255180285277591246e+01
2.900000000000000000e+02,3.070116666666666561e+01,2.058276950574263964e+00,2.636920249008385753e+01,2.803533941228272752e+01,2.880269876769196102e+01,2.577900376426304874e+01,1.253883162081396385e+01
2.910000000000000000e+02,3.071444999999999936e+01,2.057527144409570852e+00,2.637420487776058309e+01,2.803586403209028788e+01,2.880724450303666018e+01,2.575906266019326907e+01,1.252593067666757243e+01
2.920000000000000000e+02,3.072773333333333312e+01,2.056778929108035392e+00,2.637920568760359075e+01,2.803639333322858818e+01,2.881180544156715584e+01,2.573907341164693818e+01,1.251309952818243865e+01
2.930000000000000000e+02,3.074101666666666688e+01,2.056032296374601387e+00,2.638420492057638356e+01,2.803692732128138942e+01,2.881638143492709858e+01,2.571903662071788332e+01,1.250033769077867696e+01
2.940000000000000000e+02,3.075430000000000064e+01,2.055287237984926296e+00,2.638920257764149824e+01,2.803746600166536140e+01,2.882097233909922807e+01,2.569895288618249651e+01,1.248764468719491916e+01
2.950000000000000000e+02,3.076758333333333439e+01,2.054543745784560560e+00,2.639419865976062596e+01,2.803800937964113160e+01,2.882557801419851984e+01,2.567882280349656554e+01,1.247502004724766600e+01
2.960000000000000000e+02,3.078086666666666460e+01,2.053801811688127366e+00,2.639919316789461590e+01,2.803855746032492036e+01,2.883019832427856244e+01,2.565864696479346563e+01,1.246246330760433629e+01
2.970000000000000000e+02,3.079414999999999836e+01,2.053061427678524176e+00,2.640418610300341129e+01,2.803911024870047797e+01,2.883483313715024465e+01,2.563842595888387166e+01,1.244997401156918571e+01
2.980000000000000000e+02,3.080743333333333211e+01,2.052322585806122479e+00,2.640917746604604943e+01,2.803966774963105379e+01,2.883948232421195357e+01,2.561816037125680268e+01,1.243755170888105255e+01
2.990000000000000000e+02,3.082071666666666587e+01,2.051585278187991079e+00,2.641416725798070075e+01,2.804022996787218602e+01,2.884414576029024602e+01,2.559785078408146575e+01,1.242519595552206724e+01
3.000000000000000000e+02,3.083399999999999963e+01,2.050849497007129596e+00,2.641915547976474343e+01,2.804079690808426406e+01,2.884882275853478717e+01,2.557749777621031129e+01,1.241290526622506007e+01
3.010000000000000000e+02,3.084165000000000134e+01,2.050115261175918135e+00,2.642439142380984762e+01,2.804136857484551015e+01,2.885339758104231223e+01,2.555710192318290197e+01,1.240056302642382491e+01
3.020000000000000000e+02,3.084929999999999950e+01,2.049382515148503447e+00,2.642962563892448102e+01,2.804194497266496100e+01,2.885788680411567597e+01,2.553666379722127999e+01,1.238818802176580292e+01
3.030000000000000000e+02,3.085695000000000121e+01,2.048651272401193602e+00,2.643485812621377562e+01,2.804252610599577622e+01,2.886232739397185298e+01,2.551618396724078508e+01,1.237581542989108030e+01
3.040000000000000000e+02,3.086459999999999937e+01,2.047921526796406155e+00,2.644008888678176561e+01,2.804311197924765509e+01,2.886673155259067158e+01,2.549566299881728426e+01,1.236345731661540448e+01
3.050000000000000000e+02,3.087225000000000108e+01,2.047193270684633859e+00,2.644531792173141227e+01,2.804370259680347743e+01,2.887110646474998532e+01,2.547510145429803075e+01,1.235112048567398269e+01
3.060000000000000000e+02,3.087989999999999924e+01,2.046466497246330896e+00,2.645054523216469278e+01,2.804429796303057287e+01,2.887545708296542912e+01,2.545449989286387904e+01,1.233880945508491322e+01
3.070000000000000000e+02,3.088755000000000095e+01,2.045741198692717422e+00,2.645577081918247231e+01,2.804489808229068615e+01,2.887978677607302558e+01,2.543385887012059499e+01,1.232652731215118891e+01
3.080000000000000000e+02,3.089519999999999911e+01,2.045017367248886053e+00,2.646099468388451825e+01,2.804550295895503709e+01,2.888409808823857006e+01,2.541317893870768430e+01,1.231427642921373078e+01
3.090000000000000000e+02,3.090285000000000082e+01,2.044294995446492624e+00,2.646621682736970271e+01,2.804611259741758289e+01,2.888839314453108287e+01,2.539246064801302083e+01,1.230205865650348152e+01
3.100000000000000000e+02,3.091049999999999898e+01,2.043574076045017840e+00,2.647143725073568987e+01,2.804672700210793224e+01,2.889267371337496471e+01,2.537170454421836752e+01,1.228987544490988526e+01
3.110000000000000000e+02,3.091815000000000069e+01,2.042854601901386236e+00,2.647665595507915270e+01,2.804734617750177250e+01,2.889694127359750908e+01,2.535091116990277982e+01,1.227772791321895873e+01
3.120000000000000000e+02,3.092579999999999885e+01,2.042136565916063518e+00,2.648187294149576232e+01,2.804797012813814305e+01,2.890119704259438649e+01,2.533008106491610079e+01,1.226561703481945642e+01
3.130000000000000000e+02,3.093345000000000056e+01,2.041419961034133035e+00,2.648708821108005296e+01,2.804859885862173741e+01,2.890544210376270939e+01,2.530921476552239824e+01,1.225354358824532675e+01
3.140000000000000000e+02,3.094109999999999872e+01,2.040704780256988204e+00,2.649230176492561384e+01,2.804923237364724287e+01,2.890967738262961007e+01,2.528831280482125621e+01,1.224150822300861563e+01
3.150000000000000000e+02,3.094875000000000043e+01,2.039991016646759636e+00,2.649751360412490087e+01,2.804987067800411182e+01,2.891390370024105749e+01,2.526737571280517258e+01,1.222951148352199091e+01
3.160000000000000000e+02,3.095639999999999858e+01,2.039278663324226137e+00,2.650272372976936452e+01,2.805051377658620027e+01,2.891812179032481112e+01,2.524640401632788667e+01,1.221755382609508800e+01
3.170000000000000000e+02,3.096405000000000030e+01,2.038567713468610876e+00,2.650793214294946409e+01,2.805116167440274921e+01,2.892233230994837356e+01,2.522539823907282042e+01,1.220563563231325688e+01
3.180000000000000000e+02,3.097169999999999845e+01,2.037858160309871103e+00,2.651313884475452198e+01,2.805181437658918853e+01,2.892653584974507552e+01,2.520435890155999203e+01,1.219375722045082000e+01
3.190000000000000000e+02,3.097935000000000016e+01,2.037149997136039392e+00,2.651834383627288005e+01,2.805247188841699568e+01,2.893073294401473916e+01,2.518328652117111233e+01,1.218191885523313367e+01
3.200000000000000000e+02,3.098699999999999832e+01,2.036443217290302865e+00,2.652354711859187120e+01,2.805313421530274454e+01,2.893492407914564879e+01,2.516218161216882976e+01,1.217012075578467645e+01
3.210000000000000000e+02,3.099465000000000003e+01,2.035737814168204096e+00,2.652874869279770209e+01,2.805380136281674552e+01,2.893910969997757476e+01,2.514104468570749162e+01,1.215836310186675817e+01
3.220000000000000000e+02,3.100229999999999819e+01,2.035033781216620152e+00,2.653394855997567703e+01,2.805447333669143362e+01,2.894329021476070807e+01,2.511987624984204004e+01,1.214664603888058636e+01
3.230000000000000000e+02,3.100994999999999990e+01,2.034331111933883829e+00,2.653914672120993146e+01,2.805515014282915232e+01,2.894746599936721765e+01,2.509867680953946589e+01,1.213496968211076599e+01
3.240000000000000000e+02,3.101759999999999806e+01,2.033629799869667742e+00,2.654434317758362738e+01,2.805583178730964633e+01,2.895163740099926741e+01,2.507744686669238021e+01,1.212333412041348701e+01
3.250000000000000000e+02,3.102524999999999977e+01,2.032929838624313312e+00,2.654953793017893915e+01,2.805651827639708529e+01,2.895580474139086036e+01,2.505618692013175774e+01,1.211173941936989351e+01
3.260000000000000000e+02,3.103289999999999793e+01,2.032231221848027847e+00,2.655473098007695043e+01,2.805720961654641243e+01,2.895996831950878203e+01,2.503489746563895935e+01,1.210018562394007624e+01
3.270000000000000000e+02,3.104054999999999964e+01,2.031533943240240170e+00,2.655992232835775368e+01,2.805790581440932741e+01,2.896412841384157133e+01,2.501357899595775081e+01,1.208867276072110286e+01
3.280000000000000000e+02,3.104819999999999780e+01,2.030837996549069935e+00,2.656511197610038622e+01,2.805860687683993859e+01,2.896828528438445005e+01,2.499223200080624707e+01,1.207720083991262072e+01
3.290000000000000000e+02,3.105584999999999951e+01,2.030143375570820030e+00,2.657029992438288701e+01,2.805931281089978668e+01,2.897243917438619576e+01,2.497085696688873213e+01,1.206576985704361782e+01
3.300000000000000000e+02,3.106349999999999767e+01,2.029450074149431682e+00,2.657548617428221505e+01,2.806002362386242410e+01,2.897659031188664969e+01,2.494945437790724085e+01,1.205437979444144325e+01
3.310000000000000000e+02,3.107114999999999938e+01,2.028758086175934228e+00,2.658067072687442334e+01,2.806073932321751130e+01,2.898073891106601252e+01,2.492802471457450508e+01,1.204303062270823332e+01
3.320000000000000000e+02,3.107880000000000109e+01,2.028067405587914873e+00,2.658585358323441383e+01,2.806145991667456840e+01,2.898488517343315252e+01,2.490656845462294910e+01,1.203172230159782607e+01
3.330000000000000000e+02,3.108644999999999925e+01,2.027378026369009323e+00,2.659103474443616832e+01,2.806218541216604834e+01,2.898902928888011132e+01,2.488508607281924156e+01,1.202045478141655366e+01
3.340000000000000000e+02,3.109410000000000096e+01,2.026689942548404400e+00,2.659621421155256726e+01,2.806291581785003686e+01,2.899317143662329599e+01,2.486357804097359292e+01,1.200922800372119070e+01
3.350000000000000000e+02,3.110174999999999912e+01,2.026003148200338888e+00,2.660139198565553187e+01,2.806365114211252632e+01,2.899731178604569592e+01,2.484204482795062319e+01,1.199804190212275046e+01
3.360000000000000000e+02,3.110940000000000083e+01,2.025317637443620367e+00,2.660656806781596728e+01,2.806439139356901080e+01,2.900145049745177772e+01,2.482048689968045352e+01,1.198689640304682769e+01
3.370000000000000000e+02,3.111704999999999899e+01,2.024633404441144702e+00,2.661174245910374125e+01,2.806513658106564435e+01,2.900558772274625952e+01,2.479890471916909789e+01,1.197579142642834071e+01
3.380000000000000000e+02,3.112470000000000070e+01,2.023950443399427090e+00,2.661691516058767704e+01,2.806588671367991594e+01,2.900972360604654554e+01,2.477729874650905018e+01,1.196472688630697689e+01
3.390000000000000000e+02,3.113234999999999886e+01,2.023268748568133990e+00,2.662208617333568128e+01,2.806664180072075254e+01,2.901385828423697433e+01,2.475566943888907545e+01,1.195370269134521024e+01
3.400000000000000000e+02,3.114000000000000057e+01,2.022588314239635476e+00,2.662725549841455930e+01,2.806740185172799684e+01,2.901799188747170888e+01,2.473401725060360690e+01,1.194271874530383215e+01
3.410000000000000000e+02,3.114764999999999873e+01,2.021909134748552272e+00,2.663242313689014296e+01,2.806816687647136632e+01,2.902212453961937300e+01,2.471234263306249090e+01,1.193177494748560186e+01
3.420000000000000000e+02,3.115530000000000044e+01,2.021231204471313880e+00,2.663758908982723739e+01,2.806893688494876926e+01,2.902625635872107779e+01,2.469064603479963793e+01,1.192087119313992893e+01
3.430000000000000000e+02,3.116294999999999860e+01,2.020554517825721152e+00,2.664275335828969560e+01,2.806971188738423351e+01,2.903038745729469738e+01,2.466892790148152415e+01,1.191000737382485752e+01
3.440000000000000000e+02,3.117060000000000031e+01,2.019879069270520855e+00,2.664791594334030123e+01,2.807049189422473745e+01,2.903451794278728215e+01,2.464718867591565044e+01,1.189918337773415224e+01
3.450000000000000000e+02,3.117824999999999847e+01,2.019204853304982006e+00,2.665307684604085026e+01,2.807127691613687759e+01,2.903864791782847377e+01,2.462542879805806351e+01,1.188839908999801409e+01
3.460000000000000000e+02,3.118590000000000018e+01,2.018531864468475767e+00,2.665823606745214391e+01,2.807206696400266921e+01,2.904277748051891450e+01,2.460364870502071710e+01,1.187765439296053493e+01
3.470000000000000000e+02,3.119354999999999833e+01,2.017860097340067327e+00,2.666339360863398511e+01,2.807286204891500603e+01,2.904690672470922053e+01,2.458184883107853125e+01,1.186694916643400255e+01
3.480000000000000000e+02,3.120120000000000005e+01,2.017189546538110445e+00,2.666854947064516068e+01,2.807366218217221032e+01,2.905103574026024660e+01,2.456002960767565213e+01,1.185628328793127828e+01
3.490000000000000000e+02,3.120884999999999820e+01,2.016520206719845554e+00,2.667370365454348402e+01,2.807446737527204661e+01,2.905516461327414390e+01,2.453819146343151658e+01,1.184565663287883019e+01
3.500000000000000000e+02,3.121649999999999991e+01,2.015852072581007182e+00,2.667885616138574534e+01,2.807527763990514913e+01,2.905929342630239987e+01,2.451633482414645826e+01,1.183506907481316794e+01
3.510000000000000000e+02,3.122414999999999807e+01,2.015185138855437152e+00,2.668400699222777206e+01,2.807609298794800168e+01,2.906342225854079331e+01,2.449446011280691238e+01,1.182452048556240776e+01
3.520000000000000000e+02,3.123179999999999978e+01,2.014519400314696007e+00,2.668915614812433290e+01,2.807691343145508966e+01,2.906755118601442689e+01,2.447256774959011594e+01,1.181401073541365143e+01
3.530000000000000000e+02,3.123944999999999794e+01,2.013854851767687304e+00,2.669430363012927288e+01,2.807773898265076795e+01,2.907168028174997687e+01,2.445065815186865166e+01,1.180353969326764307e+01
3.540000000000000000e+02,3.124709999999999965e+01,2.013191488060286805e+00,2.669944943929536763e+01,2.807856965392053894e+01,2.907580961593386704e+01,2.442873173421436661e+01,1.179310722678137324e+01
3.550000000000000000e+02,3.125474999999999781e+01,2.012529304074968550e+00,2.670459357667449751e+01,2.807940545780179420e+01,2.907993925605907037e+01,2.440678890840174020e+01,1.178271320250045839e+01
3.560000000000000000e+02,3.126239999999999952e+01,2.011868294730443374e+00,2.670973604331748774e+01,2.808024640697411556e+01,2.908406926706236106e+01,2.438483008341160385e+01,1.177235748598169351e+01
3.570000000000000000e+02,3.127004999999999768e+01,2.011208454981302740e+00,2.671487684027416520e+01,2.808109251424919250e+01,2.908819971145325667e+01,2.436285566543432068e+01,1.176203994190685265e+01
3.580000000000000000e+02,3.127769999999999939e+01,2.010549779817663030e+00,2.672001596859339401e+01,2.808194379256055484e+01,2.909233064943468605e+01,2.434086605787202373e+01,1.175176043418816185e+01
3.590000000000000000e+02,3.128534999999999755e+01,2.009892264264811601e+00,2.672515342932304350e+01,2.808280025495267296e+01,2.909646213901566369e+01,2.431886166134168548e+01,1.174151882606623154e+01
3.600000000000000000e+02,3.129299999999999926e+01,2.009235903382877275e+00,2.673028922351001668e+01,2.808366191456992667e+01,2.910059700814237971e+01,2.429684287367760120e+01,1.173131816441791209e+01
3.610000000000000000e+02,3.130178333333333285e+01,2.008580715818592655e+00,2.673579001197494875e+01,2.808452878464525782e+01,2.910474856984448522e+01,2.427481008993307654e+01,1.172117191411263804e+01
3.620000000000000000e+02,3.131056666666666644e+01,2.007926658328203384e+00,2.674128888980271412e+01,2.808540087848874123e+01,2.910892744284457834e+01,2.425276370238312751e+01,1.171108826748810294e+01
3.630000000000000000e+02,3.131935000000000002e+01,2.007273741619886920e+00,2.674678585827716404e+01,2.808627820947592468e+01,2.911311772319116642e+01,2.423070410051215973e+01,1.170105342290945138e+01
3.640000000000000000e+02,3.132813333333333361e+01,2.006621961966687628e+00,2.675228091868089209e+01,2.808716079103580654e+01,2.911731915091453615e+01,2.420863167097394353e+01,1.169106593942010086e+01
3.650000000000000000e+02,3.133691666666666720e+01,2.005971314621624035e+00,2.675777407229518090e+01,2.808804863663932139e+01,2.912152968326748947e+01,2.418654679781729655e+01,1.168112422153159180e+01
3.660000000000000000e+02,3.134570000000000078e+01,2.005321794944855629e+00,2.676326532040000572e+01,2.808894175978738161e+01,2.912574885491070731e+01,2.416444986204055922e+01,1.167122706759438522e+01
3.670000000000000000e+02,3.135448333333333437e+01,2.004673398006830976e+00,2.676875466427411965e+01,2.808984017399857791e+01,2.912997591164245748e+01,2.414234124212262600e+01,1.166137365604639697e+01
3.680000000000000000e+02,3.136326666666666441e+01,2.004026118759935304e+00,2.677424210519489733e+01,2.809074389279533790e+01,2.913421028617237241e+01,2.412022131384454582e+01,1.165156329366417332e+01
3.690000000000000000e+02,3.137204999999999799e+01,2.003379952354771731e+00,2.677972764443850906e+01,2.809165292969569450e+01,2.913845158952535641e+01,2.409809045011082418e+01,1.164179539397255070e+01
3.700000000000000000e+02,3.138083333333333158e+01,2.002734894106241725e+00,2.678521128327979284e+01,2.809256729820136300e+01,2.914269950779386065e+01,2.407594902101649481e+01,1.163206944711477320e+01
3.710000000000000000e+02,3.138961666666666517e+01,2.002090939401972580e+00,2.679069302299235744e+01,2.809348701178510765e+01,2.914695376620096923e+01,2.405379739390541971e+01,1.162238500088080073e+01
3.720000000000000000e+02,3.139839999999999876e+01,2.001448083657793475e+00,2.679617286484847938e+01,2.809441208387896083e+01,2.915121413146913198e+01,2.403163593338251403e+01,1.161274164609801041e+01
3.730000000000000000e+02,3.140718333333333234e+01,2.000806322314407915e+00,2.680165081011920236e+01,2.809534252786299291e+01,2.915548040679718156e+01,2.400946500141919770e+01,1.160313900685858890e+01
3.740000000000000000e+02,3.141596666666666593e+01,2.000165650844788701e+00,2.680712686007427337e+01,2.809627835705444809e+01,2.915975242194810590e+01,2.398728495694200191e+01,1.159357673973619463e+01
3.750000000000000000e+02,3.142474999999999952e+01,1.999526064757574106e+00,2.681260101598214618e+01,2.809721958469707204e+01,2.916403002748102935e+01,2.396509615655953596e+01,1.158405451970990363e+01
3.760000000000000000e+02,3.143353333333333310e+01,1.998887559596179919e+00,2.681807327911003114e+01,2.809816622395058161e+01,2.916831309178571274e+01,2.394289895379965216e+01,1.157457204429614706e+01
3.770000000000000000e+02,3.144231666666666669e+01,1.998250130936711555e+00,2.682354365072391289e+01,2.809911828788030164e+01,2.917260149829604643e+01,2.392069369946094781e+01,1.156512902671590304e+01
3.780000000000000000e+02,3.145110000000000028e+01,1.997613774386165941e+00,2.682901213208838342e+01,2.810007578944737006e+01,2.917689514289785890e+01,2.389848074167651859e+01,1.155572519333096437e+01
3.790000000000000000e+02,3.145988333333333387e+01,1.996978485583078555e+00,2.683447872446688720e+01,2.810103874149903547e+01,2.918119393198582401e+01,2.387626042588879471e+01,1.154636028224156696e+01
3.800000000000000000e+02,3.146866666666666745e+01,1.996344260197952192e+00,2.683994342912154707e+01,2.810200715675932415e+01,2.918549778102165249e+01,2.385403309481304746e+01,1.153703404210846095e+01
3.810000000000000000e+02,3.147745000000000104e+01,1.995711093931079372e+00,2.684540624731324954e+01,2.810298104782071249e+01,2.918980661330616400e+01,2.383179908843392525e+01,1.152774623089068839e+01
3.820000000000000000e+02,3.148623333333333463e+01,1.995078982511740984e+00,2.685086718030155239e+01,2.810396042713324860e+01,2.919412035906877989e+01,2.380955874402180328e+01,1.151849661467569597e+01
3.830000000000000000e+02,3.149501666666666466e+01,1.994447921698212944e+00,2.685632622934490144e+01,2.810494530700714577e+01,2.919843895418144797e+01,2.378731239614681314e+01,1.150928496675641100e+01
3.840000000000000000e+02,3.150379999999999825e+01,1.993817907277726897e+00,2.686178339570028939e+01,2.810593569958783888e+01,2.920276234010297500e+01,2.376506037668494997e+01,1.150011106692229745e+01
3.850000000000000000e+02,3.151258333333333184e+01,1.993188935066106948e+00,2.686723868062363252e+01,2.810693161685144759e+01,2.920709046308281387e+01,2.374280301482183120e+01,1.149097470086439010e+01
3.860000000000000000e+02,3.152136666666666542e+01,1.992561000907299151e+00,2.687269208536945442e+01,2.810793307060294666e+01,2.921142327340964684e+01,2.372054063705911275e+01,1.148187565964204460e+01
3.870000000000000000e+02,3.153014999999999901e+01,1.991934100672983377e+00,2.687814361119110629e+01,2.810894007247382120e+01,2.921576072487832221e+01,2.369827356722321454e+01,1.147281373921033421e+01
3.880000000000000000e+02,3.153893333333333260e+01,1.991308230262276435e+00,2.688359325934067101e+01,2.810995263389973431e+01,2.922010277474588946e+01,2.367600212647431945e+01,1.146378874001415227e+01
3.890000000000000000e+02,3.154771666666666619e+01,1.990683385601453637e+00,2.688904103106899512e+01,2.811097076613716084e+01,2.922444938304087003e+01,2.365372663331487146e+01,1.145480046664156504e+01
3.900000000000000000e+02,3.155649999999999977e+01,1.990059562643655688e+00,2.689448692762560000e+01,2.811199448024941105e+01,2.922880051243470589e+01,2.363144740359830465e+01,1.144584872752170313e+01
3.910000000000000000e+02,3.156528333333333336e+01,1.989436757368591602e+00,2.689993095025886305e+01,2.811302378709297400e+01,2.923315612809890851e+01,2.360916475053817720e+01,1.143693333465670037e+01
3.920000000000000000e+02,3.157406666666666695e+01,1.988814965782253807e+00,2.690537310021589690e+01,2.811405869732795182e+01,2.923751619730469287e+01,2.358687898471793787e+01,1.142805410338300121e+01
3.930000000000000000e+02,3.158285000000000053e+01,1.988194183916649926e+00,2.691081337874248547e+01,2.811509922139098094e+01,2.924188068944311070e+01,2.356459041410116129e+01,1.141921085215976461e+01
3.940000000000000000e+02,3.159163333333333412e+01,1.987574407829539869e+00,2.691625178708326160e+01,2.811614536949648624e+01,2.924624957576414985e+01,2.354229934404173363e+01,1.141040340238103212e+01
3.950000000000000000e+02,3.160041666666666771e+01,1.986955633604178706e+00,2.692168832648160404e+01,2.811719715164175071e+01,2.925062282912695366e+01,2.352000607729455339e+01,1.140163157820789763e+01
3.960000000000000000e+02,3.160920000000000130e+01,1.986337857349064429e+00,2.692712299817961963e+01,2.811825457760503255e+01,2.925500042385351307e+01,2.349771091402680057e+01,1.139289520641749931e+01
3.970000000000000000e+02,3.161798333333333488e+01,1.985721075197689922e+00,2.693255580341817534e+01,2.811931765693951490e+01,2.925938233564264834e+01,2.347541415182891811e+01,1.138419411626682809e+01
3.980000000000000000e+02,3.162676666666666492e+01,1.985105283308302937e+00,2.693798674343699773e+01,2.812038639896826808e+01,2.926376854147939710e+01,2.345311608572657747e+01,1.137552813936969187e+01
3.990000000000000000e+02,3.163554999999999851e+01,1.984490477863668501e+00,2.694341581947442421e+01,2.812146081278189413e+01,2.926815901952915411e+01,2.343081700819283242e+01,1.136689710958526156e+01
4.000000000000000000e+02,3.164433333333333209e+01,1.983876655070835993e+00,2.694884303276771575e+01,2.812254090723711286e+01,2.927255374903622354e+01,2.340851720916031908e+01,1.135830086291682051e+01
4.010000000000000000e+02,3.165311666666666568e+01,1.983263811160911327e+00,2.695426838455279039e+01,2.812362669095535139e+01,2.927695271023888068e+01,2.338621697603382898e+01,1.134973923741921276e+01
4.020000000000000000e+02,3.166189999999999927e+01,1.982651942388832467e+00,2.695969187606437600e+01,2.812471817232114901e+01,2.928135588429724123e+01,2.336391659370346829e+01,1.134121207311434354e+01
4.030000000000000000e+02,3.167068333333333285e+01,1.982041045033149373e+00,2.696511350853601741e+01,2.812581535948079647e+01,2.928576325322723051e+01,2.334161634455782419e+01,1.133271921191378695e+01
4.040000000000000000e+02,3.167946666666666644e+01,1.981431115395804410e+00,2.697053328319996268e+01,2.812691826034159703e+01,2.929017479983850336e+01,2.331931650849756466e+01,1.132426049754758957e+01
4.050000000000000000e+02,3.168825000000000003e+01,1.980822149801920729e+00,2.697595120128726265e+01,2.812802688257145078e+01,2.929459050767707851e+01,2.329701736294940773e+01,1.131583577549875663e+01
4.060000000000000000e+02,3.169703333333333362e+01,1.980214144599591330e+00,2.698136726402777796e+01,2.812914123359876228e+01,2.929901036097364653e+01,2.327471918288009434e+01,1.130744489294266941e+01
4.070000000000000000e+02,3.170581666666666720e+01,1.979607096159670565e+00,2.698678147265011518e+01,2.813026132061254714e+01,2.930343434459661367e+01,2.325242224081084785e+01,1.129908769869114593e+01
4.080000000000000000e+02,3.171460000000000079e+01,1.979001000875569405e+00,2.699219382838167292e+01,2.813138715056295069e+01,2.930786244400910689e+01,2.323012680683224573e+01,1.129076404314047188e+01
4.090000000000000000e+02,3.172338333333333438e+01,1.978395855163056272e+00,2.699760433244860991e+01,2.813251873016196214e+01,2.931229464522944284e+01,2.320783314861897750e+01,1.128247377822318853e+01
4.100000000000000000e+02,3.173216666666666796e+01,1.977791655460054088e+00,2.700303470079592216e+01,2.813365606588456913e+01,2.931673093479467340e+01,2.318554153144510366e+01,1.127421675736311890e+01
4.110000000000000000e+02,3.174095000000000155e+01,1.977188398226448873e+00,2.700848047227884408e+01,2.813479916396997638e+01,2.932117129972703751e+01,2.316325221819931102e+01,1.126599283543343510e+01
4.120000000000000000e+02,3.174973333333333514e+01,1.976586079943891017e+00,2.701392438244985783e+01,2.813594803042323278e+01,2.932561572750313417e+01,2.314096546940077559e+01,1.125780186871754296e+01
4.130000000000000000e+02,3.175851666666666517e+01,1.975984697115608757e+00,2.701936643253907278e+01,2.813710267101706819e+01,2.933006420602548658e+01,2.311868154321451030e+01,1.124964371487334169e+01
4.140000000000000000e+02,3.176729999999999876e+01,1.975384246266217447e+00,2.702480662377541876e+01,2.813826309129399661e+01,2.933451672359628759e+01,2.309640069546895802e+01,1.124151823289511576e+01
4.150000000000000000e+02,3.177608333333333235e+01,1.974784723941532372e+00,2.703024495738657862e+01,2.813942929656857928e+01,2.933897326889308133e+01,2.307412317966888082e+01,1.123342528308856103e+01
4.160000000000000000e+02,3.178486666666666594e+01,1.974186126708387334e+00,2.703568143459901663e+01,2.814060129193007498e+01,2.934343383094619639e+01,2.305184924701592308e+01,1.122536472703080790e+01
4.170000000000000000e+02,3.179364999999999952e+01,1.973588451154452583e+00,2.704111605663804951e+01,2.814177908224498381e+01,2.934789839911788789e+01,2.302957914642333748e+01,1.121733642754681881e+01
4.180000000000000000e+02,3.180243333333333311e+01,1.972991693888053177e+00,2.704654882472768307e+01,2.814296267216002079e+01,2.935236696308296800e+01,2.300731312453214983e+01,1.120934024868294721e+01
4.190000000000000000e+02,3.181121666666666670e+01,1.972395851537994682e+00,2.705197974009076844e+01,2.814415206610524578e+01,2.935683951281086479e+01,2.298505142572771831e+01,1.120137605568089434e+01
4.200000000000000000e+02,3.182000000000000028e+01,1.971800920753389530e+00,2.705740880394901637e+01,2.814534726829727163e+01,2.936131550497127662e+01,2.296279429215724477e+01,1.119344202578889380e+01
4.210000000000000000e+02,3.182501666666666651e+01,1.971206917156983929e+00,2.706307718408934093e+01,2.814654828274222709e+01,2.936571785506135157e+01,2.294054196374720078e+01,1.118546373739606103e+01
4.220000000000000000e+02,3.183003333333333273e+01,1.970613805922206918e+00,2.706874354720968867e+01,2.814775511323970392e+01,2.937005791794475229e+01,2.291829467821949251e+01,1.117745001073850730e+01
4.230000000000000000e+02,3.183504999999999896e+01,1.970021596146803500e+00,2.707440789469773534e+01,2.814896776338626339e+01,2.937436004899652531e+01,2.289605267108349551e+01,1.116942611618024195e+01
4.240000000000000000e+02,3.184006666666666874e+01,1.969430285964316019e+00,2.708007022793967522e+01,2.815018623656680674e+01,2.937863250687435368e+01,2.287381617571011461e+01,1.116140024479267012e+01
4.250000000000000000e+02,3.184508333333333496e+01,1.968839872135222935e+00,2.708573054832032412e+01,2.815141053598889442e+01,2.938288030377538718e+01,2.285158542317822494e+01,1.115337695828201525e+01
4.260000000000000000e+02,3.185010000000000119e+01,1.968250351240482088e+00,2.709138885722305190e+01,2.815264066467583248e+01,2.938710683735029860e+01,2.282936064268870879e+01,1.114535950187012681e+01
4.270000000000000000e+02,3.185511666666666741e+01,1.967661719927175978e+00,2.709704515602982866e+01,2.815387662545363412e+01,2.939131436106342221e+01,2.280714206126926058e+01,1.113735012738405494e+01
4.280000000000000000e+02,3.186013333333333364e+01,1.967073975046287115e+00,2.710269944612119275e+01,2.815511842096004003e+01,2.939550462641850359e+01,2.278492990374407157e+01,1.112935049559773404e+01
4.290000000000000000e+02,3.186514999999999986e+01,1.966487113292169742e+00,2.710835172887623301e+01,2.815636605365380518e+01,2.939967911675773848e+01,2.276272439287276583e+01,1.112136194821420965e+01
4.300000000000000000e+02,3.187016666666666609e+01,1.965901131667624480e+00,2.711400200567263497e+01,2.815761952581987160e+01,2.940383907568357102e+01,2.274052574938493620e+01,1.111338559547998095e+01
4.310000000000000000e+02,3.187518333333333231e+01,1.965316026814045047e+00,2.711965027788672700e+01,2.815887883957960014e+01,2.940798554830396938e+01,2.271833419201054838e+01,1.110542235974130065e+01
4.320000000000000000e+02,3.188020000000000209e+01,1.964731795478520615e+00,2.712529654689333469e+01,2.816014399686979175e+01,2.941211940179537265e+01,2.269614993725602048e+01,1.109747299544063637e+01
4.330000000000000000e+02,3.188521666666666832e+01,1.964148434515378128e+00,2.713094081406590163e+01,2.816141499948822258e+01,2.941624141549992189e+01,2.267397319990295301e+01,1.108953816477407806e+01
4.340000000000000000e+02,3.189023333333333454e+01,1.963565940828881029e+00,2.713658308077650005e+01,2.816269184905364042e+01,2.942035225944390220e+01,2.265180419251351651e+01,1.108161842544956244e+01
4.350000000000000000e+02,3.189525000000000077e+01,1.962984311339815324e+00,2.714222334839571360e+01,2.816397454703173864e+01,2.942445253231943170e+01,2.262964312565529568e+01,1.107371426286364446e+01
4.360000000000000000e+02,3.190026666666666699e+01,1.962403542980796667e+00,2.714786161829282207e+01,2.816526309474187428e+01,2.942854277411764485e+01,2.260749020797526754e+01,1.106582610403397915e+01
4.370000000000000000e+02,3.190528333333333322e+01,1.961823632701094722e+00,2.715349789183561313e+01,2.816655749335866332e+01,2.943262347288840175e+01,2.258534564620531171e+01,1.105795432566066694e+01
4.380000000000000000e+02,3.191029999999999944e+01,1.961244577469683614e+00,2.715913217039054572e+01,2.816785774391349051e+01,2.943669507104981165e+01,2.256320964514731742e+01,1.105009926035010359e+01
4.390000000000000000e+02,3.191531666666666922e+01,1.960666374275285673e+00,2.716476445532255468e+01,2.816916384729833922e+01,2.944075797221675472e+01,2.254108240767861560e+01,1.104226120277101053e+01
4.400000000000000000e+02,3.192033333333333545e+01,1.960089020124869741e+00,2.717039474799533849e+01,2.817047580427031761e+01,2.944481254708597007e+01,2.251896413477414072e+01,1.103444041527326114e+01
4.410000000000000000e+02,3.192535000000000167e+01,1.959512512044547572e+00,2.717602304977109640e+01,2.817179361545586502e+01,2.944885913775445374e+01,2.249685502552936356e+01,1.102663713234665366e+01
4.420000000000000000e+02,3.193036666666666790e+01,1.958936847076647947e+00,2.718164936201063497e+01,2.817311728135465643e+01,2.945289806098626784e+01,2.247475527717691790e+01,1.101885156402848054e+01
4.430000000000000000e+02,3.193538333333333412e+01,1.958362022282756021e+00,2.718727368607343564e+01,2.817444680234302723e+01,2.945692961102266949e+01,2.245266508510037085e+01,1.101108389869586901e+01
4.440000000000000000e+02,3.194040000000000035e+01,1.957788034741641869e+00,2.719289602331747702e+01,2.817578217867765744e+01,2.946095406210865875e+01,2.243058464284899145e+01,1.100333430551208025e+01
4.450000000000000000e+02,3.194541666666666657e+01,1.957214881548843932e+00,2.719851637509944098e+01,2.817712341049919900e+01,2.946497167067653322e+01,2.240851414215403636e+01,1.099560293657146381e+01
4.460000000000000000e+02,3.195043333333333280e+01,1.956642559816730298e+00,2.720413474277460963e+01,2.817847049783582136e+01,2.946898267717102016e+01,2.238645377294493244e+01,1.098788992873089221e+01
4.470000000000000000e+02,3.195545000000000258e+01,1.956071066674535119e+00,2.720975112769684046e+01,2.817982344060674649e+01,2.947298730759395013e+01,2.236440372336486249e+01,1.098019540516204096e+01
4.480000000000000000e+02,3.196046666666666880e+01,1.955500399268190970e+00,2.721536553121865509e+01,2.818118223862563809e+01,2.947698577485275351e+01,2.234236417978613432e+01,1.097251947668917005e+01
4.490000000000000000e+02,3.196548333333333503e+01,1.954930554760085926e+00,2.722097795469113990e+01,2.818254689160383109e+01,2.948097827995219333e+01,2.232033532682506305e+01,1.096486224296421064e+01
4.500000000000000000e+02,3.197050000000000125e+01,1.954361530328863727e+00,2.722658839946406317e+01,2.818391739915358940e+01,2.948496501304282091e+01,2.229831734735719451e+01,1.095722379350443099e+01
4.510000000000000000e+02,3.197551666666666748e+01,1.953793323169280116e+00,2.723219686688574726e+01,2.818529376079121818e+01,2.948894615434097233e+01,2.227631042253231541e+01,1.094960420860677353e+01
4.520000000000000000e+02,3.198053333333333370e+01,1.953225930492065832e+00,2.723780335830316091e+01,2.818667597594010488e+01,2.949292187494129891e+01,2.225431473178920072e+01,1.094200356015414677e+01
4.530000000000000000e+02,3.198554999999999993e+01,1.952659349523780730e+00,2.724340787506196193e+01,2.818806404393357923e+01,2.949689233753964857e+01,2.223233045287007670e+01,1.093442191233062744e+01
4.540000000000000000e+02,3.199056666666666970e+01,1.952093577506663680e+00,2.724901041850638350e+01,2.818945796401775894e+01,2.950085769707952821e+01,2.221035776183508403e+01,1.092685932226010870e+01
4.550000000000000000e+02,3.199558333333333593e+01,1.951528611698487792e+00,2.725461098997922704e+01,2.819085773535414319e+01,2.950481810133144478e+01,2.218839683307649580e+01,1.091931584057859972e+01
4.560000000000000000e+02,3.200059999999999860e+01,1.950964449372423859e+00,2.726020959082202921e+01,2.819226335702218122e+01,2.950877369141323925e+01,2.216644783933242735e+01,1.091179151193773755e+01
4.570000000000000000e+02,3.200561666666666838e+01,1.950401087816906465e+00,2.726580622237495177e+01,2.819367482802158165e+01,2.951272460225905547e+01,2.214451095170153039e+01,1.090428637550722080e+01
4.580000000000000000e+02,3.201063333333333816e+01,1.949838524335502976e+00,2.727140088597666789e+01,2.819509214727446178e+01,2.951667096304350579e+01,2.212258633965416976e+01,1.089680046530674495e+01
4.590000000000000000e+02,3.201565000000000083e+01,1.949276756246784537e+00,2.727699358296467480e+01,2.819651531362729813e+01,2.952061289756628071e+01,2.210067417104901821e+01,1.088933381069603001e+01
4.600000000000000000e+02,3.202066666666667061e+01,1.948715780884198612e+00,2.728258431467494205e+01,2.819794432585273825e+01,2.952455052460203433e+01,2.207877461214430070e+01,1.088188643666559763e+01
4.610000000000000000e+02,3.202568333333333328e+01,1.948155595595943090e+00,2.728817308244217088e+01,2.819937918265105381e+01,2.952848395821919780e+01,2.205688782761010103e+01,1.087445836413425937e+01
4.620000000000000000e+02,3.203070000000000306e+01,1.947596197744847046e+00,2.729375988759969829e+01,2.820081988265140538e+01,2.953241330807116682e+01,2.203501398054081761e+01,1.086704961023578697e+01
4.630000000000000000e+02,3.203571666666666573e+01,1.947037584708248614e+00,2.729934473147948637e+01,2.820226642441291531e+01,2.953633867966317794e+01,2.201315323246741684e+01,1.085966018859314808e+01
4.640000000000000000e+02,3.204073333333333551e+01,1.946479753877876862e+00,2.730492761541213653e+01,2.820371880642534279e+01,2.954026017459709408e+01,2.199130574336938793e+01,1.085229010956320472e+01
4.650000000000000000e+02,3.204574999999999818e+01,1.945922702659735437e+00,2.731050854072691436e+01,2.820517702710954921e+01,2.954417789079645473e+01,2.196947167168581672e+01,1.084493938045237194e+01
4.660000000000000000e+02,3.205076666666666796e+01,1.945366428473986664e+00,2.731608750875172120e+01,2.820664108481755505e+01,2.954809192270797524e+01,2.194765117432628188e+01,1.083760800571426586e+01
4.670000000000000000e+02,3.205578333333333774e+01,1.944810928754841184e+00,2.732166452081314389e+01,2.820811097783251853e+01,2.955200236151371485e+01,2.192584440668160539e+01,1.083029598713630115e+01
4.680000000000000000e+02,3.206080000000000041e+01,1.944256200950443159e+00,2.732723957823635885e+01,2.820958670436816718e+01,2.955590929526869814e+01,2.190405152263389965e+01,1.082300332401390364e+01
4.690000000000000000e+02,3.206581666666667019e+01,1.943702242522762136e+00,2.733281268234524575e+01,2.821106826256804112e+01,2.955981280911663234e+01,2.188227267456663583e+01,1.081573001331028294e+01
4.700000000000000000e+02,3.207083333333333286e+01,1.943149050947483358e+00,2.733838383446236975e+01,2.821255565050425673e+01,2.956371298541126791e+01,2.186050801337398397e+01,1.080847604980257337e+01
4.710000000000000000e+02,3.207585000000000264e+01,1.942596623713901405e+00,2.734395303590888560e+01,2.821404886617638752e+01,2.956760990385509302e+01,2.183875768846988308e+01,1.080124142621751027e+01
4.720000000000000000e+02,3.208086666666666531e+01,1.942044958324813164e+00,2.734952028800464419e+01,2.821554790750946395e+01,2.957150364163411993e+01,2.181702184779698328e+01,1.079402613335830630e+01
4.730000000000000000e+02,3.208588333333333509e+01,1.941494052296414141e+00,2.735508559206816770e+01,2.821705277235214737e+01,2.957539427354554462e+01,2.179530063783456129e+01,1.078683016022286267e+01
4.740000000000000000e+02,3.209090000000000487e+01,1.940943903158195871e+00,2.736064894941660697e+01,2.821856345847448821e+01,2.957928187211303239e+01,2.177359420360709308e+01,1.077965349411363682e+01
4.750000000000000000e+02,3.209591666666666754e+01,1.940394508452842226e+00,2.736621036136580543e+01,2.822007996356531478e+01,2.958316650769149447e+01,2.175190268869171817e+01,1.077249612073963725e+01
4.760000000000000000e+02,3.210093333333333732e+01,1.939845865736128161e+00,2.737176982923030621e+01,2.822160228522945147e+01,2.958704824856590676e+01,2.173022623522568608e+01,1.076535802431177125e+01
4.770000000000000000e+02,3.210594999999999999e+01,1.939297972576822904e+00,2.737732735432325271e+01,2.822313042098475933e+01,2.959092716104587595e+01,2.170856498391326639e+01,1.075823918763199316e+01
4.780000000000000000e+02,3.211096666666666977e+01,1.938750826556588258e+00,2.738288293795648443e+01,2.822466436825906300e+01,2.959480330955436145e+01,2.168691907403297137e+01,1.075113959217685533e+01
4.790000000000000000e+02,3.211598333333333244e+01,1.938204425269882236e+00,2.738843658144056192e+01,2.822620412438653048e+01,2.959867675671041454e+01,2.166528864344390115e+01,1.074405921817557896e+01
4.800000000000000000e+02,3.212100000000000222e+01,1.937658766323870019e+00,2.739398828608465308e+01,2.822774968660423767e+01,2.960254907168437555e+01,2.164367382859230204e+01,1.073699844375851775e+01
4.810000000000000000e+02,3.213115000000000521e+01,1.937113868160587726e+00,2.740012833998317276e+01,2.822930105204848772e+01,2.960652245845230013e+01,2.162207476451745336e+01,1.073006473470160493e+01
4.820000000000000000e+02,3.214130000000000109e+01,1.936569701517463660e+00,2.740626602395037281e+01,2.823085821775094217e+01,2.961058520904779101e+01,2.160049158485409748e+01,1.072323990822283690e+01
4.830000000000000000e+02,3.215145000000000408e+01,1.936026272286300198e+00,2.741240133975363591e+01,2.823242118063291528e+01,2.961470249715416969e+01,2.157892442182649262e+01,1.071649124097792871e+01
4.840000000000000000e+02,3.216159999999999997e+01,1.935483579141968002e+00,2.741853428915837299e+01,2.823398993750665653e+01,2.961886275083502795e+01,2.155737340628816057e+01,1.070980732206303898e+01
4.850000000000000000e+02,3.217175000000000296e+01,1.934941619465976093e+00,2.742466487392804808e+01,2.823556448505681615e+01,2.962305978986441346e+01,2.153583866773070454e+01,1.070318143265570399e+01
4.860000000000000000e+02,3.218189999999999884e+01,1.934400390562542205e+00,2.743079309582419256e+01,2.823714481986140967e+01,2.962728904719657663e+01,2.151432033415813549e+01,1.069660930011016653e+01
4.870000000000000000e+02,3.219205000000000183e+01,1.933859889852628022e+00,2.743691895660626301e+01,2.823873093837559622e+01,2.963154724613153590e+01,2.149281853235134676e+01,1.069008756300041441e+01
4.880000000000000000e+02,3.220220000000000482e+01,1.933320114994484751e+00,2.744304245803187214e+01,2.824032283692065803e+01,2.963583198890238180e+01,2.147133338771274325e+01,1.068361362644780499e+01
4.890000000000000000e+02,3.221235000000000070e+01,1.932781063387926546e+00,2.744916360185655790e+01,2.824192051168313355e+01,2.964014135477984979e+01,2.144986502427623520e+01,1.067718544573703277e+01
4.900000000000000000e+02,3.222250000000000369e+01,1.932242732899230653e+00,2.745528238983401792e+01,2.824352395871335375e+01,2.964447372470532827e+01,2.142841356461094193e+01,1.067080137707744747e+01
4.910000000000000000e+02,3.223264999999999958e+01,1.931705121029358541e+00,2.746139882371593899e+01,2.824513317392194978e+01,2.964882771949958240e+01,2.140697913007456421e+01,1.066445995348398590e+01
4.920000000000000000e+02,3.224280000000000257e+01,1.931168225363939728e+00,2.746751290525203615e+01,2.824674815308119591e+01,2.965320215530782377e+01,2.138556184055227405e+01,1.065815993304635256e+01
4.930000000000000000e+02,3.225294999999999845e+01,1.930632043579624479e+00,2.747362463619011308e+01,2.824836889180294364e+01,2.965759603213316353e+01,2.136416181460678843e+01,1.065190022709160544e+01
4.940000000000000000e+02,3.226310000000000144e+01,1.930096573398221160e+00,2.747973401827602657e+01,2.824999538556565071e+01,2.966200845169725042e+01,2.134277916949664800e+01,1.064567987092993206e+01
4.950000000000000000e+02,3.227325000000000443e+01,1.929561812557593736e+00,2.748584105325363325e+01,2.825162762967634578e+01,2.966643863408339499e+01,2.132141402116198492e+01,1.063949800101994470e+01
4.960000000000000000e+02,3.228340000000000032e+01,1.929027758806062254e+00,2.749194574286496717e+01,2.825326561928532598e+01,2.967088587902706820e+01,2.130006648421415960e+01,1.063335383835710246e+01
4.970000000000000000e+02,3.229355000000000331e+01,1.928494409905445295e+00,2.749804808884999829e+01,2.825490934938528653e+01,2.967534955315342415e+01,2.127873667194091567e+01,1.062724667580476279e+01
4.980000000000000000e+02,3.230369999999999919e+01,1.927961763633173620e+00,2.750414809294687402e+01,2.825655881480632203e+01,2.967982908266766628e+01,2.125742469631756393e+01,1.062117586729758045e+01
4.990000000000000000e+02,3.231385000000000218e+01,1.927429817782077448e+00,2.751024575689174156e+01,2.825821401021122270e+01,2.968432394625238757e+01,2.123613066801537030e+01,1.061514081866021009e+01
5.000000000000000000e+02,3.232399999999999807e+01,1.926898570158798840e+00,2.751634108241883325e+01,2.825987493009253626e+01,2.968883366756550402e+01,2.121485469640654742e+01,1.060914098040735354e+01
5.010000000000000000e+02,3.233415000000000106e+01,1.926368018584911690e+00,2.752243407126043095e+01,2.826154156877085555e+01,2.969335780877429443e+01,2.119359688956928522e+01,1.060317584220542386e+01
5.020000000000000000e+02,3.234429999999999694e+01,1.925838160893186490e+00,2.752852472514697979e+01,2.826321392039293556e+01,2.969789596570078416e+01,2.117235735429404286e+01,1.059724492827500342e+01
5.030000000000000000e+02,3.235444999999999993e+01,1.925308994930770234e+00,2.753461304580693536e+01,2.826489197892961158e+01,2.970244776407006526e+01,2.115113619609037698e+01,1.059134779335568588e+01
5.040000000000000000e+02,3.236460000000000292e+01,1.924780518557194675e+00,2.754069903496685257e+01,2.826657573817381319e+01,2.970701285627317034e+01,2.112993351919378071e+01,1.058548401923725812e+01
5.050000000000000000e+02,3.237474999999999881e+01,1.924252729643926907e+00,2.754678269435137139e+01,2.826826519173888386e+01,2.971159091846515921e+01,2.110874942657255460e+01,1.057965321187349517e+01
5.060000000000000000e+02,3.238490000000000180e+01,1.923725626074313189e+00,2.755286402568321336e+01,2.826996033305736944e+01,2.971618164804337781e+01,2.108758401993456033e+01,1.057385499895710268e+01
5.070000000000000000e+02,3.239504999999999768e+01,1.923199205743539197e+00,2.755894303068322770e+01,2.827166115537973567e+01,2.972078476151374460e+01,2.106643739973438656e+01,1.056808902781364345e+01
5.080000000000000000e+02,3.240520000000000067e+01,1.922673466558449951e+00,2.756501971107027416e+01,2.827336765177336275e+01,2.972539999267053901e+01,2.104530966518056800e+01,1.056235496354689118e+01
5.090000000000000000e+02,3.241534999999999656e+01,1.922148406437312662e+00,2.757109406856147160e+01,2.827507981512187385e+01,2.973002709100578045e+01,2.102420091424279747e+01,1.055665248745597395e+01
5.100000000000000000e+02,3.242549999999999955e+01,1.921624023309615348e+00,2.757716610487185704e+01,2.827679763812445302e+01,2.973466582030096461e+01,2.100311124366003668e+01,1.055098129550572494e+01
5.110000000000000000e+02,3.243565000000000254e+01,1.921100315115921608e+00,2.758323582171468757e+01,2.827852111329556450e+01,2.973931595738153177e+01,2.098204074894722737e+01,1.054534109729645230e+01
5.120000000000000000e+02,3.244579999999999842e+01,1.920577279807738513e+00,2.758930322080127340e+01,2.828025023296477158e+01,2.974397729101855603e+01,2.096098952440476637e+01,1.053973161465810726e+01
5.130000000000000000e+02,3.245595000000000141e+01,1.920054915347380486e+00,2.759536830384107375e+01,2.828198498927684668e+01,2.974864962095641374e+01,2.093995766312552576e+01,1.053415258088595685e+01
5.140000000000000000e+02,3.246609999999999729e+01,1.919533219707837191e+00,2.760143107254160100e+01,2.828372537419223676e+01,2.975333275704567981e+01,2.091894525700297791e+01,1.052860373988027654e+01
5.150000000000000000e+02,3.247625000000000028e+01,1.919012190872645629e+00,2.760749152860857691e+01,2.828547137948756074e+01,2.975802651846609592e+01,2.089795239673971139e+01,1.052308484532934152e+01
5.160000000000000000e+02,3.248639999999999617e+01,1.918491826835777347e+00,2.761354967374573022e+01,2.828722299675646923e+01,2.976273073302824557e+01,2.087697917185633756e+01,1.051759565997078205e+01
5.170000000000000000e+02,3.249654999999999916e+01,1.917972125601525413e+00,2.761960550965495287e+01,2.828898021741080271e+01,2.976744523654495111e+01,2.085602567070040791e+01,1.051213595496041719e+01
5.180000000000000000e+02,3.250670000000000215e+01,1.917453085184400052e+00,2.762565903803632494e+01,2.829074303268209789e+01,2.977216987226398714e+01,2.083509198045546995e+01,1.050670550931931047e+01
5.190000000000000000e+02,3.251684999999999803e+01,1.916934703609026736e+00,2.763171026058797963e+01,2.829251143362337828e+01,2.977690449035419817e+01,2.081417818715035750e+01,1.050130410942236558e+01
5.200000000000000000e+02,3.252700000000000102e+01,1.916416978910045588e+00,2.763775917900613877e+01,2.829428541111120410e+01,2.978164894743887814e+01,2.079328437566902821e+01,1.049593154852053090e+01
5.210000000000000000e+02,3.253714999999999691e+01,1.915899909132017687e+00,2.764380579498529045e+01,2.829606495584818759e+01,2.978640310617062070e+01,2.077241062976050401e+01,1.049058762630557062e+01
5.220000000000000000e+02,3.254729999999999990e+01,1.915383492329335136e+00,2.764985011021792616e+01,2.829785005836582812e+01,2.979116683485446160e+01,2.075155703204921309e+01,1.048527214851969447e+01
5.230000000000000000e+02,3.255744999999999578e+01,1.914867726566130246e+00,2.765589212639473971e+01,2.829964070902794049e+01,2.979594000705793988e+01,2.073072366404563383e+01,1.047998492660104120e+01
5.240000000000000000e+02,3.256759999999999877e+01,1.914352609916189385e+00,2.766193184520457748e+01,2.830143689803378493e+01,2.980072250135181733e+01,2.070991060615744317e+01,1.047472577735600652e+01
5.250000000000000000e+02,3.257774999999999466e+01,1.913838140462870818e+00,2.766796926833437098e+01,2.830323861542294495e+01,2.980551420092268344e+01,2.068911793770076457e+01,1.046949452265571345e+01
5.260000000000000000e+02,3.258789999999999765e+01,1.913324316299022554e+00,2.767400439746919361e+01,2.830504585107944493e+01,2.981031499335460566e+01,2.066834573691199139e+01,1.046429098915676192e+01
5.270000000000000000e+02,3.259805000000000064e+01,1.912811135526900852e+00,2.768003723429237084e+01,2.830685859473661026e+01,2.981512477038068099e+01,2.064759408095999049e+01,1.045911500804508520e+01
5.280000000000000000e+02,3.260819999999999652e+01,1.912298596258097394e+00,2.768606778048527772e+01,2.830867683598246387e+01,2.981994342764238581e+01,2.062686304595855802e+01,1.045396641479956301e+01
5.290000000000000000e+02,3.261834999999999951e+01,1.911786696613457792e+00,2.769209603772749517e+01,2.831050056426559891e+01,2.982477086446413495e+01,2.060615270697954315e+01,1.044884504897271427e+01
5.300000000000000000e+02,3.262849999999999540e+01,1.911275434723011424e+00,2.769812200769666788e+01,2.831232976890147768e+01,2.982960698365245733e+01,2.058546313806587236e+01,1.044375075398684238e+01
5.310000000000000000e+02,3.263864999999999839e+01,1.910764808725896380e+00,2.770414569206873168e+01,2.831416443907903968e+01,2.983445169131437424e+01,2.056479441224546889e+01,1.043868337694481596e+01
5.320000000000000000e+02,3.264879999999999427e+01,1.910254816770289077e+00,2.771016709251769328e+01,2.831600456386776088e+01,2.983930489668700758e+01,2.054414660154514038e+01,1.043364276845434091e+01
5.330000000000000000e+02,3.265894999999999726e+01,1.909745457013336534e+00,2.771618621071575461e+01,2.831785013222517833e+01,2.984416651197560810e+01,2.052351977700504193e+01,1.042862878246436864e+01
5.340000000000000000e+02,3.266910000000000025e+01,1.909236727621083984e+00,2.772220304833327020e+01,2.831970113300465641e+01,2.984903645220230572e+01,2.050291400869347314e+01,1.042364127611228497e+01
5.350000000000000000e+02,3.267924999999999613e+01,1.908728626768409153e+00,2.772821760703880400e+01,2.832155755496348348e+01,2.985391463506643817e+01,2.048232936572169649e+01,1.041868010958121360e+01
5.360000000000000000e+02,3.268939999999999912e+01,1.908221152638955864e+00,2.773422988849901216e+01,2.832341938677148008e+01,2.985880098081510781e+01,2.046176591625914654e+01,1.041374514596655132e+01
5.370000000000000000e+02,3.269954999999999501e+01,1.907714303425069424e+00,2.774023989437880644e+01,2.832528661701973860e+01,2.986369541212149770e+01,2.044122372754916483e+01,1.040883625115098354e+01
5.380000000000000000e+02,3.270969999999999800e+01,1.907208077327732454e+00,2.774624762634126540e+01,2.832715923422964011e+01,2.986859785397034983e+01,2.042070286592468875e+01,1.040395329368732646e+01
5.390000000000000000e+02,3.271984999999999388e+01,1.906702472556500050e+00,2.775225308604757046e+01,2.832903722686214110e+01,2.987350823355068385e+01,2.040020339682403616e+01,1.039909614468849774e+01
5.400000000000000000e+02,3.272999999999999687e+01,1.906197487329444940e+00,2.775825627515714800e+01,2.833092058332752572e+01,2.987842055195172009e+01,2.037972538480698503e+01,1.039426460634288141e+01
5.410000000000000000e+02,3.273786666666666179e+01,1.905693130405282210e+00,2.776414181440352280e+01,2.833280929199387188e+01,2.988330774137818224e+01,2.035926889357099867e+01,1.038941058522531513e+01
5.420000000000000000e+02,3.274573333333333380e+01,1.905189377521284033e+00,2.777002517270068083e+01,2.833470334119822098e+01,2.988815106880988282e+01,2.033883398596751491e+01,1.038454214883167914e+01
5.430000000000000000e+02,3.275359999999999872e+01,1.904686236356045503e+00,2.777590635160904853e+01,2.833660271925649710e+01,2.989297948683410411e+01,2.031842072400678134e+01,1.037967371838772657e+01
5.440000000000000000e+02,3.276146666666666363e+01,1.904183706991102287e+00,2.778178535268740390e+01,2.833850741447193755e+01,2.989779530141337105e+01,2.029802916890840336e+01,1.037481024159239595e+01
5.450000000000000000e+02,3.276933333333332854e+01,1.903681787931435831e+00,2.778766217749280898e+01,2.834041741514676005e+01,2.990260127115860911e+01,2.027765938101922316e+01,1.036995446382877795e+01
5.460000000000000000e+02,3.277719999999999345e+01,1.903180477464402331e+00,2.779353682758072708e+01,2.834233270959196815e+01,2.990739938753797134e+01,2.025731142001217933e+01,1.036510830483580570e+01
5.470000000000000000e+02,3.278506666666666547e+01,1.902679773873831692e+00,2.779940930450491265e+01,2.834425328613572148e+01,2.991219103915311450e+01,2.023698534478848998e+01,1.036027311026724362e+01
5.480000000000000000e+02,3.279293333333333038e+01,1.902179675571760376e+00,2.780527960981742908e+01,2.834617913313303816e+01,2.991697726332308349e+01,2.021668121346781533e+01,1.035544986223983166e+01
5.490000000000000000e+02,3.280079999999999529e+01,1.901680180718072100e+00,2.781114774506872322e+01,2.834811023897643878e+01,2.992175889737144701e+01,2.019639908342570322e+01,1.035063933273788095e+01
5.500000000000000000e+02,3.280866666666666731e+01,1.901181287848005885e+00,2.781701371180757931e+01,2.835004659210572342e+01,2.992653662675107284e+01,2.017613901132398269e+01,1.034584215835317167e+01
5.510000000000000000e+02,3.281653333333333222e+01,1.900682995190629221e+00,2.782287751158112954e+01,2.835198818101740059e+01,2.993131102327790316e+01,2.015590105312771740e+01,1.034105886817428477e+01
5.520000000000000000e+02,3.282439999999999714e+01,1.900185301014029271e+00,2.782873914593482567e+01,2.835393499427394559e+01,2.993608257565647435e+01,2.013568526412094783e+01,1.033628990200752007e+01
5.530000000000000000e+02,3.283226666666666205e+01,1.899688203641469730e+00,2.783459861641248523e+01,2.835588702050954879e+01,2.994085170794476625e+01,2.011549169893474343e+01,1.033153562933046388e+01
5.540000000000000000e+02,3.284013333333332696e+01,1.899191701422881184e+00,2.784045592455628793e+01,2.835784424845004992e+01,2.994561878067595018e+01,2.009532041152782966e+01,1.032679636350487939e+01
5.550000000000000000e+02,3.284799999999999898e+01,1.898695792714282016e+00,2.784631107190676857e+01,2.835980666690131358e+01,2.995038411879925278e+01,2.007517145518832180e+01,1.032207237210516837e+01
5.560000000000000000e+02,3.285586666666666389e+01,1.898200475873579540e+00,2.785216406000282419e+01,2.836177426478037944e+01,2.995514800399839217e+01,2.005504488258503315e+01,1.031736388808060845e+01
5.570000000000000000e+02,3.286373333333332880e+01,1.897705749263189245e+00,2.785801489038162515e+01,2.836374703111361839e+01,2.995991068826706893e+01,2.003494074578847872e+01,1.031267111528062763e+01
5.580000000000000000e+02,3.287160000000000082e+01,1.897211611252309638e+00,2.786386356457884972e+01,2.836572495504239200e+01,2.996467239894674250e+01,2.001485909627443505e+01,1.030799423181218621e+01
5.590000000000000000e+02,3.287946666666666573e+01,1.896718060217449819e+00,2.786971008412841755e+01,2.836770802583135875e+01,2.996943334152516414e+01,1.999479998492938648e+01,1.030333339335035348e+01
5.600000000000000000e+02,3.288733333333333064e+01,1.896225094541887035e+00,2.787555445056266734e+01,2.836969623287698283e+01,2.997419370203065725e+01,1.997476346206359565e+01,1.029868873650128869e+01
5.610000000000000000e+02,3.289519999999999555e+01,1.895732712616484239e+00,2.788139666541227157e+01,2.837168956571470702e+01,2.997895364959019204e+01,1.995474957742639077e+01,1.029406038161483750e+01
5.620000000000000000e+02,3.290306666666666047e+01,1.895240912837807379e+00,2.788723673020637861e+01,2.837368801402543284e+01,2.998371333878264267e+01,1.993475838021953450e+01,1.028944843488871541e+01
5.630000000000000000e+02,3.291093333333333248e+01,1.894749693610091601e+00,2.789307464647235690e+01,2.837569156764145362e+01,2.998847291148492644e+01,1.991478991910857843e+01,1.028485299001782138e+01
5.640000000000000000e+02,3.291879999999999740e+01,1.894259053344394594e+00,2.789891041573601527e+01,2.837770021655259711e+01,2.999323249829150839e+01,1.989484424223370240e+01,1.028027412962665288e+01
5.650000000000000000e+02,3.292666666666666231e+01,1.893768990458463586e+00,2.790474403952162064e+01,2.837971395091188853e+01,2.999799221971239049e+01,1.987492139722071727e+01,1.027571192654597887e+01
5.660000000000000000e+02,3.293453333333333433e+01,1.893279503376795514e+00,2.791057551935167425e+01,2.838173276104078369e+01,3.000275218724786797e+01,1.985502143119206409e+01,1.027116644491360020e+01
5.670000000000000000e+02,3.294239999999999924e+01,1.892790590530713413e+00,2.791640485674716388e+01,2.838375663743417121e+01,3.000751250433829753e+01,1.983514439077731595e+01,1.026663774110240901e+01
5.680000000000000000e+02,3.295026666666666415e+01,1.892302250358367521e+00,2.792223205322740398e+01,2.838578557076521847e+01,3.001227326717780386e+01,1.981529032212318597e+01,1.026212586451229036e+01
5.690000000000000000e+02,3.295813333333332906e+01,1.891814481304688211e+00,2.792805711031016358e+01,2.838781955188944295e+01,3.001703456540962023e+01,1.979545927090305568e+01,1.025763085826253018e+01
5.700000000000000000e+02,3.296599999999999397e+01,1.891327281821344242e+00,2.793388002951150639e+01,2.838985857184876593e+01,3.002179648273189727e+01,1.977565128232621205e+01,1.025315275980339713e+01
5.710000000000000000e+02,3.297386666666666599e+01,1.890840650366718112e+00,2.793970081234598979e+01,2.839190262187513625e+01,3.002655909743510421e+01,1.975586640114683945e+01,1.024869160145474289e+01
5.720000000000000000e+02,3.298173333333333090e+01,1.890354585405884524e+00,2.794551946032645873e+01,2.839395169339388758e+01,3.003132248287935013e+01,1.973610467167241822e+01,1.024424741087963575e+01
5.730000000000000000e+02,3.298959999999999582e+01,1.889869085410581517e+00,2.795133597496427313e+01,2.839600577802676895e+01,3.003608670791692248e+01,1.971636613777205582e+01,1.023982021150272992e+01
5.740000000000000000e+02,3.299746666666666783e+01,1.889384148859180490e+00,2.795715035776903790e+01,2.839806486759450621e+01,3.004085183726657249e+01,1.969665084288416423e+01,1.023541002288257395e+01
5.750000000000000000e+02,3.300533333333333275e+01,1.888899774236651119e+00,2.796296261024892260e+01,2.840012895411921434e+01,3.004561793184750229e+01,1.967695883002372881e+01,1.023101686104436325e+01
5.760000000000000000e+02,3.301319999999999766e+01,1.888415960034529606e+00,2.796877273391037733e+01,2.840219802982633368e+01,3.005038504907900432e+01,1.965729014178948120e+01,1.022664073877794699e+01
5.770000000000000000e+02,3.302106666666666257e+01,1.887932704750885593e+00,2.797458073025828895e+01,2.840427208714622509e+01,3.005515324314999503e+01,1.963764482037064951e+01,1.022228166590523557e+01
5.780000000000000000e+02,3.302893333333332748e+01,1.887450006890289744e+00,2.798038660079601314e+01,2.840635111871558038e+01,3.005992256526165818e+01,1.961802290755315781e+01,1.021793964952080103e+01
5.790000000000000000e+02,3.303679999999999950e+01,1.886967864963777997e+00,2.798619034702525354e+01,2.840843511737837801e+01,3.006469306384666140e+01,1.959842444472544543e+01,1.021361469420913082e+01
5.800000000000000000e+02,3.304466666666666441e+01,1.886486277488820917e+00,2.799199197044610443e+01,2.841052407618643372e+01,3.006946478476766416e+01,1.957884947288399147e+01,1.020930680224135223e+01
5.810000000000000000e+02,3.305253333333332932e+01,1.886005242989285069e+00,2.799779147255712175e+01,2.841261798839972741e+01,3.007423777149755750e+01,1.955929803263851241e+01,1.020501597375363012e+01
5.820000000000000000e+02,3.306040000000000134e+01,1.885524759995400590e+00,2.800361745525926338e+01,2.841471684748634985e+01,3.007901206528356397e+01,1.953977016421673696e+01,1.020074220690877809e+01
5.830000000000000000e+02,3.306826666666666625e+01,1.885044827043726112e+00,2.800945890302213570e+01,2.841682064712200884e+01,3.008378770529683521e+01,1.952026590746851298e+01,1.019648549803987159e+01
5.840000000000000000e+02,3.307613333333333117e+01,1.884565442677114344e+00,2.801529821709180368e+01,2.841892938118936485e+01,3.008856472876924926e+01,1.950078530187009562e+01,1.019224584179376336e+01
5.850000000000000000e+02,3.308399999999999608e+01,1.884086605444677431e+00,2.802113539897246497e+01,2.842104304377676272e+01,3.009334317111865431e+01,1.948132838652793453e+01,1.018802323125947851e+01
5.860000000000000000e+02,3.309186666666666099e+01,1.883608313901750320e+00,2.802697045016658706e+01,2.842316162917679634e+01,3.009812306606371024e+01,1.946189520018142360e+01,1.018381765807008854e+01
5.870000000000000000e+02,3.309973333333333301e+01,1.883130566609858558e+00,2.803280337217511686e+01,2.842528513188460693e+01,3.010290444572955337e+01,1.944248578120572191e+01,1.017962911250337754e+01
5.880000000000000000e+02,3.310759999999999792e+01,1.882653362136680997e+00,2.803863416649737417e+01,2.842741354659559505e+01,3.010768734074495967e+01,1.942310016761424052e+01,1.017545758358101793e+01
5.890000000000000000e+02,3.311546666666666283e+01,1.882176699056016700e+00,2.804446283463115819e+01,2.842954686820295507e+01,3.011247178033202587e+01,1.940373839706081327e+01,1.017130305916014699e+01
5.900000000000000000e+02,3.312333333333333485e+01,1.881700575947750975e+00,2.805028937807266942e+01,2.843168509179485426e+01,3.011725779238902234e+01,1.938440050684145888e+01,1.016716552601425150e+01
5.910000000000000000e+02,3.313119999999999976e+01,1.881224991397818291e+00,2.805611379831654162e+01,2.843382821265142013e+01,3.012204540356691851e+01,1.936508653389566348e+01,1.016304496990608897e+01
5.920000000000000000e+02,3.313906666666666467e+01,1.880749943998170526e+00,2.806193609685573875e+01,2.843597622624115218e+01,3.012683463934038031e+01,1.934579651480749618e+01,1.015894137565624789e+01
5.930000000000000000e+02,3.314693333333332959e+01,1.880275432346740994e+00,2.806775627518177885e+01,2.843812912821727679e+01,3.013162552407360195e+01,1.932653048580613131e+01,1.015485472720798477e+01
5.940000000000000000e+02,3.315479999999999450e+01,1.879801455047411141e+00,2.807357433478459185e+01,2.844028691441375400e+01,3.013641808108143749e+01,1.930728848276636356e+01,1.015078500768730052e+01
5.950000000000000000e+02,3.316266666666666652e+01,1.879328010709977015e+00,2.807939027715244862e+01,2.844244958084108177e+01,3.014121233268619093e+01,1.928807054120887088e+01,1.014673219945798444e+01
5.960000000000000000e+02,3.317053333333333143e+01,1.878855097950113517e+00,2.808520410377213139e+01,2.844461712368181239e+01,3.014600830027072575e+01,1.926887669629985922e+01,1.014269628417252989e+01
5.970000000000000000e+02,3.317839999999999634e+01,1.878382715389343094e+00,2.809101581612884857e+01,2.844678953928573506e+01,3.015080600432771618e+01,1.924970698285068238e+01,1.013867724281971050e+01
5.980000000000000000e+02,3.318626666666666836e+01,1.877910861655001984e+00,2.809682541570623115e+01,2.844896682416502998e+01,3.015560546450568324e+01,1.923056143531720252e+01,1.013467505576913297e+01
5.990000000000000000e+02,3.319413333333333327e+01,1.877439535380204472e+00,2.810263290398637182e+01,2.845114897498926965e+01,3.016040669965214960e+01,1.921144008779894463e+01,1.013068970281280912e+01
6.000000000000000000e+02,3.320199999999999818e+01,1.876968735203816241e+00,2.810843828244980003e+01,2.845333598858061919e+01,3.016521162222953478e+01,1.919234297403800937e+01,1.012672241214885283e+01
6.010000000000000000e+02,3.321328333333332949e+01,1.876498450384869399e+00,2.811264870788863490e+01,2.845552786190675221e+01,3.017008576316411705e+01,1.917327012741781189e+01,1.012284083122620082e+01
6.020000000000000000e+02,3.322456666666666791e+01,1.876028661476359494e+00,2.811685802419762936e+01,2.845772459207787008e+01,3.017502437463650722e+01,1.915422158095966765e+01,1.011903569638351286e+01
6.030000000000000000e+02,3.323584999999999923e+01,1.875559381689931415e+00,2.812106623194060973e+01,2.845992617632239075e+01,3.018000140685893840e+01,1.913519736732216003e+01,1.011528469505331174e+01
6.040000000000000000e+02,3.324713333333333054e+01,1.875090613487352620e+00,2.812527333168089072e+01,2.846213261169507902e+01,3.018501041455423461e+01,1.911619751880833817e+01,1.011158028677760612e+01
6.050000000000000000e+02,3.325841666666666185e+01,1.874622356910811138e+00,2.812947932398148154e+01,2.846434389598220349e+01,3.019004755332875334e+01,1.909722206732714866e+01,1.010791830923717782e+01
6.060000000000000000e+02,3.326970000000000027e+01,1.874154611495165046e+00,2.813368420940486914e+01,2.846656002700744992e+01,3.019510994855504649e+01,1.907827104446566580e+01,1.010429568810310919e+01
6.070000000000000000e+02,3.328098333333333159e+01,1.873687376531984583e+00,2.813788798851314255e+01,2.846878100239702647e+01,3.020019508825136612e+01,1.905934448143128890e+01,1.010071025569735781e+01
6.080000000000000000e+02,3.329226666666666290e+01,1.873220651236238377e+00,2.814209066186799291e+01,2.847100682013704542e+01,3.020530143336020501e+01,1.904044240904202567e+01,1.009716039002240962e+01
6.090000000000000000e+02,3.330355000000000132e+01,1.872754434605939267e+00,2.814629223003061753e+01,2.847323747801799598e+01,3.021042751905308776e+01,1.902156485775180528e+01,1.009364475247191351e+01
6.100000000000000000e+02,3.331483333333333263e+01,1.872288725786368735e+00,2.815049269356183004e+01,2.847547297399119159e+01,3.021557219305148578e+01,1.900271185764601967e+01,1.009016220756183380e+01
6.110000000000000000e+02,3.332611666666666395e+01,1.871823523700113512e+00,2.815469205302205680e+01,2.847771330617479890e+01,3.022073455718384594e+01,1.898388343844245085e+01,1.008671179229273562e+01
6.120000000000000000e+02,3.333739999999999526e+01,1.871358827246877299e+00,2.815889030897122325e+01,2.847995847277680781e+01,3.022591381945252564e+01,1.896507962944095382e+01,1.008329269794686489e+01
6.130000000000000000e+02,3.334868333333333368e+01,1.870894635328893107e+00,2.816308746196887114e+01,2.848220847209019624e+01,3.023110930266872742e+01,1.894630045961853781e+01,1.007990419622604072e+01
6.140000000000000000e+02,3.335996666666666499e+01,1.870430946843519404e+00,2.816728351257409457e+01,2.848446330246801139e+01,3.023632039997400867e+01,1.892754595752622393e+01,1.007654565420457971e+01
6.150000000000000000e+02,3.337124999999999631e+01,1.869967760675253166e+00,2.817147846134561817e+01,2.848672296232475176e+01,3.024154656820055465e+01,1.890881615132956739e+01,1.007321650416626646e+01
6.160000000000000000e+02,3.338253333333333472e+01,1.869505075695372387e+00,2.817567230884164431e+01,2.848898745013746492e+01,3.024678732230421474e+01,1.889011106881654101e+01,1.006991623151004056e+01
6.170000000000000000e+02,3.339381666666666604e+01,1.869042890765344023e+00,2.817986505562003430e+01,2.849125676444080568e+01,3.025204222604503457e+01,1.887143073739315824e+01,1.006664436762486936e+01
6.180000000000000000e+02,3.340509999999999735e+01,1.868581204740049184e+00,2.818405670223820181e+01,2.849353090381975662e+01,3.025731088282529058e+01,1.885277518407602315e+01,1.006340048417671973e+01
6.190000000000000000e+02,3.341638333333332866e+01,1.868120016469779099e+00,2.818824724925315195e+01,2.849580986690347473e+01,3.026259292951834112e+01,1.883414443548918271e+01,1.006018418749270715e+01
6.200000000000000000e+02,3.342766666666666708e+01,1.867659324801436371e+00,2.819243669722140666e+01,2.849809365236066583e+01,3.026788803247558235e+01,1.881553851786389941e+01,1.005699511353757813e+01
6.210000000000000000e+02,3.343894999999999840e+01,1.867199128579455136e+00,2.819662504669917524e+01,2.850038225889521826e+01,3.027319588414670903e+01,1.879695745703825693e+01,1.005383292394886219e+01
6.220000000000000000e+02,3.345023333333332971e+01,1.866739426646635946e+00,2.820081229824212699e+01,2.850267568524163053e+01,3.027851619986792997e+01,1.877840127845617246e+01,1.005069730298047936e+01
6.230000000000000000e+02,3.346151666666666813e+01,1.866280217844887623e+00,2.820499845240558656e+01,2.850497393016025782e+01,3.028384871505430809e+01,1.875987000716596498e+01,1.004758795498345769e+01
6.240000000000000000e+02,3.347279999999999944e+01,1.865821501015861639e+00,2.820918350974444877e+01,2.850727699243265789e+01,3.028919318292057739e+01,1.874136366781915086e+01,1.004450460220582997e+01
6.250000000000000000e+02,3.348408333333333076e+01,1.865363275001486576e+00,2.821336747081315366e+01,2.850958487085742021e+01,3.029454937261696656e+01,1.872288228466967652e+01,1.004144698287044868e+01
6.260000000000000000e+02,3.349536666666666207e+01,1.864905538644413330e+00,2.821755033616574337e+01,2.851189756424601640e+01,3.029991706763003734e+01,1.870442588157328245e+01,1.003841484953289509e+01
6.270000000000000000e+02,3.350665000000000049e+01,1.864448290788395024e+00,2.822173210635586216e+01,2.851421507141888156e+01,3.030529606437453438e+01,1.868599448198700586e+01,1.003540796768713150e+01
6.280000000000000000e+02,3.351793333333333180e+01,1.863991530278556352e+00,2.822591278193669240e+01,2.851653739120153830e+01,3.031068617095721507e+01,1.866758810896873655e+01,1.003242611456298938e+01
6.290000000000000000e+02,3.352921666666666312e+01,1.863535255961889625e+00,2.823009236346105055e+01,2.851886452242086989e+01,3.031608720610164909e+01,1.864920678517665920e+01,1.002946907807050003e+01
6.300000000000000000e+02,3.354049999999999443e+01,1.863079466687099339e+00,2.823427085148126281e+01,2.852119646390169905e+01,3.032149899821234840e+01,1.863085053286945225e+01,1.002653665586779752e+01
6.310000000000000000e+02,3.355178333333333285e+01,1.862624161305282966e+00,2.823844824654929297e+01,2.852353321446340217e+01,3.032692138455171005e+01,1.861251937390590783e+01,1.002362865453923924e+01
6.320000000000000000e+02,3.356306666666666416e+01,1.862169338669920959e+00,2.824262454921670340e+01,2.852587477291672968e+01,3.033235421050888192e+01,1.859421332974532959e+01,1.002074488887019044e+01
6.330000000000000000e+02,3.357434999999999548e+01,1.861714997636990887e+00,2.824679976003459103e+01,2.852822113806084658e+01,3.033779732894785752e+01,1.857593242144762158e+01,1.001788518120357274e+01
6.340000000000000000e+02,3.358563333333333389e+01,1.861261137065119531e+00,2.825097387955360873e+01,2.853057230868053296e+01,3.034325059962602467e+01,1.855767666967372520e+01,1.001504936086513098e+01
6.350000000000000000e+02,3.359691666666666521e+01,1.860807755815736764e+00,2.825514690832412157e+01,2.853292828354355848e+01,3.034871388867443542e+01,1.853944609468634042e+01,1.001223726364792377e+01
6.360000000000000000e+02,3.360819999999999652e+01,1.860354852753194121e+00,2.825931884689594398e+01,2.853528906139828791e+01,3.035418706813120693e+01,1.852124071635055813e+01,1.000944873135994584e+01
6.370000000000000000e+02,3.361948333333332783e+01,1.859902426744862280e+00,2.826348969581853154e+01,2.853765464097158500e+01,3.035967001552071309e+01,1.850306055413500061e+01,1.000668361136633244e+01
6.380000000000000000e+02,3.363076666666666625e+01,1.859450476661209217e+00,2.826765945564096683e+01,2.854002502096674121e+01,3.036516261347290779e+01,1.848490562711283403e+01,1.000394175629664062e+01
6.390000000000000000e+02,3.364204999999999757e+01,1.858999001375877924e+00,2.827182812691181013e+01,2.854240020006183798e+01,3.037066474937847360e+01,1.846677595396340621e+01,1.000122302359509163e+01
6.400000000000000000e+02,3.365333333333332888e+01,1.858547999765755465e+00,2.827599571017929492e+01,2.854478017690837177e+01,3.037617631507541915e+01,1.844867155297360384e+01,9.998527275263761283e+00
6.410000000000000000e+02,3.366461666666666730e+01,1.858097470711032040e+00,2.828016220599124253e+01,2.854716495012998578e+01,3.038169720656368256e+01,1.843059244203996272e+01,9.995854377591555817e+00
6.420000000000000000e+02,3.367589999999999861e+01,1.857647413095253608e+00,2.828432761489502667e+01,2.854955451832161728e+01,3.038722732374448299e+01,1.841253863867080298e+01,9.993204200893018196e+00
6.430000000000000000e+02,3.368718333333332993e+01,1.857197825805368518e+00,2.828849193743759116e+01,2.855194888004897535e+01,3.039276657018166361e+01,1.839451015998853123e+01,9.990576619259618596e+00
6.440000000000000000e+02,3.369846666666666124e+01,1.856748707731766368e+00,2.829265517416550324e+01,2.855434803384816433e+01,3.039831485288287283e+01,1.837650702273231218e+01,9.987971510338397252e+00
6.450000000000000000e+02,3.370974999999999966e+01,1.856300057768314637e+00,2.829681732562494645e+01,2.855675197822576905e+01,3.040387208209842385e+01,1.835852924326124835e+01,9.985388755136010985e+00
6.460000000000000000e+02,3.372103333333333097e+01,1.855851874812387114e+00,2.830097839236160340e+01,2.855916071165919234e+01,3.040943817113619829e+01,1.834057683755753487e+01,9.982828237838516472e+00
6.470000000000000000e+02,3.373231666666666229e+01,1.855404157764895423e+00,2.830513837492085472e+01,2.856157423259741179e+01,3.041501303619070384e+01,1.832264982123002994e+01,9.980289845640855972e+00
6.480000000000000000e+02,3.374360000000000070e+01,1.854956905530305900e+00,2.830929727384753392e+01,2.856399253946192474e+01,3.042059659618530887e+01,1.830474820951820547e+01,9.977773468587718853e+00
6.490000000000000000e+02,3.375488333333333202e+01,1.854510117016664461e+00,2.831345508968622582e+01,2.856641563064804146e+01,3.042618877262604471e+01,1.828687201729632505e+01,9.975278999427432680e+00
6.500000000000000000e+02,3.376616666666666333e+01,1.854063791135611927e+00,2.831761182298098944e+01,2.856884350452657628e+01,3.043178948946948026e+01,1.826902125907792396e+01,9.972806333478034801e+00
6.510000000000000000e+02,3.377744999999999465e+01,1.853617926802396010e+00,2.832176747427550012e+01,2.857127615944592591e+01,3.043739867298666724e+01,1.825119594902064790e+01,9.970355368502390903e+00
6.520000000000000000e+02,3.378873333333333306e+01,1.853172522935886413e+00,2.832592204411304948e+01,2.857371359373396658e+01,3.044301625166485437e+01,1.823339610093110608e+01,9.967926004591513234e+00
6.530000000000000000e+02,3.380001666666666438e+01,1.852727578458582824e+00,2.833007553303651349e+01,2.857615580570123370e+01,3.044864215607080027e+01,1.821562172827053772e+01,9.965518144055348415e+00
6.540000000000000000e+02,3.381129999999999569e+01,1.852283092296621358e+00,2.833422794158833824e+01,2.857860279364346567e+01,3.045427631876774299e+01,1.819787284416020867e+01,9.963131691321214234e+00
6.550000000000000000e+02,3.382258333333333411e+01,1.851839063379781658e+00,2.833837927031053283e+01,2.858105455584465560e+01,3.045991867422214128e+01,1.818014946138721299e+01,9.960766552839164234e+00
6.560000000000000000e+02,3.383386666666666542e+01,1.851395490641491115e+00,2.834252951974483636e+01,2.858351109058050454e+01,3.046556915871222770e+01,1.816245159241067242e+01,9.958422636993383037e+00
6.570000000000000000e+02,3.384514999999999674e+01,1.850952373018825536e+00,2.834667869043238042e+01,2.858597239612199559e+01,3.047122771024177013e+01,1.814477924936789677e+01,9.956099854019006656e+00
6.580000000000000000e+02,3.385643333333332805e+01,1.850509709452512030e+00,2.835082678291407632e+01,2.858843847073913480e+01,3.047689426846183736e+01,1.812713244408100977e+01,9.953798115924119116e+00
6.590000000000000000e+02,3.386771666666666647e+01,1.850067498886927897e+00,2.835497379773031668e+01,2.859090931270523583e+01,3.048256877459935410e+01,1.810951118806342564e+01,9.951517336416488391e+00
6.600000000000000000e+02,3.387899999999999778e+01,1.849625740270100627e+00,2.835911973542109266e+01,2.859338492030090606e+01,3.048825098609926343e+01,1.809191549252669873e+01,9.949255711187369400e+00
6.610000000000000000e+02,3.388548333333333318e+01,1.849184447619279581e+00,2.836371262515616465e+01,2.859586529181826009e+01,3.049384149637819164e+01,1.807434536838746908e+01,9.946916684050444601e+00
6.620000000000000000e+02,3.389196666666666147e+01,1.848743602017077547e+00,2.836830419368125433e+01,2.859835042556562001e+01,3.049935537477442082e+01,1.805680082627360861e+01,9.944514248631561415e+00
6.630000000000000000e+02,3.389844999999999686e+01,1.848303206925924647e+00,2.837289444172944286e+01,2.860084031987242881e+01,3.050482365793308404e+01,1.803928187653113113e+01,9.942079350142286387e+00
6.640000000000000000e+02,3.390493333333333226e+01,1.847863262113665250e+00,2.837748337003315768e+01,2.860333497309245843e+01,3.051025701866713646e+01,1.802178852923124808e+01,9.939622505307742273e+00
6.650000000000000000e+02,3.391141666666666765e+01,1.847423766360348774e+00,2.838207097932419742e+01,2.860583438361278752e+01,3.051566146948998437e+01,1.800432079417972986e+01,9.937149758478662775e+00
6.660000000000000000e+02,3.391789999999999594e+01,1.846984718355038302e+00,2.838665727033376029e+01,2.860833854985128966e+01,3.052104122406662157e+01,1.798687868093912812e+01,9.934665300682601341e+00
6.670000000000000000e+02,3.392438333333333134e+01,1.846546116857238351e+00,2.839124224379245476e+01,2.861084747026462693e+01,3.052639931663276229e+01,1.796946219879917450e+01,9.932171965719147622e+00
6.680000000000000000e+02,3.393086666666666673e+01,1.846107960756234290e+00,2.839582590043031018e+01,2.861336114335471947e+01,3.053173800400170634e+01,1.795207135681981470e+01,9.929672037615359770e+00
6.690000000000000000e+02,3.393734999999999502e+01,1.845670248807351532e+00,2.840040824097668803e+01,2.861587956767280616e+01,3.053705908350430676e+01,1.793470616381119953e+01,9.927167307074249436e+00
6.700000000000000000e+02,3.394383333333333042e+01,1.845232980055937277e+00,2.840498926616036002e+01,2.861840274182359423e+01,3.054236406581241425e+01,1.791736662835191751e+01,9.924659266664630053e+00
6.710000000000000000e+02,3.395031666666666581e+01,1.844796153354621548e+00,2.840956897670955783e+01,2.862093066446965750e+01,3.054765423937982760e+01,1.790005275879959257e+01,9.922149172968621755e+00
6.720000000000000000e+02,3.395680000000000121e+01,1.844359767580166176e+00,2.841414737335179552e+01,2.862346333433371370e+01,3.055293070956999202e+01,1.788276456329715458e+01,9.919638089674650772e+00
6.730000000000000000e+02,3.396328333333332949e+01,1.843923821654433359e+00,2.841872445681410753e+01,2.862600075021009616e+01,3.055819441094368827e+01,1.786550204977755385e+01,9.917126931163856796e+00
6.740000000000000000e+02,3.396976666666666489e+01,1.843488314527015781e+00,2.842330022782282128e+01,2.862854291095731440e+01,3.056344618109217137e+01,1.784826522596979359e+01,9.914616497161796715e+00
6.750000000000000000e+02,3.397625000000000028e+01,1.843053245158395415e+00,2.842787468710371357e+01,2.863108981551640753e+01,3.056868674775379446e+01,1.783105409940564101e+01,9.912107494595556290e+00
6.760000000000000000e+02,3.398273333333332857e+01,1.842618612514301590e+00,2.843244783538195009e+01,2.863364146290740209e+01,3.057391676417844550e+01,1.781386867742642366e+01,9.909600551975497496e+00
6.770000000000000000e+02,3.398921666666666397e+01,1.842184415566134659e+00,2.843701967338214232e+01,2.863619785223219338e+01,3.057913682098364916e+01,1.779670896718920048e+01,9.907096231344526771e+00
6.780000000000000000e+02,3.399569999999999936e+01,1.841750653291998274e+00,2.844159020182820541e+01,2.863875898267910713e+01,3.058434745295533119e+01,1.777957497567287604e+01,9.904595038751599745e+00
6.790000000000000000e+02,3.400218333333333476e+01,1.841317324676722489e+00,2.844615942144355714e+01,2.864132485352739721e+01,3.058954914572084860e+01,1.776246670968376051e+01,9.902097432653862441e+00
6.800000000000000000e+02,3.400866666666666305e+01,1.840884428711322407e+00,2.845072733295094380e+01,2.864389546415080545e+01,3.059474234280965987e+01,1.774538417586137129e+01,9.899603830362535106e+00
6.810000000000000000e+02,3.401514999999999844e+01,1.840451964392478601e+00,2.845529393707252908e+01,2.864647081402054596e+01,3.059992745170491091e+01,1.772832738068393610e+01,9.897114613220265866e+00
6.820000000000000000e+02,3.402163333333333384e+01,1.840019930722203600e+00,2.845985923452990463e+01,2.864905090270815435e+01,3.060510484836789047e+01,1.771129633047364038e+01,9.894630130993482098e+00
6.830000000000000000e+02,3.402811666666666213e+01,1.839588326707623178e+00,2.846442322604404040e+01,2.865163572988845075e+01,3.061027488074110536e+01,1.769429103140172899e+01,9.892150705621181928e+00
6.840000000000000000e+02,3.403459999999999752e+01,1.839157151360638620e+00,2.846898591233532017e+01,2.865422529534236773e+01,3.061543787177963338e+01,1.767731148949336983e+01,9.889676634371673103e+00
6.850000000000000000e+02,3.404108333333333292e+01,1.838726403698380807e+00,2.847354729412356278e+01,2.865681959895938391e+01,3.062059412216985166e+01,1.766035771063237547e+01,9.887208192503610604e+00
6.860000000000000000e+02,3.404756666666666831e+01,1.838296082741908588e+00,2.847810737212793342e+01,2.865941864073985812e+01,3.062574391268984542e+01,1.764342970056553739e+01,9.884745635542227404e+00
6.870000000000000000e+02,3.405404999999999660e+01,1.837866187517304351e+00,2.848266614706704658e+01,2.866202242079711482e+01,3.063088750620448053e+01,1.762652746490707401e+01,9.882289201250076260e+00
6.880000000000000000e+02,3.406053333333333200e+01,1.837436717055046520e+00,2.848722361965890215e+01,2.866463093935938389e+01,3.063602514936738430e+01,1.760965100914260617e+01,9.879839111341903291e+00
6.890000000000000000e+02,3.406701666666666739e+01,1.837007670389776637e+00,2.849177979062093158e+01,2.866724419677149882e+01,3.064115707410988776e+01,1.759280033863294079e+01,9.877395572980747218e+00
6.900000000000000000e+02,3.407349999999999568e+01,1.836579046560240513e+00,2.849633466066993748e+01,2.866986219349647769e+01,3.064628349895969350e+01,1.757597545861774080e+01,9.874958780088121557e+00
6.910000000000000000e+02,3.407998333333333107e+01,1.836150844609283128e+00,2.850088823052218601e+01,2.867248493011677013e+01,3.065140463020675199e+01,1.755917637421891442e+01,9.872528914485615203e+00
6.920000000000000000e+02,3.408646666666666647e+01,1.835723063583795556e+00,2.850544050089326120e+01,2.867511240733539069e+01,3.065652066293111844e+01,1.754240309044387658e+01,9.870106146963244953e+00
6.930000000000000000e+02,3.409295000000000186e+01,1.835295702534631257e+00,2.850999147249825683e+01,2.867774462597687801e+01,3.066163178191317584e+01,1.752565561218812107e+01,9.867690638063926656e+00
6.940000000000000000e+02,3.409943333333333015e+01,1.834868760516529695e+00,2.851454114605166268e+01,2.868038158698781359e+01,3.066673816244542650e+01,1.750893394423846061e+01,9.865282539068877199e+00
6.950000000000000000e+02,3.410591666666666555e+01,1.834442236588057273e+00,2.851908952226728999e+01,2.868302329143729423e+01,3.067183997106029736e+01,1.749223809127536455e+01,9.862881992657154484e+00
6.960000000000000000e+02,3.411240000000000094e+01,1.834016129811560258e+00,2.852363660185845617e+01,2.868566974051706708e+01,3.067693736618408451e+01,1.747556805787482759e+01,9.860489133509052095e+00
6.970000000000000000e+02,3.411888333333333634e+01,1.833590439253119486e+00,2.852818238553787822e+01,2.868832093554144436e+01,3.068203049872557386e+01,1.745892384851037349e+01,9.858104088884331873e+00
6.980000000000000000e+02,3.412536666666666463e+01,1.833165163982500179e+00,2.853272687401764784e+01,2.869097687794685925e+01,3.068711951260750936e+01,1.744230546755464673e+01,9.855726979179527447e+00
6.990000000000000000e+02,3.413185000000000002e+01,1.832740303073109978e+00,2.853727006800928478e+01,2.869363756929113407e+01,3.069220454524792174e+01,1.742571291928067723e+01,9.853357918424652695e+00
7.000000000000000000e+02,3.413833333333333542e+01,1.832315855601958532e+00,2.854181196822372257e+01,2.869630301125243221e+01,3.069728572799751021e+01,1.740914620786280764e+01,9.850997014711788680e+00
7.010000000000000000e+02,3.414481666666666371e+01,1.831891820649620417e+00,2.854635257537137960e+01,2.869897320562795784e+01,3.070236318653786611e+01,1.739260533737726533e+01,9.848644370579950902e+00
7.020000000000000000e+02,3.415129999999999910e+01,1.831468197300196721e+00,2.855089189016196372e+01,2.870164815433214400e+01,3.070743704123513140e+01,1.737609031180241104e+01,9.846300083375366441e+00
7.030000000000000000e+02,3.415778333333333450e+01,1.831044984641285067e+00,2.855542991330466762e+01,2.870432785939443221e+01,3.071250740750281594e+01,1.735960113501839430e+01,9.843964245587443429e+00
7.040000000000000000e+02,3.416426666666666989e+01,1.830622181763944312e+00,2.855996664550812980e+01,2.870701232295703065e+01,3.071757439605066153e+01,1.734313781080665962e+01,9.841636945154574434e+00
7.050000000000000000e+02,3.417074999999999818e+01,1.830199787762664787e+00,2.856450208748037767e+01,2.870970154727157819e+01,3.072263811324265603e+01,1.732670034284894101e+01,9.839318265740619296e+00
7.060000000000000000e+02,3.417723333333333358e+01,1.829777801735339215e+00,2.856903623992882757e+01,2.871239553469606776e+01,3.072769866130318661e+01,1.731028873472572371e+01,9.837008286988730532e+00
7.070000000000000000e+02,3.418371666666666897e+01,1.829356222783232955e+00,2.857356910356031676e+01,2.871509428769108041e+01,3.073275613855020083e+01,1.729390298991443586e+01,9.834707084757178919e+00
7.080000000000000000e+02,3.419019999999999726e+01,1.828935050010959129e+00,2.857810067908118867e+01,2.871779780881562516e+01,3.073781063962131199e+01,1.727754311178719604e+01,9.832414731338383618e+00
7.090000000000000000e+02,3.419668333333333266e+01,1.828514282526451540e+00,2.858263096719711527e+01,2.872050610072261634e+01,3.074286225568523889e+01,1.726120910360798177e+01,9.830131295660844870e+00
7.100000000000000000e+02,3.420316666666666805e+01,1.828093919440938464e+00,2.858715996861321429e+01,2.872321916615380033e+01,3.074791107463010675e+01,1.724490096852958843e+01,9.827856843475318627e+00
7.110000000000000000e+02,3.420965000000000344e+01,1.827673959868919562e+00,2.859168768403405991e+01,2.872593700793431637e+01,3.075295718123361866e+01,1.722861870958998054e+01,9.825591437527567251e+00
7.120000000000000000e+02,3.421613333333333173e+01,1.827254402928143229e+00,2.859621411416357972e+01,2.872865962896704417e+01,3.075800065732322253e+01,1.721236232970834479e+01,9.823335137719315213e+00
7.130000000000000000e+02,3.422261666666666713e+01,1.826835247739581281e+00,2.860073925970517550e+01,2.873138703222645063e+01,3.076304158192823834e+01,1.719613183168079829e+01,9.821088001258120315e+00
7.140000000000000000e+02,3.422910000000000252e+01,1.826416493427408305e+00,2.860526312136168059e+01,2.873411922075197111e+01,3.076808003142185655e+01,1.717992721817557467e+01,9.818850082796915402e+00
7.150000000000000000e+02,3.423558333333333081e+01,1.825998139118980790e+00,2.860978569983529951e+01,2.873685619764128774e+01,3.077311607965218343e+01,1.716374849172801476e+01,9.816621434563954196e+00
7.160000000000000000e+02,3.424206666666666621e+01,1.825580183944814472e+00,2.861430699582770387e+01,2.873959796604319905e+01,3.077814979806394646e+01,1.714759565473514158e+01,9.814402106484399368e+00
7.170000000000000000e+02,3.424855000000000160e+01,1.825162627038564578e+00,2.861882701004000040e+01,2.874234452915012028e+01,3.078318125581279574e+01,1.713146870945004352e+01,9.812192146293824635e+00
7.180000000000000000e+02,3.425503333333333700e+01,1.824745467537007393e+00,2.862334574317269542e+01,2.874509589019044142e+01,3.078821051987279489e+01,1.711536765797590220e+01,9.809991599644689586e+00
7.190000000000000000e+02,3.426151666666666529e+01,1.824328704580017391e+00,2.862786319592573037e+01,2.874785205242055497e+01,3.079323765513748512e+01,1.709929250225980724e+01,9.807800510206135414e+00
7.200000000000000000e+02,3.426800000000000068e+01,1.823912337310551690e+00,2.863237936899844271e+01,2.875061301911664913e+01,3.079826882618943173e+01,1.708324324408626183e+01,9.805619999458244251e+00
7.210000000000000000e+02,3.427696666666666658e+01,1.823496380455320809e+00,2.863744477246663678e+01,2.875337879356720805e+01,3.080333376473958040e+01,1.706721988507067778e+01,9.803499614689767938e+00
7.220000000000000000e+02,3.428593333333333248e+01,1.823080817035365842e+00,2.864250856697148251e+01,2.875614937906404478e+01,3.080845369386062060e+01,1.705122242665274612e+01,9.801433235102621211e+00
7.230000000000000000e+02,3.429489999999999839e+01,1.822665649361570273e+00,2.864757075349813320e+01,2.875892477889263432e+01,3.081359592264804093e+01,1.703525087008631189e+01,9.799404146170795471e+00
7.240000000000000000e+02,3.430386666666666429e+01,1.822250877108704703e+00,2.865263133303082910e+01,2.876170499632516453e+01,3.081875825929572343e+01,1.701930521644155903e+01,9.797406775118954414e+00
7.250000000000000000e+02,3.431283333333333019e+01,1.821836499173703494e+00,2.865769030655291871e+01,2.876449003461218368e+01,3.082393771156714735e+01,1.700338546657281213e+01,9.795438112600555414e+00
7.260000000000000000e+02,3.432180000000000319e+01,1.821422514383504110e+00,2.866274767504683751e+01,2.876727989697015531e+01,3.082913211503133866e+01,1.698749162115575828e+01,9.793495947723714679e+00
7.270000000000000000e+02,3.433076666666666910e+01,1.821008921644907463e+00,2.866780343949406529e+01,2.877007458657911698e+01,3.083433994414313517e+01,1.697162368065754379e+01,9.791578696678575611e+00
7.280000000000000000e+02,3.433973333333333500e+01,1.820595719983269190e+00,2.867285760087528956e+01,2.877287410657238453e+01,3.083956006013518447e+01,1.695578164531919896e+01,9.789685199080006228e+00
7.290000000000000000e+02,3.434870000000000090e+01,1.820182908343504824e+00,2.867791016017022443e+01,2.877567846002579799e+01,3.084479154183084049e+01,1.693996551515406068e+01,9.787814526811136062e+00
7.300000000000000000e+02,3.435766666666666680e+01,1.819770485907022950e+00,2.868296111835768514e+01,2.877848764994983455e+01,3.085003363308605628e+01,1.692417528994513987e+01,9.785965897006624559e+00
7.310000000000000000e+02,3.436663333333333270e+01,1.819358451708319890e+00,2.868801047641563784e+01,2.878130167928193472e+01,3.085528570106145452e+01,1.690841096923902143e+01,9.784138642397685715e+00
7.320000000000000000e+02,3.437559999999999860e+01,1.818946804799892902e+00,2.869305823532116051e+01,2.878412055087857269e+01,3.086054720309116561e+01,1.689267255234704734e+01,9.782332190733875166e+00
7.330000000000000000e+02,3.438456666666666450e+01,1.818535544275144300e+00,2.869810439605034702e+01,2.878694426751111379e+01,3.086581766691332263e+01,1.687696003831232261e+01,9.780546057441208418e+00
7.340000000000000000e+02,3.439353333333333040e+01,1.818124669255118064e+00,2.870314895957847412e+01,2.878977283184495661e+01,3.087109668968712128e+01,1.686127342594699385e+01,9.778779808334020274e+00
7.350000000000000000e+02,3.440250000000000341e+01,1.817714178873153452e+00,2.870819192687991972e+01,2.879260624645574040e+01,3.087638390736254124e+01,1.684561271377446801e+01,9.777033065417175095e+00
7.360000000000000000e+02,3.441146666666666931e+01,1.817304072268876025e+00,2.871323329892818776e+01,2.879544451379577552e+01,3.088167900309358060e+01,1.682997790005224559e+01,9.775305488857428671e+00
7.370000000000000000e+02,3.442043333333333521e+01,1.816894348587969832e+00,2.871827307669584783e+01,2.879828763619894616e+01,3.088698169238442404e+01,1.681436898276987435e+01,9.773596770921214372e+00
7.380000000000000000e+02,3.442940000000000111e+01,1.816485006982867523e+00,2.872331126115463107e+01,2.880113561587610960e+01,3.089229171768443294e+01,1.679878595963998933e+01,9.771906632447629804e+00
7.390000000000000000e+02,3.443836666666666702e+01,1.816076046612667971e+00,2.872834785327530227e+01,2.880398845490765325e+01,3.089760884536541852e+01,1.678322882809000660e+01,9.770234819360625877e+00
7.400000000000000000e+02,3.444733333333333292e+01,1.815667466642549188e+00,2.873338285402784109e+01,2.880684615523581371e+01,3.090293286309903920e+01,1.676769758525703224e+01,9.768581099012443758e+00
7.410000000000000000e+02,3.445629999999999882e+01,1.815259266243191449e+00,2.873841626438124663e+01,2.880970871865851990e+01,3.090826357705768501e+01,1.675219222798439489e+01,9.766945257067737529e+00
7.420000000000000000e+02,3.446526666666666472e+01,1.814851444590373841e+00,2.874344808530375062e+01,2.881257614682396806e+01,3.091360080935046994e+01,1.673671275281783011e+01,9.765327095174725969e+00
7.430000000000000000e+02,3.447423333333333062e+01,1.814444000864690931e+00,2.874847831776254736e+01,2.881544844122538862e+01,3.091894439601628264e+01,1.672125915600143031e+01,9.763726429159163445e+00
7.440000000000000000e+02,3.448319999999999652e+01,1.814036934251212152e+00,2.875350696272412776e+01,2.881832560319612924e+01,3.092429418547916598e+01,1.670583143347375810e+01,9.762143087461518931e+00
7.450000000000000000e+02,3.449216666666666953e+01,1.813630243939730269e+00,2.875853402115393109e+01,2.882120763390475204e+01,3.092965003724136253e+01,1.669042958086428996e+01,9.760576909738341911e+00
7.460000000000000000e+02,3.450113333333333543e+01,1.813223929123684242e+00,2.876355949401661860e+01,2.882409453435045421e+01,3.093501182070988165e+01,1.667505359349048177e+01,9.759027745650692864e+00
7.470000000000000000e+02,3.451010000000000133e+01,1.812817989000984120e+00,2.876858338227598466e+01,2.882698630535890771e+01,3.094037941416010185e+01,1.665970346635500832e+01,9.757495453841013244e+00
7.480000000000000000e+02,3.451906666666666723e+01,1.812412422773477916e+00,2.877360568689487152e+01,2.882988294757844727e+01,3.094575270384796184e+01,1.664437919414318756e+01,9.755979901060809922e+00
7.490000000000000000e+02,3.452803333333333313e+01,1.812007229646694473e+00,2.877862640883533629e+01,2.883278446147647500e+01,3.095113158325101210e+01,1.662908077122072470e+01,9.754480961408974693e+00
7.500000000000000000e+02,3.453699999999999903e+01,1.811602408829746214e+00,2.878364554905844841e+01,2.883569084733631271e+01,3.095651595240650167e+01,1.661380819163186828e+01,9.752998515658276801e+00
7.510000000000000000e+02,3.454596666666666493e+01,1.811197959535298274e+00,2.878866310852451349e+01,2.883860210525405776e+01,3.096190571732411101e+01,1.659856144909776532e+01,9.751532450660626239e+00
7.520000000000000000e+02,3.455493333333333084e+01,1.810793880979508552e+00,2.879367908819289568e+01,2.884151823513598245e+01,3.096730078946396603e+01,1.658334053701502597e+01,9.750082658823421511e+00
7.530000000000000000e+02,3.456389999999999674e+01,1.810390172381934670e+00,2.879869348902209225e+01,2.884443923669615373e+01,3.097270108527470001e+01,1.656814544845468973e+01,9.748649037646780258e+00
7.540000000000000000e+02,3.457286666666666264e+01,1.809986832965440939e+00,2.880370631196980824e+01,2.884736510945450405e+01,3.097810652578368007e+01,1.655297617616144734e+01,9.747231489311467101e+00
7.550000000000000000e+02,3.458183333333333564e+01,1.809583861956132411e+00,2.880871755799274325e+01,2.885029585273492359e+01,3.098351703623139031e+01,1.653783271255326426e+01,9.745829920310004724e+00
7.560000000000000000e+02,3.459080000000000155e+01,1.809181258583297591e+00,2.881372722804682596e+01,2.885323146566389241e+01,3.098893254574326761e+01,1.652271504972121008e+01,9.744444241115884253e+00
7.570000000000000000e+02,3.459976666666666745e+01,1.808779022079354704e+00,2.881873532308712882e+01,2.885617194716943246e+01,3.099435298703440367e+01,1.650762317942947988e+01,9.743074365886222665e+00
7.580000000000000000e+02,3.460873333333333335e+01,1.808377151679795958e+00,2.882374184406778284e+01,2.885911729598023712e+01,3.099977829614329394e+01,1.649255709311590223e+01,9.741720212193884620e+00
7.590000000000000000e+02,3.461769999999999925e+01,1.807975646623141586e+00,2.882874679194211609e+01,2.886206751062517739e+01,3.100520841219142909e+01,1.647751678189285229e+01,9.740381700785270880e+00
7.600000000000000000e+02,3.462666666666666515e+01,1.807574506150888993e+00,2.883375016766254006e+01,2.886502258943320598e+01,3.101064327716551361e+01,1.646250223654804756e+01,9.739058755360728625e+00
7.610000000000000000e+02,3.463563333333333105e+01,1.807173729507475901e+00,2.883875197218063846e+01,2.886798253053349939e+01,3.101608283571943758e+01,1.644751344754612177e+01,9.737751302374920925e+00
7.620000000000000000e+02,3.464459999999999695e+01,1.806773315940239044e+00,2.884375220644714233e+01,2.887094733185603346e+01,3.102152703499390185e+01,1.643255040503031239e+01,9.736459270859677773e+00
7.630000000000000000e+02,3.465356666666666285e+01,1.806373264699374870e+00,2.884875087141189454e+01,2.887391699113236854e+01,3.102697582445194513e+01,1.641761309882462427e+01,9.735182592243761590e+00
7.640000000000000000e+02,3.466253333333332876e+01,1.805973575037908008e+00,2.885374796802387820e+01,2.887689150589696396e+01,3.103242915572849014e+01,1.640270151843587243e+01,9.733921200227173998e+00
7.650000000000000000e+02,3.467150000000000176e+01,1.805574246211655742e+00,2.885874349723122023e+01,2.887987087348857429e+01,3.103788698249251610e+01,1.638781565305691501e+01,9.732675030604530875e+00
7.660000000000000000e+02,3.468046666666666766e+01,1.805175277479198703e+00,2.886373745998121976e+01,2.888285509105220328e+01,3.104334926032049680e+01,1.637295549156949548e+01,9.731444021162449332e+00
7.670000000000000000e+02,3.468943333333333356e+01,1.804776668101848225e+00,2.886872985722029838e+01,2.888584415554133500e+01,3.104881594657998534e+01,1.635812102254753242e+01,9.730228111564141358e+00
7.680000000000000000e+02,3.469839999999999947e+01,1.804378417343620589e+00,2.887372068989400375e+01,2.888883806372047047e+01,3.105428700032240741e+01,1.634331223426075397e+01,9.729027243237506895e+00
7.690000000000000000e+02,3.470736666666666537e+01,1.803980524471210378e+00,2.887870995894701309e+01,2.889183681216797694e+01,3.105976238218415375e+01,1.632852911467887225e+01,9.727841359270813726e+00
7.700000000000000000e+02,3.471633333333333127e+01,1.803582988753963612e+00,2.888369766532322913e+01,2.889484039727931020e+01,3.106524205429509777e+01,1.631377165147583597e+01,9.726670404320113761e+00
7.710000000000000000e+02,3.472529999999999717e+01,1.803185809463852873e+00,2.888868380996560958e+01,2.889784881527053173e+01,3.107072598019399834e+01,1.629903983203454843e+01,9.725514324525795118e+00
7.720000000000000000e+02,3.473426666666666307e+01,1.802788985875453998e+00,2.889366839381630925e+01,2.890086206218204268e+01,3.107621412474999190e+01,1.628433364345183065e+01,9.724373067434045836e+00
7.730000000000000000e+02,3.474323333333332897e+01,1.802392517265924088e+00,2.889865141781663738e+01,2.890388013388265520e+01,3.108170645408975119e+01,1.626965307254337745e+01,9.723246581922506238e+00
7.740000000000000000e+02,3.475219999999999487e+01,1.801996402914978868e+00,2.890363288290703991e+01,2.890690302607408313e+01,3.108720293552990910e+01,1.625499810584935645e+01,9.722134818130857781e+00
7.750000000000000000e+02,3.476116666666666788e+01,1.801600642104873140e+00,2.890861279002710305e+01,2.890993073429544680e+01,3.109270353751389848e+01,1.624036872964015998e+01,9.721037727397169093e+00
7.760000000000000000e+02,3.477013333333333378e+01,1.801205234120378362e+00,2.891359114011556386e+01,2.891296325392805500e+01,3.109820822955337860e+01,1.622576492992237363e+01,9.719955262198775259e+00
7.770000000000000000e+02,3.477909999999999968e+01,1.800810178248763549e+00,2.891856793411032456e+01,2.891600058020055997e+01,3.110371698217345227e+01,1.621118669244476607e+01,9.718887376096951414e+00
7.780000000000000000e+02,3.478806666666666558e+01,1.800415473779777953e+00,2.892354317294847377e+01,2.891904270819419054e+01,3.110922976686141084e+01,1.619663400270465914e+01,9.717834023684750022e+00
7.790000000000000000e+02,3.479703333333333148e+01,1.800021120005631081e+00,2.892851685756619773e+01,2.892208963284815937e+01,3.111474655601902839e+01,1.618210684595448967e+01,9.716795160538374887e+00
7.800000000000000000e+02,3.480599999999999739e+01,1.799627116220975598e+00,2.893348898889886556e+01,2.892514134896461542e+01,3.112026533423324892e+01,1.616760520720846728e+01,9.715770368310744587e+00
7.810000000000000000e+02,3.481159999999999854e+01,1.799233489119655305e+00,2.893997204480846008e+01,2.892819785121638887e+01,3.112572186766617932e+01,1.615312907124929609e+01,9.714690598330951943e+00
7.820000000000000000e+02,3.481719999999999970e+01,1.798840223359292168e+00,2.894645246173956110e+01,2.893125913415008910e+01,3.113112046383990972e+01,1.613867842263459451e+01,9.713566944949210580e+00
7.830000000000000000e+02,3.482280000000000086e+01,1.798447315285631287e+00,2.895293024176145025e+01,2.893432519216888821e+01,3.113648694036048425e+01,1.612425324570424578e+01,9.712420845486134269e+00
7.840000000000000000e+02,3.482839999999999492e+01,1.798054763351592422e+00,2.895940538694085831e+01,2.893739601883947188e+01,3.114182763288474476e+01,1.610985352458106590e+01,9.711259495222146043e+00
7.850000000000000000e+02,3.483399999999999608e+01,1.797662565853373140e+00,2.896587789934223167e+01,2.894047160886077918e+01,3.114714634088728573e+01,1.609547924319765144e+01,9.710087184027695884e+00
7.860000000000000000e+02,3.483959999999999724e+01,1.797270721209747624e+00,2.897234778102746944e+01,2.894355195698237182e+01,3.115244580689392606e+01,1.608113038528544791e+01,9.708906727081000554e+00
7.870000000000000000e+02,3.484519999999999840e+01,1.796879228059434785e+00,2.897881503405614723e+01,2.894663705676630272e+01,3.115772860374085340e+01,1.606680693438624630e+01,9.707720159959043471e+00
7.880000000000000000e+02,3.485079999999999956e+01,1.796488085247839539e+00,2.898527966048536442e+01,2.894972690282820338e+01,3.116299615612604512e+01,1.605250887385666303e+01,9.706529053271790275e+00
7.890000000000000000e+02,3.485640000000000072e+01,1.796097291620012415e+00,2.899174166236982941e+01,2.895282148864839655e+01,3.116824990952572705e+01,1.603823618688617003e+01,9.705334696954997398e+00
7.900000000000000000e+02,3.486199999999999477e+01,1.795706846288962710e+00,2.899820104176186675e+01,2.895592080776690835e+01,3.117349100615145829e+01,1.602398885649688864e+01,9.704138146337626836e+00
7.910000000000000000e+02,3.486759999999999593e+01,1.795316748257792971e+00,2.900469230184466340e+01,2.895902485383852110e+01,3.117872032367620960e+01,1.600976686553502404e+01,9.702940262640080249e+00
7.920000000000000000e+02,3.487319999999999709e+01,1.794926996566522881e+00,2.901119424933149205e+01,2.896213362052155915e+01,3.118393863889887641e+01,1.599557019671413727e+01,9.701741803743043846e+00
7.930000000000000000e+02,3.487879999999999825e+01,1.794537590316716669e+00,2.901769356108863107e+01,2.896524710141559211e+01,3.118914660951257645e+01,1.598139883258506622e+01,9.700543415050532303e+00
7.940000000000000000e+02,3.488439999999999941e+01,1.794148528655193253e+00,2.902419023917395791e+01,2.896836529004258765e+01,3.119434482453016599e+01,1.596725275555737156e+01,9.699345662903816390e+00
7.950000000000000000e+02,3.489000000000000057e+01,1.793759810754085526e+00,2.903068428564291281e+01,2.897148817986974834e+01,3.119953381159927730e+01,1.595313194791057221e+01,9.698149050187289788e+00
7.960000000000000000e+02,3.489560000000000173e+01,1.793371435801559555e+00,2.903717570254850244e+01,2.897461576432910135e+01,3.120471404155001238e+01,1.593903639179979059e+01,9.696954026309065000e+00
7.970000000000000000e+02,3.490119999999999578e+01,1.792983402999809517e+00,2.904366449194139221e+01,2.897774803682245448e+01,3.120988593688586121e+01,1.592496606925982228e+01,9.695760994647095288e+00
7.980000000000000000e+02,3.490679999999999694e+01,1.792595711564651140e+00,2.905015065586983170e+01,2.898088499072163415e+01,3.121504988089562360e+01,1.591092096221052188e+01,9.694570319189612206e+00
7.990000000000000000e+02,3.491239999999999810e+01,1.792208360724506289e+00,2.905663419637965106e+01,2.898402661937174329e+01,3.122020622399790213e+01,1.589690105246326013e+01,9.693382330406985048e+00
8.000000000000000000e+02,3.491799999999999926e+01,1.791821349718966339e+00,2.906311511551438542e+01,2.898717291609744251e+01,3.122535528772271007e+01,1.588290632172759587e+01,9.692197330025525304e+00
8.010000000000000000e+02,3.492360000000000042e+01,1.791434677797474340e+00,2.906959341531505103e+01,2.899032387420905010e+01,3.123049736796122033e+01,1.586893675161716111e+01,9.691015594743285888e+00
8.020000000000000000e+02,3.492920000000000158e+01,1.791048344218315158e+00,2.907606909782037974e+01,2.899347948700745548e+01,3.123563273808498764e+01,1.585499232365505229e+01,9.689837379209423673e+00
8.030000000000000000e+02,3.493480000000000274e+01,1.790662348247843427e+00,2.908254216506673018e+01,2.899663974778848896e+01,3.124076165172126096e+01,1.584107301927931388e+01,9.688662918555765557e+00
8.040000000000000000e+02,3.494039999999999679e+01,1.790276689159840284e+00,2.908901261908802383e+01,2.899980464984707140e+01,3.124588434501439238e+01,1.582717881984837938e+01,9.687492430598256377e+00
8.050000000000000000e+02,3.494599999999999795e+01,1.789891366234953374e+00,2.909548046191586934e+01,2.900297418648162306e+01,3.125100103846451205e+01,1.581330970664630087e+01,9.686326117724801676e+00
8.060000000000000000e+02,3.495159999999999911e+01,1.789506378760205463e+00,2.910194569557950217e+01,2.900614835099841571e+01,3.125611193849767488e+01,1.579946566088776017e+01,9.685164168491848358e+00
8.070000000000000000e+02,3.495720000000000027e+01,1.789121726028562787e+00,2.910840832210575968e+01,2.900932713671549124e+01,3.126121723884899239e+01,1.578564666372278502e+01,9.684006758986431151e+00
8.080000000000000000e+02,3.496280000000000143e+01,1.788737407338566454e+00,2.911486834351919128e+01,2.901251053696651283e+01,3.126631712177924527e+01,1.577185269624145114e+01,9.682854054010897826e+00
8.090000000000000000e+02,3.496840000000000259e+01,1.788353421994003822e+00,2.912132576184190924e+01,2.901569854510451663e+01,3.127141175913404325e+01,1.575808373947846874e+01,9.681706208124881030e+00
8.100000000000000000e+02,3.497400000000000375e+01,1.787969769303621170e+00,2.912778057909375207e+01,2.901889115450522638e+01,3.127650131326535643e+01,1.574433977441741739e+01,9.680563366561385052e+00
8.110000000000000000e+02,3.497959999999999781e+01,1.787586448580869680e+00,2.913423279729217441e+01,2.902208835857036107e+01,3.128158593784133856e+01,1.573062078199478186e+01,9.679425666031477249e+00
8.120000000000000000e+02,3.498519999999999897e+01,1.787203459143679840e+00,2.914068241845223639e+01,2.902529015073085006e+01,3.128666577856520448e+01,1.571692674310395432e+01,9.678293235434537678e+00
8.130000000000000000e+02,3.499080000000000013e+01,1.786820800314254720e+00,2.914712944458677413e+01,2.902849652444973216e+01,3.129174097381641673e+01,1.570325763859889712e+01,9.677166196489718430e+00
8.140000000000000000e+02,3.499640000000000128e+01,1.786438471418890339e+00,2.915357387770621500e+01,2.903170747322484857e+01,3.129681165522264763e+01,1.568961344929765112e+01,9.676044664300025744e+00
8.150000000000000000e+02,3.500200000000000244e+01,1.786056471787810018e+00,2.916001571981868423e+01,2.903492299059139370e+01,3.130187794817104674e+01,1.567599415598563795e+01,9.674928747849001809e+00
8.160000000000000000e+02,3.500760000000000360e+01,1.785674800754945446e+00,2.916645497292989120e+01,2.903814307012413920e+01,3.130693997226699921e+01,1.566239973941898533e+01,9.673818550487224499e+00
8.170000000000000000e+02,3.501319999999999766e+01,1.785293457658075233e+00,2.917289163904336391e+01,2.904136770543961532e+01,3.131199784174787837e+01,1.564883018032677953e+01,9.672714170265731326e+00
8.180000000000000000e+02,3.501879999999999882e+01,1.784912441838117703e+00,2.917932572016022519e+01,2.904459689019796897e+01,3.131705166585709321e+01,1.563528545941425030e+01,9.671615700404567306e+00
8.190000000000000000e+02,3.502439999999999998e+01,1.784531752639707536e+00,2.918575721827924951e+01,2.904783061810435640e+01,3.132210154918315936e+01,1.562176555736493633e+01,9.670523229582977720e+00
8.200000000000000000e+02,3.503000000000000114e+01,1.784151389410846944e+00,2.919218613539696960e+01,2.905106888291038203e+01,3.132714759196765897e+01,1.560827045484275821e+01,9.669436842225886508e+00
8.210000000000000000e+02,3.503560000000000230e+01,1.783771351502680957e+00,2.919861247350759825e+01,2.905431167841518203e+01,3.133218989038568125e+01,1.559480013249360475e+01,9.668356618780206801e+00
8.220000000000000000e+02,3.504120000000000346e+01,1.783391638269412161e+00,2.920503623460297860e+01,2.905755899846606738e+01,3.133722853680190212e+01,1.558135457094686593e+01,9.667282635980114947e+00
8.230000000000000000e+02,3.504680000000000462e+01,1.783012249068276045e+00,2.921145742067270490e+01,2.906081083695899281e+01,3.134226362000495669e+01,1.556793375081680608e+01,9.666214967084302501e+00
8.240000000000000000e+02,3.505239999999999867e+01,1.782633183259493492e+00,2.921787603370404796e+01,2.906406718783874510e+01,3.134729522542234292e+01,1.555453765270329924e+01,9.665153682084344666e+00
8.250000000000000000e+02,3.505799999999999983e+01,1.782254440206196611e+00,2.922429207568201548e+01,2.906732804509869084e+01,3.135232343531789567e+01,1.554116625719243316e+01,9.664098847894670996e+00
8.260000000000000000e+02,3.506360000000000099e+01,1.781876019274348355e+00,2.923070554858928816e+01,2.907059340278030746e+01,3.135734832897358260e+01,1.552781954485666738e+01,9.663050528531829997e+00
8.270000000000000000e+02,3.506920000000000215e+01,1.781497919832681687e+00,2.923711645440630491e+01,2.907386325497230217e+01,3.136236998285718158e+01,1.551449749625470709e+01,9.662008785282038659e+00
8.280000000000000000e+02,3.507480000000000331e+01,1.781120141252645839e+00,2.924352479511112435e+01,2.907713759580947510e+01,3.136738847077719328e+01,1.550120009193107862e+01,9.660973676854737846e+00
8.290000000000000000e+02,3.508040000000000447e+01,1.780742682908356578e+00,2.924993057267962016e+01,2.908041641947122002e+01,3.137240386402630321e+01,1.548792731241530518e+01,9.659945259523038175e+00
8.300000000000000000e+02,3.508599999999999852e+01,1.780365544176546910e+00,2.925633378908532478e+01,2.908369972017974447e+01,3.137741623151430659e+01,1.547467913822088192e+01,9.658923587253816834e+00
8.310000000000000000e+02,3.509159999999999968e+01,1.779988724436517566e+00,2.926273444629954668e+01,2.908698749219787771e+01,3.138242563989147271e+01,1.546145554984381754e+01,9.657908711829259474e+00
8.320000000000000000e+02,3.509720000000000084e+01,1.779612223070094812e+00,2.926913254629128502e+01,2.909027972982661581e+01,3.138743215366331540e+01,1.544825652776084013e+01,9.656900682960326776e+00
8.330000000000000000e+02,3.510280000000000200e+01,1.779236039461588925e+00,2.927552809102725817e+01,2.909357642740241445e+01,3.139243583529757942e+01,1.543508205242733133e+01,9.655899548392111953e+00
8.340000000000000000e+02,3.510840000000000316e+01,1.778860172997754008e+00,2.928192108247198888e+01,2.909687757929420826e+01,3.139743674532390827e+01,1.542193210427507033e+01,9.654905354001758866e+00
8.350000000000000000e+02,3.511400000000000432e+01,1.778484623067752679e+00,2.928831152258763737e+01,2.910018317990019554e+01,3.140243494242390554e+01,1.540880666370962970e+01,9.653918143889754333e+00
8.360000000000000000e+02,3.511960000000000548e+01,1.778109389063119883e+00,2.929469941333422867e+01,2.910349322364386637e+01,3.140743048352796407e+01,1.539570571110746044e+01,9.652937960465603595e+00
8.370000000000000000e+02,3.512519999999999953e+01,1.777734470377728693e+00,2.930108475666941814e+01,2.910680770497105385e+01,3.141242342387812769e+01,1.538262922681274603e+01,9.651964844528018617e+00
8.380000000000000000e+02,3.513080000000000069e+01,1.777359866407760558e+00,2.930746755454866559e+01,2.911012661834498516e+01,3.141741381712828485e+01,1.536957719113425114e+01,9.650998835339892779e+00
8.390000000000000000e+02,3.513640000000000185e+01,1.776985576551672219e+00,2.931384780892522102e+01,2.911344995824257254e+01,3.142240171540207783e+01,1.535654958434172812e+01,9.650039970698658820e+00
8.400000000000000000e+02,3.514200000000000301e+01,1.776611600210171726e+00,2.932022552174995411e+01,2.911677771915016777e+01,3.142738912770998994e+01,1.534354638666223281e+01,9.649088636364131943e+00
8.410000000000000000e+02,3.514836666666666787e+01,1.776237927304873843e+00,2.932532586340212788e+01,2.912010989555887619e+01,3.143238535220049101e+01,1.533056757827634620e+01,9.648159247221913759e+00
8.420000000000000000e+02,3.515473333333333983e+01,1.775864543622764913e+00,2.933042458070509539e+01,2.912344648196038221e+01,3.143739568085697655e+01,1.531761313931400359e+01,9.647250158596470726e+00
8.430000000000000000e+02,3.516110000000000468e+01,1.775491461135806803e+00,2.933552167465466809e+01,2.912678747284126857e+01,3.144241276187758061e+01,1.530468304985071981e+01,9.646356413120850348e+00
8.440000000000000000e+02,3.516746666666666954e+01,1.775118681862644099e+00,2.934061714624573369e+01,2.913013286267946356e+01,3.144743380076970141e+01,1.529177728990326735e+01,9.645476586125525387e+00
8.450000000000000000e+02,3.517383333333333439e+01,1.774746206402186832e+00,2.934571099647225978e+01,2.913348264593874859e+01,3.145245813341101382e+01,1.527889583942041263e+01,9.644609615072614162e+00
8.460000000000000000e+02,3.518019999999999925e+01,1.774374034912277853e+00,2.935080322632731153e+01,2.913683681706292816e+01,3.145748547649745319e+01,1.526603867829076577e+01,9.643754968265097816e+00
8.470000000000000000e+02,3.518656666666667121e+01,1.774002167346170999e+00,2.935589383680306241e+01,2.914019537047353836e+01,3.146251545331641353e+01,1.525320578633291646e+01,9.642912175271167285e+00
8.480000000000000000e+02,3.519293333333333607e+01,1.773630603544372741e+00,2.936098282889070887e+01,2.914355830056053520e+01,3.146754771377014137e+01,1.524039714328699802e+01,9.642080906446851785e+00
8.490000000000000000e+02,3.519930000000000092e+01,1.773259343257908682e+00,2.936607020358060183e+01,2.914692560168282753e+01,3.147258194433636902e+01,1.522761272881017547e+01,9.641260916339687626e+00
8.500000000000000000e+02,3.520566666666667288e+01,1.772888386224781287e+00,2.937115596186217559e+01,2.915029726816082345e+01,3.147761791117640939e+01,1.521485252247921949e+01,9.640451993148150933e+00
8.510000000000000000e+02,3.521203333333333774e+01,1.772517732101272836e+00,2.937624010472393365e+01,2.915367329427143872e+01,3.148265543571430314e+01,1.520211650378167612e+01,9.639653957082963132e+00
8.520000000000000000e+02,3.521840000000000259e+01,1.772147380503736214e+00,2.938132263315349135e+01,2.915705367424350669e+01,3.148769437903042601e+01,1.518940465211247925e+01,9.638866657983646391e+00
8.530000000000000000e+02,3.522476666666666745e+01,1.771777331029744440e+00,2.938640354813756517e+01,2.916043840225346884e+01,3.149273462542305779e+01,1.517671694677014749e+01,9.638089969174757243e+00
8.540000000000000000e+02,3.523113333333333230e+01,1.771407583263662211e+00,2.939148285066198341e+01,2.916382747242081663e+01,3.149777607281427905e+01,1.516405336695294181e+01,9.637323780757604652e+00
8.550000000000000000e+02,3.523750000000000426e+01,1.771038136776845295e+00,2.939656054171158317e+01,2.916722087880378567e+01,3.150281863125673709e+01,1.515141389175519215e+01,9.636567995985448221e+00
8.560000000000000000e+02,3.524386666666666912e+01,1.770668991128346414e+00,2.940163662227043062e+01,2.917061861539515633e+01,3.150786222297553252e+01,1.513879850016422424e+01,9.635822529299826300e+00
8.570000000000000000e+02,3.525023333333333397e+01,1.770300145866756436e+00,2.940671109332161137e+01,2.917402067611817529e+01,3.151290678083963570e+01,1.512620717105945900e+01,9.635087304593268343e+00
8.580000000000000000e+02,3.525660000000000593e+01,1.769931600532227201e+00,2.941178395584730509e+01,2.917742705482259069e+01,3.151795224623659664e+01,1.511363988320336560e+01,9.634362253950715882e+00
8.590000000000000000e+02,3.526296666666667079e+01,1.769563354658094445e+00,2.941685521082887078e+01,2.918083774528090757e+01,3.152299856749242579e+01,1.510109661523565627e+01,9.633647316549240003e+00
8.600000000000000000e+02,3.526933333333333564e+01,1.769195407772065298e+00,2.942192485924667622e+01,2.918425274118484580e+01,3.152804569888246178e+01,1.508857734567630438e+01,9.632942437161364779e+00
8.610000000000000000e+02,3.527570000000000050e+01,1.768827759397125776e+00,2.942699290208022589e+01,2.918767203614186201e+01,3.153309359989304994e+01,1.507608205292391723e+01,9.632247565349446816e+00
8.620000000000000000e+02,3.528206666666666536e+01,1.768460409052289073e+00,2.943205934030819293e+01,2.919109562367192368e+01,3.153814223456273425e+01,1.506361071525163986e+01,9.631562654985174277e+00
8.630000000000000000e+02,3.528843333333333732e+01,1.768093356253239268e+00,2.943712417490829480e+01,2.919452349720447870e+01,3.154319157089692638e+01,1.505116331080332870e+01,9.630887663794286624e+00
8.640000000000000000e+02,3.529480000000000217e+01,1.767726600512884216e+00,2.944218740685732172e+01,2.919795565007556704e+01,3.154824158037316906e+01,1.503873981759113576e+01,9.630222552872544028e+00
8.650000000000000000e+02,3.530116666666666703e+01,1.767360141341824953e+00,2.944724903713126807e+01,2.920139207552516680e+01,3.155329223752880452e+01,1.502634021349378557e+01,9.629567286249480773e+00
8.660000000000000000e+02,3.530753333333333899e+01,1.766993978248758257e+00,2.945230906670516191e+01,2.920483276669880368e+01,3.155834351950373673e+01,1.501396447625479880e+01,9.628921830542752858e+00
8.670000000000000000e+02,3.531390000000000384e+01,1.766628110740820601e+00,2.945736749655318221e+01,2.920827771663082828e+01,3.156339540614588657e+01,1.500161258348058091e+01,9.628286154682783149e+00
8.680000000000000000e+02,3.532026666666666870e+01,1.766262538323885911e+00,2.946242432764863395e+01,2.921172691826754786e+01,3.156844787906205951e+01,1.498928451263873285e+01,9.627660229673782766e+00
8.690000000000000000e+02,3.532663333333333355e+01,1.765897260502826027e+00,2.946747956096384158e+01,2.921518036443801591e+01,3.157350092207869352e+01,1.497698024105662284e+01,9.627044028376952056e+00
8.700000000000000000e+02,3.533299999999999841e+01,1.765532276781737853e+00,2.947253319747038347e+01,2.921863804786519125e+01,3.157855452071633096e+01,1.496469974592018737e+01,9.626437525317953714e+00
8.710000000000000000e+02,3.533936666666667037e+01,1.765167586664142085e+00,2.947758523813885745e+01,2.922209996116193054e+01,3.158360866204401418e+01,1.495244300427291151e+01,9.625840696520622686e+00
8.720000000000000000e+02,3.534573333333333522e+01,1.764803189653159077e+00,2.948263568393899448e+01,2.922556609684344409e+01,3.158866333434912832e+01,1.494020999301488573e+01,9.625253519363063504e+00
8.730000000000000000e+02,3.535210000000000008e+01,1.764439085251663597e+00,2.948768453583963378e+01,2.922903644729958472e+01,3.159371852739437259e+01,1.492800068890206155e+01,9.624675972450720707e+00
8.740000000000000000e+02,3.535846666666667204e+01,1.764075272962423613e+00,2.949273179480881524e+01,2.923251100482020703e+01,3.159877423194735258e+01,1.491581506854579686e+01,9.624108035502858982e+00
8.750000000000000000e+02,3.536483333333333690e+01,1.763711752288220858e+00,2.949777746181355553e+01,2.923598976158605467e+01,3.160383043979894779e+01,1.490365310841257340e+01,9.623549689251280626e+00
8.760000000000000000e+02,3.537120000000000175e+01,1.763348522731960966e+00,2.950282153782013239e+01,2.923947270965096834e+01,3.160888714382708642e+01,1.489151478482383339e+01,9.623000915350315765e+00
8.770000000000000000e+02,3.537756666666666661e+01,1.762985583796776945e+00,2.950786402379387496e+01,2.924295984097160783e+01,3.161394433762600542e+01,1.487940007395593334e+01,9.622461696296484845e+00
8.780000000000000000e+02,3.538393333333333146e+01,1.762622934986086243e+00,2.951290492069921001e+01,2.924645114737705498e+01,3.161900201569293145e+01,1.486730895184033940e+01,9.621932015356545520e+00
8.790000000000000000e+02,3.539030000000000342e+01,1.762260575803713758e+00,2.951794422949973296e+01,2.924994662058358230e+01,3.162406017322808438e+01,1.485524139436403424e+01,9.621411856502719573e+00
8.800000000000000000e+02,3.539666666666666828e+01,1.761898505753956456e+00,2.952298195115818302e+01,2.925344625219675265e+01,3.162911880606216286e+01,1.484319737726999655e+01,9.620901204354234793e+00
8.810000000000000000e+02,3.540303333333333313e+01,1.761536724341635551e+00,2.952801808663639704e+01,2.925695003371011182e+01,3.163417791061775475e+01,1.483117687615799163e+01,9.620400044124540528e+00
8.820000000000000000e+02,3.540940000000000509e+01,1.761175231072148240e+00,2.953305263689529525e+01,2.926045795650389181e+01,3.163923748387314561e+01,1.481917986648540619e+01,9.619908361573667577e+00
8.830000000000000000e+02,3.541576666666666995e+01,1.760814025451523879e+00,2.953808560289501628e+01,2.926397001184556146e+01,3.164429752331724899e+01,1.480720632356825028e+01,9.619426142964947246e+00
8.840000000000000000e+02,3.542213333333333480e+01,1.760453106986475280e+00,2.954311698559478572e+01,2.926748619089102732e+01,3.164935802690355615e+01,1.479525622258242734e+01,9.618953375025681041e+00
8.850000000000000000e+02,3.542849999999999966e+01,1.760092475184439786e+00,2.954814678595289479e+01,2.927100648468596944e+01,3.165441899301051265e+01,1.478332953856511978e+01,9.618490044911375492e+00
8.860000000000000000e+02,3.543486666666666451e+01,1.759732129553620572e+00,2.955317500492689931e+01,2.927453088416686100e+01,3.165948042040821875e+01,1.477142624641631663e+01,9.618036140173085613e+00
8.870000000000000000e+02,3.544123333333333647e+01,1.759372069603019506e+00,2.955820164347336743e+01,2.927805938016216558e+01,3.166454230822807503e+01,1.475954632090043539e+01,9.617591648727682241e+00
8.880000000000000000e+02,3.544760000000000133e+01,1.759012294842472013e+00,2.956322670254807150e+01,2.928159196339380443e+01,3.166960465593445306e+01,1.474768973664814808e+01,9.617156558830609825e+00
8.890000000000000000e+02,3.545396666666666619e+01,1.758652804782675494e+00,2.956825018310587794e+01,2.928512862447880494e+01,3.167466746329801452e+01,1.473585646815848627e+01,9.616730859050880653e+00
8.900000000000000000e+02,3.546033333333333815e+01,1.758293598935215751e+00,2.957327208610083247e+01,2.928866935393098814e+01,3.167973073037146037e+01,1.472404648980089981e+01,9.616314538248222021e+00
8.910000000000000000e+02,3.546670000000000300e+01,1.757934676812592745e+00,2.957829241248611396e+01,2.929221414216304709e+01,3.168479445746745427e+01,1.471225977581744715e+01,9.615907585552028181e+00
8.920000000000000000e+02,3.547306666666666786e+01,1.757576037928243018e+00,2.958331116321393850e+01,2.929576297948846175e+01,3.168985864513842543e+01,1.470049630032522536e+01,9.615509990342065549e+00
8.930000000000000000e+02,3.547943333333333271e+01,1.757217681796558795e+00,2.958832833923579386e+01,2.929931585612371236e+01,3.169492329415795240e+01,1.468875603731894408e+01,9.615121742230666513e+00
8.940000000000000000e+02,3.548579999999999757e+01,1.756859607932910183e+00,2.959334394150226188e+01,2.930287276219050696e+01,3.169998840550342578e+01,1.467703896067351188e+01,9.614742831046324767e+00
8.950000000000000000e+02,3.549216666666666953e+01,1.756501815853657389e+00,2.959835797096304333e+01,2.930643368771827184e+01,3.170505398034016764e+01,1.466534504414674522e+01,9.614373246818567864e+00
8.960000000000000000e+02,3.549853333333333438e+01,1.756144305076169365e+00,2.960337042856696499e+01,2.930999862264662070e+01,3.171012002000676944e+01,1.465367426138220530e+01,9.614012979763979061e+00
8.970000000000000000e+02,3.550489999999999924e+01,1.755787075118838692e+00,2.960838131526206141e+01,2.931356755682798365e+01,3.171518652600156685e+01,1.464202658591209527e+01,9.613662020273268993e+00
8.980000000000000000e+02,3.551126666666667120e+01,1.755430125501092231e+00,2.961339063199548960e+01,2.931714048003026107e+01,3.172025349997004540e+01,1.463040199116032980e+01,9.613320358899326123e+00
8.990000000000000000e+02,3.551763333333333605e+01,1.755073455743404010e+00,2.961839837971350065e+01,2.932071738193959121e+01,3.172532094369321243e+01,1.461880045044558507e+01,9.612987986346123392e+00
9.000000000000000000e+02,3.552400000000000091e+01,1.754717065367306317e+00,2.962340455936152850e+01,2.932429825216007657e+01,3.173039843897276668e+01,1.460722193698444293e+01,9.612666140261817205e+00
9.010000000000000000e+02,3.553345000000000198e+01,1.754360931411171887e+00,2.962621984667488917e+01,2.932788308023081214e+01,3.173552092284425541e+01,1.459566642389419577e+01,9.612415060775289177e+00
9.020000000000000000e+02,3.554290000000000305e+01,1.754005040401874327e+00,2.962903463830800987e+01,2.933147185560708081e+01,3.174070975326648281e+01,1.458413388419700318e+01,9.612226725252384085e+00
9.030000000000000000e+02,3.555235000000000412e+01,1.753649409420198424e+00,2.963184893442880963e+01,2.933506456713858057e+01,3.174593142176394167e+01,1.457262429082172517e+01,9.612081131403840573e+00
9.040000000000000000e+02,3.556179999999999808e+01,1.753294042377572914e+00,2.963466273520505823e+01,2.933866120411335743e+01,3.175118079384670722e+01,1.456113761661080730e+01,9.611971513766532027e+00
9.050000000000000000e+02,3.557124999999999915e+01,1.752938940490639474e+00,2.963747604080452547e+01,2.934226175660527502e+01,3.175645429495584082e+01,1.454967383431424111e+01,9.611894168633389413e+00
9.060000000000000000e+02,3.558070000000000022e+01,1.752584104590125813e+00,2.964028885139491010e+01,2.934586621389734518e+01,3.176174916278292315e+01,1.453823291660864392e+01,9.611846379379166194e+00
9.070000000000000000e+02,3.559015000000000128e+01,1.752229535162644014e+00,2.964310116714370480e+01,2.934947456523730125e+01,3.176706336366084926e+01,1.452681483609141821e+01,9.611826193286587383e+00
9.080000000000000000e+02,3.559960000000000235e+01,1.751875232478564026e+00,2.964591298821846266e+01,2.935308679940042254e+01,3.177239530824793334e+01,1.451541956528067878e+01,9.611832162880856956e+00
9.090000000000000000e+02,3.560905000000000342e+01,1.751521196669375113e+00,2.964872431478654846e+01,2.935670290526648785e+01,3.177774378958146073e+01,1.450404707662208637e+01,9.611863114741129976e+00
9.100000000000000000e+02,3.561849999999999739e+01,1.751167427767529317e+00,2.965153514701529858e+01,2.936032287180677969e+01,3.178310783010103080e+01,1.449269734249474162e+01,9.611918049708977563e+00
9.110000000000000000e+02,3.562794999999999845e+01,1.750813925730808629e+00,2.965434548507192147e+01,2.936394668798727281e+01,3.178848659507291430e+01,1.448137033521321548e+01,9.611996120427589219e+00
9.120000000000000000e+02,3.563739999999999952e+01,1.750460690453679469e+00,2.965715532912357588e+01,2.936757434272107403e+01,3.179387935829183220e+01,1.447006602702605527e+01,9.612096610872532310e+00
9.130000000000000000e+02,3.564685000000000059e+01,1.750107721781746450e+00,2.965996467933734237e+01,2.937120582486741327e+01,3.179928548715512449e+01,1.445878439012997418e+01,9.612218886277064556e+00
9.140000000000000000e+02,3.565630000000000166e+01,1.749755019524201760e+00,2.966277353588015941e+01,2.937484112324760233e+01,3.180470442192552127e+01,1.444752539666116675e+01,9.612362394169124968e+00
9.150000000000000000e+02,3.566575000000000273e+01,1.749402583462306593e+00,2.966558189891896191e+01,2.937848022664929104e+01,3.181013566968459472e+01,1.443628901870309100e+01,9.612526641800061000e+00
9.160000000000000000e+02,3.567520000000000380e+01,1.749050413354507949e+00,2.966838976862053201e+01,2.938212312383131675e+01,3.181557878986059151e+01,1.442507522829164834e+01,9.612711184147242349e+00
9.170000000000000000e+02,3.568464999999999776e+01,1.748698508939813712e+00,2.967119714515161633e+01,2.938576980352651091e+01,3.182103338280593618e+01,1.441388399741838100e+01,9.612915617117183231e+00
9.180000000000000000e+02,3.569409999999999883e+01,1.748346869940551995e+00,2.967400402867881226e+01,2.938942025444386630e+01,3.182649908365270619e+01,1.440271529803261785e+01,9.613139572665362564e+00
9.190000000000000000e+02,3.570354999999999990e+01,1.747995496064824072e+00,2.967681041936871367e+01,2.939307446527101320e+01,3.183197555878719243e+01,1.439156910204414075e+01,9.613382713999632401e+00
9.200000000000000000e+02,3.571300000000000097e+01,1.747644387008600031e+00,2.967961631738779715e+01,2.939673242467685199e+01,3.183746250232799824e+01,1.438044538132634464e+01,9.613644731084546535e+00
9.210000000000000000e+02,3.572245000000000203e+01,1.747293542457435178e+00,2.968242172290243630e+01,2.940039412131451257e+01,3.184295963236304416e+01,1.436934410771943504e+01,9.613925337003689009e+00
9.220000000000000000e+02,3.573190000000000310e+01,1.746942962087860263e+00,2.968522663607892653e+01,2.940405954382404730e+01,3.184846668770313727e+01,1.435826525303345846e+01,9.614224265177057305e+00
9.230000000000000000e+02,3.574135000000000417e+01,1.746592645568535884e+00,2.968803105708345313e+01,2.940772868083503155e+01,3.185398342544268147e+01,1.434720878905111441e+01,9.614541267106927691e+00
9.240000000000000000e+02,3.575079999999999814e+01,1.746242592561232376e+00,2.969083498608225113e+01,2.941140152096908622e+01,3.185950961905728107e+01,1.433617468753044299e+01,9.614876110415996990e+00
9.250000000000000000e+02,3.576024999999999920e+01,1.745892802721670689e+00,2.969363842324126423e+01,2.941507805284233967e+01,3.186504505673522658e+01,1.432516292020754989e+01,9.615228577121044395e+00
9.260000000000000000e+02,3.576970000000000027e+01,1.745543275700250252e+00,2.969644136872653561e+01,2.941875826506787561e+01,3.187058953986295151e+01,1.431417345879951242e+01,9.615598462149307579e+00
9.270000000000000000e+02,3.577915000000000134e+01,1.745194011142672252e+00,2.969924382270388463e+01,2.942244214625811694e+01,3.187614288170274435e+01,1.430320627500690200e+01,9.615985572078072252e+00
9.280000000000000000e+02,3.578860000000000241e+01,1.744845008690484534e+00,2.970204578533917328e+01,2.942612968502714210e+01,3.188170490627118525e+01,1.429226134051619113e+01,9.616389724050137033e+00
9.290000000000000000e+02,3.579805000000000348e+01,1.744496267981557214e+00,2.970484725679806814e+01,2.942982086999288427e+01,3.188727544737570696e+01,1.428133862700253509e+01,9.616810744822714696e+00
9.300000000000000000e+02,3.580750000000000455e+01,1.744147788650499242e+00,2.970764823724624648e+01,2.943351568977936950e+01,3.189285434776436290e+01,1.427043810613210617e+01,9.617248469926622079e+00
9.310000000000000000e+02,3.581694999999999851e+01,1.743799570329025439e+00,2.971044872684918658e+01,2.943721413301889456e+01,3.189844145836794098e+01,1.425955974956436378e+01,9.617702742923523118e+00
9.320000000000000000e+02,3.582639999999999958e+01,1.743451612646283122e+00,2.971324872577243781e+01,2.944091618835394897e+01,3.190403663762714714e+01,1.424870352895457337e+01,9.618173414749895400e+00
9.330000000000000000e+02,3.583585000000000065e+01,1.743103915229142098e+00,2.971604823418133279e+01,2.944462184443946029e+01,3.190963975089659499e+01,1.423786941595606947e+01,9.618660343134850521e+00
9.340000000000000000e+02,3.584530000000000172e+01,1.742756477702452234e+00,2.971884725224114376e+01,2.944833108994470194e+01,3.191525066991421511e+01,1.422705738222249394e+01,9.619163392079935093e+00
9.350000000000000000e+02,3.585475000000000279e+01,1.742409299689274826e+00,2.972164578011717140e+01,2.945204391355534312e+01,3.192086927232535842e+01,1.421626739941001105e+01,9.619682431392456934e+00
9.360000000000000000e+02,3.586420000000000385e+01,1.742062380811091105e+00,2.972444381797446766e+01,2.945576030397540634e+01,3.192649544125415062e+01,1.420549943917953684e+01,9.620217336270824759e+00
9.370000000000000000e+02,3.587364999999999782e+01,1.741715720687988966e+00,2.972724136597808453e+01,2.945948024992925696e+01,3.193212906491688940e+01,1.419475347319925440e+01,9.620767986906068714e+00
9.380000000000000000e+02,3.588309999999999889e+01,1.741369318938831290e+00,2.973003842429302068e+01,2.946320374016366728e+01,3.193777003627264222e+01,1.418402947314637608e+01,9.621334268190109285e+00
9.390000000000000000e+02,3.589254999999999995e+01,1.741023175181411586e+00,2.973283499308417532e+01,2.946693076344985585e+01,3.194341825270608481e+01,1.417332741070990565e+01,9.621916069335185284e+00
9.400000000000000000e+02,3.590200000000000102e+01,1.740677289032590558e+00,2.973563107251628779e+01,2.947066130858552668e+01,3.194907361573937266e+01,1.416264725759283039e+01,9.622513283618456370e+00
9.410000000000000000e+02,3.591145000000000209e+01,1.740331660108423106e+00,2.973842666275411162e+01,2.947439536439716434e+01,3.195473603076917968e+01,1.415198898551444628e+01,9.623125808141171689e+00
9.420000000000000000e+02,3.592090000000000316e+01,1.739986288024274463e+00,2.974122176396223338e+01,2.947813291974221883e+01,3.196040540682645315e+01,1.414135256621294090e+01,9.623753543595803706e+00
9.430000000000000000e+02,3.593035000000000423e+01,1.739641172394925217e+00,2.974401637630528228e+01,2.948187396351146816e+01,3.196608165635633370e+01,1.413073797144786248e+01,9.624396394040180880e+00
9.440000000000000000e+02,3.593979999999999819e+01,1.739296312834668123e+00,2.974681049994765658e+01,2.948561848463145907e+01,3.197176469501609120e+01,1.412014517300293015e+01,9.625054266693432226e+00
9.450000000000000000e+02,3.594924999999999926e+01,1.738951708957396036e+00,2.974960413505376877e+01,2.948936647206710759e+01,3.197745444148938176e+01,1.410957414268879972e+01,9.625727071756328357e+00
9.460000000000000000e+02,3.595870000000000033e+01,1.738607360376684507e+00,2.975239728178790344e+01,2.949311791482444889e+01,3.198315081731500342e+01,1.409902485234600533e+01,9.626414722247687905e+00
9.470000000000000000e+02,3.596815000000000140e+01,1.738263266705865728e+00,2.975518994031427766e+01,2.949687280195350070e+01,3.198885374672875770e+01,1.408849727384802009e+01,9.627117133849779407e+00
9.480000000000000000e+02,3.597760000000000247e+01,1.737919427558097807e+00,2.975798211079705879e+01,2.950063112255124054e+01,3.199456315651719862e+01,1.407799137910444998e+01,9.627834224763164528e+00
9.490000000000000000e+02,3.598705000000000354e+01,1.737575842546427607e+00,2.976077379340024365e+01,2.950439286576478182e+01,3.200027897588217485e+01,1.406750714006453862e+01,9.628565915572949052e+00
9.500000000000000000e+02,3.599650000000000460e+01,1.737232511283851144e+00,2.976356498828784680e+01,2.950815802079469563e+01,3.200600113631507071e+01,1.405704452872049792e+01,9.629312129126176956e+00
9.510000000000000000e+02,3.600594999999999857e+01,1.736889433383364212e+00,2.976635569562377626e+01,2.951192657689850307e+01,3.201172957147994680e+01,1.404660351711127397e+01,9.630072790418077844e+00
9.520000000000000000e+02,3.601539999999999964e+01,1.736546608458016561e+00,2.976914591557176237e+01,2.951569852339422440e+01,3.201746421710508628e+01,1.403618407732640172e+01,9.630847826485585017e+00
9.530000000000000000e+02,3.602485000000000070e+01,1.736204036120963190e+00,2.977193564829556749e+01,2.951947384966419818e+01,3.202320501088043869e+01,1.402578618150986678e+01,9.631637166307447373e+00
9.540000000000000000e+02,3.603430000000000177e+01,1.735861715985504539e+00,2.977472489395885447e+01,2.952325254515873709e+01,3.202895189236950557e+01,1.401540980186416085e+01,9.632440740711416538e+00
9.550000000000000000e+02,3.604375000000000284e+01,1.735519647665126231e+00,2.977751365272517248e+01,2.952703459940056163e+01,3.203470480290985023e+01,1.400505491065453789e+01,9.633258482287576641e+00
9.560000000000000000e+02,3.605320000000000391e+01,1.735177830773535934e+00,2.978030192475793214e+01,2.953082000198891066e+01,3.204046368553161273e+01,1.399472148021338214e+01,9.634090325307457903e+00
9.570000000000000000e+02,3.606264999999999787e+01,1.734836264924698890e+00,2.978308971022062579e+01,2.953460874260355595e+01,3.204622848488538267e+01,1.398440948294458686e+01,9.634936205647958829e+00
9.580000000000000000e+02,3.607209999999999894e+01,1.734494949732870772e+00,2.978587700927648285e+01,2.953840081100909742e+01,3.205199914717145049e+01,1.397411889132800411e+01,9.635796060719924228e+00
9.590000000000000000e+02,3.608155000000000001e+01,1.734153884812628776e+00,2.978866382208880381e+01,2.954219619705938626e+01,3.205777562006922921e+01,1.396384967792402954e+01,9.636669829401132148e+00
9.600000000000000000e+02,3.609100000000000108e+01,1.733813069778899596e+00,2.979145014882066889e+01,2.954599489070205465e+01,3.206355727367608921e+01,1.395360181537821909e+01,9.637556204869644816e+00
9.610000000000000000e+02,3.609538333333333782e+01,1.733472535165071937e+00,2.979609294697126742e+01,2.954979688198316268e+01,3.206923996763399742e+01,1.394337527642602304e+01,9.638353040551045581e+00
9.620000000000000000e+02,3.609976666666666745e+01,1.733132270588709778e+00,2.980073439610580266e+01,2.955360216105145099e+01,3.207483931527089993e+01,1.393317003389773134e+01,9.639075352251639472e+00
9.630000000000000000e+02,3.610415000000000418e+01,1.732792268165693761e+00,2.980537449697805386e+01,2.955741071816568777e+01,3.208038783719952391e+01,1.392298606072308687e+01,9.639755805242353759e+00
9.640000000000000000e+02,3.610853333333333381e+01,1.732452525464950099e+00,2.981001325034121763e+01,2.956122254369143576e+01,3.208589712482725531e+01,1.391282332993855420e+01,9.640405319196727163e+00
9.650000000000000000e+02,3.611291666666667055e+01,1.732113040948078497e+00,2.981465065694783689e+01,2.956503762812245384e+01,3.209137329445998432e+01,1.390268181468092834e+01,9.641030504297491532e+00
9.660000000000000000e+02,3.611730000000000018e+01,1.731773813133845152e+00,2.981928671754978311e+01,2.956885596205970757e+01,3.209682085918682048e+01,1.389256148821224990e+01,9.641635427331889829e+00
9.670000000000000000e+02,3.612168333333333692e+01,1.731434840788340201e+00,2.982392143289834152e+01,2.957267753622788931e+01,3.210224305428994995e+01,1.388246232390538815e+01,9.642223221496688979e+00
9.680000000000000000e+02,3.612606666666666655e+01,1.731096122876593757e+00,2.982855480374417922e+01,2.957650234148632507e+01,3.210764226366728025e+01,1.387238429525011441e+01,9.642796350141619399e+00
9.690000000000000000e+02,3.613045000000000329e+01,1.730757658508904617e+00,2.983318683083728118e+01,2.958033036883023215e+01,3.211302039403540931e+01,1.386232737586253094e+01,9.643356746912751021e+00
9.700000000000000000e+02,3.613483333333333292e+01,1.730419446914268411e+00,2.983781751492708878e+01,2.958416160939242445e+01,3.211837904962784762e+01,1.385229153950354331e+01,9.643905939120012150e+00
9.710000000000000000e+02,3.613921666666666965e+01,1.730081487353838821e+00,2.984244685676231867e+01,2.958799605444707836e+01,3.212371959831658330e+01,1.384227676005052743e+01,9.644445272863734431e+00
9.720000000000000000e+02,3.614359999999999928e+01,1.729743779101120982e+00,2.984707485709114749e+01,2.959183369540826192e+01,3.212904321571425470e+01,1.383228301153408601e+01,9.644975879803718399e+00
9.730000000000000000e+02,3.614798333333333602e+01,1.729406321490633003e+00,2.985170151666109462e+01,2.959567452385354613e+01,3.213435089457488658e+01,1.382231026812904418e+01,9.645498742896243982e+00
9.740000000000000000e+02,3.615236666666666565e+01,1.729069113907575339e+00,2.985632683621906835e+01,2.959951853149423329e+01,3.213964352834673122e+01,1.381235850415460042e+01,9.646014725322004324e+00
9.750000000000000000e+02,3.615675000000000239e+01,1.728732155768552214e+00,2.986095081651129490e+01,2.960336571021602481e+01,3.214492189285996915e+01,1.380242769407867520e+01,9.646524592382140995e+00
9.760000000000000000e+02,3.616113333333333202e+01,1.728395446510379463e+00,2.986557345828344623e+01,2.960721605206358120e+01,3.215018668503866905e+01,1.379251781252326836e+01,9.647029027504062881e+00
9.770000000000000000e+02,3.616551666666666875e+01,1.728058985586424567e+00,2.987019476228057968e+01,2.961106954924128942e+01,3.215543853562419230e+01,1.378262883426860697e+01,9.647528644583360347e+00
9.780000000000000000e+02,3.616989999999999839e+01,1.727722772465413836e+00,2.987481472924707049e+01,2.961492619411830773e+01,3.216067801645485247e+01,1.377276073425581338e+01,9.648023998376730859e+00
9.790000000000000000e+02,3.617428333333333512e+01,1.727386806630071270e+00,2.987943335992671834e+01,2.961878597923345424e+01,3.216590564745006731e+01,1.376291348758945610e+01,9.648515593319315187e+00
9.800000000000000000e+02,3.617866666666666475e+01,1.727051087575400601e+00,2.988405065506269409e+01,2.962264889729804906e+01,3.217112190397687499e+01,1.375308706954048610e+01,9.649003890588671695e+00
9.810000000000000000e+02,3.618305000000000149e+01,1.726715614807081467e+00,2.988866661539752556e+01,2.962651494119782924e+01,3.217632722322854733e+01,1.374328145554887648e+01,9.649489313606178342e+00
9.820000000000000000e+02,3.618743333333333112e+01,1.726380387840191766e+00,2.989328124167318990e+01,2.963038410399480327e+01,3.218152200903591620e+01,1.373349662122607207e+01,9.649972252520971239e+00
9.830000000000000000e+02,3.619181666666666786e+01,1.726045406198210674e+00,2.989789453463095015e+01,2.963425637892934006e+01,3.218670663558622635e+01,1.372373254235716722e+01,9.650453068082644137e+00
9.840000000000000000e+02,3.619619999999999749e+01,1.725710669412197307e+00,2.990250649501154356e+01,2.963813175942224731e+01,3.219188145062058481e+01,1.371398919490295754e+01,9.650932094998202260e+00
9.850000000000000000e+02,3.620058333333333422e+01,1.725376177020084834e+00,2.990711712355503593e+01,2.964201023907655852e+01,3.219704677829624728e+01,1.370426655500174284e+01,9.651409644765553963e+00
9.860000000000000000e+02,3.620496666666666385e+01,1.725041928566059868e+00,2.991172642100087486e+01,2.964589181167874798e+01,3.220220292167809362e+01,1.369456459897108047e+01,9.651886008053301325e+00
9.870000000000000000e+02,3.620935000000000059e+01,1.724707923600028669e+00,2.991633438808794310e+01,2.964977647120003112e+01,3.220735016485024005e+01,1.368488330330917258e+01,9.652361456747421187e+00
9.880000000000000000e+02,3.621373333333333022e+01,1.724374161677152184e+00,2.992094102555446256e+01,2.965366421179765410e+01,3.221248877471734318e+01,1.367522264469610782e+01,9.652836245747639765e+00
9.890000000000000000e+02,3.621811666666666696e+01,1.724040642357439923e+00,2.992554633413805476e+01,2.965755502781559017e+01,3.221761900257736499e+01,1.366558259999484370e+01,9.653310614513950227e+00
9.900000000000000000e+02,3.622249999999999659e+01,1.723707365205395359e+00,2.993015031457575859e+01,2.966144891378524306e+01,3.222274108551400218e+01,1.365596314625218533e+01,9.653784788564582442e+00
9.910000000000000000e+02,3.622688333333333333e+01,1.723374329789702397e+00,2.993475296760394144e+01,2.966534586442600485e+01,3.222785524762866061e+01,1.364636426069942843e+01,9.654258980428497949e+00
9.920000000000000000e+02,3.623126666666667006e+01,1.723041535682947156e+00,2.993935429395838099e+01,2.966924587464548679e+01,3.223296170112781311e+01,1.363678592075298823e+01,9.654733391046224966e+00
9.930000000000000000e+02,3.623564999999999969e+01,1.722708982461372162e+00,2.994395429437426515e+01,2.967314893953952648e+01,3.223806064728540122e+01,1.362722810401439766e+01,9.655208210563554161e+00
9.940000000000000000e+02,3.624003333333333643e+01,1.722376669704652752e+00,2.994855296958620272e+01,2.967705505439214519e+01,3.224315227730103572e+01,1.361769078827038193e+01,9.655683619136587126e+00
9.950000000000000000e+02,3.624441666666666606e+01,1.722044596995702559e+00,2.995315032032811686e+01,2.968096421467503987e+01,3.224823677306952163e+01,1.360817395149269871e+01,9.656159787698058494e+00
9.960000000000000000e+02,3.624880000000000280e+01,1.721712763920494771e+00,2.995774634733332320e+01,2.968487641604693295e+01,3.225331430787243647e+01,1.359867757183761761e+01,9.656636878679508484e+00
9.970000000000000000e+02,3.625318333333333243e+01,1.721381170067901145e+00,2.996234105133463643e+01,2.968879165435264511e+01,3.225838504700078602e+01,1.358920162764525230e+01,9.657115046642081424e+00
9.980000000000000000e+02,3.625756666666666916e+01,1.721049815029547236e+00,2.996693443306413229e+01,2.969270992562193712e+01,3.226344914831720700e+01,1.357974609743853911e+01,9.657594438819611327e+00
9.990000000000000000e+02,3.626194999999999879e+01,1.720718698399682278e+00,2.997152649325337137e+01,2.969663122606787198e+01,3.226850676276529839e+01,1.357031095992186032e+01,9.658075195609260533e+00
1.000000000000000000e+03,3.626633333333333553e+01,1.720387819775057725e+00,2.997611723263325345e+01,2.970055555208508480e+01,3.227355803483214203e+01,1.356089619397944901e+01,9.658557451030407748e+00
1.001000000000000000e+03,3.627071666666666516e+01,1.720057178754818450e+00,2.998070665193409923e+01,2.970448290024749838e+01,3.227860310297000268e+01,1.355150177867348482e+01,9.659041333148662645e+00
1.002000000000000000e+03,3.627510000000000190e+01,1.719726774940405933e+00,2.998529475188564675e+01,2.970841326730593224e+01,3.228364209996970402e+01,1.354212769324166210e+01,9.659526964458022391e+00
1.003000000000000000e+03,3.627948333333333153e+01,1.719396607935461896e+00,2.998988153321695194e+01,2.971234665018484833e+01,3.228867515334962235e+01,1.353277391709436905e+01,9.660014462225882781e+00
1.004000000000000000e+03,3.628386666666666827e+01,1.719066677345748584e+00,2.999446699665657690e+01,2.971628304597956571e+01,3.229370238560863982e+01,1.352344042981174610e+01,9.660503938809533508e+00
1.005000000000000000e+03,3.628824999999999790e+01,1.718736982779069500e+00,2.999905114293240871e+01,2.972022245195180545e+01,3.229872391461449865e+01,1.351412721114019710e+01,9.660995501949587450e+00
1.006000000000000000e+03,3.629263333333333463e+01,1.718407523845199458e+00,3.000366230147123403e+01,2.972416486552589987e+01,3.230373985381987723e+01,1.350483424098834639e+01,9.661489255040990543e+00
1.007000000000000000e+03,3.629701666666666426e+01,1.718078300155816862e+00,3.000827953087582145e+01,2.972811028428432678e+01,3.230875031250906204e+01,1.349556149942275773e+01,9.661985297381772142e+00
1.008000000000000000e+03,3.630140000000000100e+01,1.717749311324444639e+00,3.001289543504571711e+01,2.973205870596271438e+01,3.231375539603657643e+01,1.348630896666326073e+01,9.662483724402159524e+00
1.009000000000000000e+03,3.630578333333333063e+01,1.717420556966379630e+00,3.001751001471205171e+01,2.973601012844438074e+01,3.231875520605136387e+01,1.347707662307760756e+01,9.662984627876438637e+00
1.010000000000000000e+03,3.631016666666666737e+01,1.717092036698623536e+00,3.002212327060543728e+01,2.973996454975430126e+01,3.232374984069685553e+01,1.346786444917597336e+01,9.663488096120030235e+00
1.011000000000000000e+03,3.631454999999999700e+01,1.716763750139884026e+00,3.002673520345579661e+01,2.974392196805314370e+01,3.232873939479132019e+01,1.345867242560500898e+01,9.663994214172383579e+00
1.012000000000000000e+03,3.631893333333333374e+01,1.716435696910592057e+00,3.003134581399246272e+01,2.974788238163051446e+01,3.233372395999767690e+01,1.344950053314136440e+01,9.664503063966941809e+00
1.013000000000000000e+03,3.632331666666666337e+01,1.716107876632755325e+00,3.003595510294417892e+01,2.975184578889804143e+01,3.233870362498446127e+01,1.344034875268499007e+01,9.665014724488948161e+00
1.014000000000000000e+03,3.632770000000000010e+01,1.715780288929900976e+00,3.004056307103907031e+01,2.975581218838198438e+01,3.234367847557655296e+01,1.343121706525204928e+01,9.665529271922746801e+00
1.015000000000000000e+03,3.633208333333332973e+01,1.715452933427063842e+00,3.004516971900472910e+01,2.975978157871536567e+01,3.234864859489420041e+01,1.342210545196733129e+01,9.666046779789411403e+00
1.016000000000000000e+03,3.633646666666666647e+01,1.715125809750771113e+00,3.004977504756803341e+01,2.976375395863017204e+01,3.235361406348214075e+01,1.341301389405655442e+01,9.666567319075193510e+00
1.017000000000000000e+03,3.634084999999999610e+01,1.714798917529011479e+00,3.005437905745537108e+01,2.976772932694904128e+01,3.235857495943071171e+01,1.340394237283839018e+01,9.667090958351801433e+00
1.018000000000000000e+03,3.634523333333333284e+01,1.714472256391194493e+00,3.005898174939246559e+01,2.977170768257659361e+01,3.236353135849016383e+01,1.339489086971616238e+01,9.667617763889015947e+00
1.019000000000000000e+03,3.634961666666666247e+01,1.714145825968121484e+00,3.006358312410445777e+01,2.977568902449078081e+01,3.236848333417776757e+01,1.338585936616921046e+01,9.668147799760225425e+00
1.020000000000000000e+03,3.635399999999999920e+01,1.713819625891956910e+00,3.006818318231590226e+01,2.977967335173386232e+01,3.237343125832104107e+01,1.337684784374413738e+01,9.668681235454428702e+00
1.021000000000000000e+03,3.636588333333332912e+01,1.713493683530297629e+00,3.007441671622302337e+01,2.978366066340327833e+01,3.237853041956702072e+01,1.336785628404614101e+01,9.669377259922690371e+00
1.022000000000000000e+03,3.637776666666666614e+01,1.713167989368952426e+00,3.008064783415147048e+01,2.978765095864246248e+01,3.238375733475536578e+01,1.335888466872996183e+01,9.670207570427333366e+00
1.023000000000000000e+03,3.638964999999999606e+01,1.712842536373872182e+00,3.008687653790075700e+01,2.979164423663149464e+01,3.238906329736797574e+01,1.334993297949052504e+01,9.671124903588369293e+00
1.024000000000000000e+03,3.640153333333333308e+01,1.712517322371425399e+00,3.009310282926839264e+01,2.979564049657766844e+01,3.239443188140179331e+01,1.334100119805401263e+01,9.672112709932925156e+00
1.025000000000000000e+03,3.641341666666666299e+01,1.712192345983450714e+00,3.009932671004991533e+01,2.979963973770531993e+01,3.239985343870765888e+01,1.333208930616815557e+01,9.673161322095166881e+00
1.026000000000000000e+03,3.642530000000000001e+01,1.711867605890225796e+00,3.010554818203876337e+01,2.980364195924596515e+01,3.240532132616487360e+01,1.332319728559341954e+01,9.674264219125245035e+00
1.027000000000000000e+03,3.643718333333332993e+01,1.711543100974141085e+00,3.011176724702649565e+01,2.980764716043160689e+01,3.241083094174950219e+01,1.331432511809447128e+01,9.675416752911148777e+00
1.028000000000000000e+03,3.644906666666666695e+01,1.711218830294094939e+00,3.011798390680260340e+01,2.981165534048432875e+01,3.241637880366534574e+01,1.330547278543115297e+01,9.676615334231307486e+00
1.029000000000000000e+03,3.646094999999999686e+01,1.710894793055550478e+00,3.012419816315458476e+01,2.981566649860665308e+01,3.242196202762019652e+01,1.329664026934878684e+01,9.677857041624950085e+00
1.030000000000000000e+03,3.647283333333333388e+01,1.710570988516421975e+00,3.013041001786800877e+01,2.981968063397218671e+01,3.242757819286010346e+01,1.328782755156881379e+01,9.679139429701489661e+00
1.031000000000000000e+03,3.648471666666666380e+01,1.710247416032272705e+00,3.013661947272639452e+01,2.982369774571845156e+01,3.243322525773481857e+01,1.327903461378034500e+01,9.680460454995005293e+00
1.032000000000000000e+03,3.649660000000000082e+01,1.709924074935942784e+00,3.014282652951130714e+01,2.982771783293263113e+01,3.243890153311501479e+01,1.327026143763189658e+01,9.681818387228751988e+00
1.033000000000000000e+03,3.650848333333333073e+01,1.709600964617226326e+00,3.014903119000232223e+01,2.983174089465330781e+01,3.244460550415421096e+01,1.326150800472317037e+01,9.683211723109513613e+00
1.034000000000000000e+03,3.652036666666666775e+01,1.709278084513640605e+00,3.015523345597705784e+01,2.983576692984991396e+01,3.245033587114933482e+01,1.325277429659650963e+01,9.684639134113821157e+00
1.035000000000000000e+03,3.653224999999999767e+01,1.708955434091960157e+00,3.016143332921114251e+01,2.983979593741980452e+01,3.245609147615142120e+01,1.324406029472889301e+01,9.686099439133782241e+00
1.036000000000000000e+03,3.654413333333333469e+01,1.708633012837438514e+00,3.016763081147821879e+01,2.984382791618157427e+01,3.246187127811507622e+01,1.323536598052429447e+01,9.687591583501562909e+00
1.037000000000000000e+03,3.655601666666666461e+01,1.708310820250399598e+00,3.017382590454996460e+01,2.984786286486704299e+01,3.246767433836459560e+01,1.322669133530623142e+01,9.689114618090526321e+00
1.038000000000000000e+03,3.656790000000000163e+01,1.707988855845270937e+00,3.018001861019617138e+01,2.985190078211329023e+01,3.247349980766028921e+01,1.321803634031058294e+01,9.690667681500618968e+00
1.039000000000000000e+03,3.657978333333333154e+01,1.707667119149428814e+00,3.018620893018454865e+01,2.985594166645527636e+01,3.247934691309076527e+01,1.320940097667862645e+01,9.692249987164224478e+00
1.040000000000000000e+03,3.659166666666666856e+01,1.707345609701662381e+00,3.019239686628090880e+01,2.985998551631917053e+01,3.248521494671673082e+01,1.320078522545038524e+01,9.693860813813850896e+00
1.041000000000000000e+03,3.660354999999999848e+01,1.707024327050710388e+00,3.019858242024909956e+01,2.986403233001590607e+01,3.249110325691384560e+01,1.319218906755827447e+01,9.695499497423334390e+00
1.042000000000000000e+03,3.661543333333333550e+01,1.706703270754096113e+00,3.020476559385102178e+01,2.986808210573490641e+01,3.249701124172095490e+01,1.318361248382117701e+01,9.697165424086785279e+00
1.043000000000000000e+03,3.662731666666666541e+01,1.706382440377222975e+00,3.021094638884658323e+01,2.987213484153824439e+01,3.250293834324426712e+01,1.317505545493850860e+01,9.698858023998475630e+00
1.044000000000000000e+03,3.663920000000000243e+01,1.706061835492628243e+00,3.021712480699385850e+01,2.987619053535504321e+01,3.250888404271577770e+01,1.316651796148496167e+01,9.700576766513277605e+00
1.045000000000000000e+03,3.665108333333333235e+01,1.705741455679339547e+00,3.022330085004881539e+01,2.988024918497614024e+01,3.251484785620007045e+01,1.315799998390550662e+01,9.702321156063508312e+00
1.046000000000000000e+03,3.666296666666666937e+01,1.705421300522312222e+00,3.022947451976560984e+01,2.988431078804917718e+01,3.252082933096179573e+01,1.314950150251024041e+01,9.704090728362453788e+00
1.047000000000000000e+03,3.667484999999999928e+01,1.705101369611935924e+00,3.023564581789638339e+01,2.988837534207403479e+01,3.252682804238882142e+01,1.314102249747063311e+01,9.705885047782397024e+00
1.048000000000000000e+03,3.668673333333333630e+01,1.704781662543609855e+00,3.024181474619141596e+01,2.989244284439847732e+01,3.253284359132710080e+01,1.313256294881442798e+01,9.707703703941264806e+00
1.049000000000000000e+03,3.669861666666666622e+01,1.704462178917368620e+00,3.024798130639893046e+01,2.989651329221417342e+01,3.253887560173428284e+01,1.312412283642229127e+01,9.709546309642307804e+00
1.050000000000000000e+03,3.671049999999999613e+01,1.704142918337554047e+00,3.025414550026535920e+01,2.990058668255316476e+01,3.254492371861037014e+01,1.311570214002455970e+01,9.711412498964147488e+00
1.051000000000000000e+03,3.672238333333333316e+01,1.703823880412525638e+00,3.026030732953509883e+01,2.990466301228457269e+01,3.255098760617893561e+01,1.310730083919801459e+01,9.713301925446291563e+00
1.052000000000000000e+03,3.673426666666666307e+01,1.703505064754401888e+00,3.026646679595069500e+01,2.990874227811159969e+01,3.255706694628356246e+01,1.309891891336302905e+01,9.715214260367755372e+00
1.053000000000000000e+03,3.674615000000000009e+01,1.703186470978830247e+00,3.027262390125273228e+01,2.991282447656899279e+01,3.256316143696387400e+01,1.309055634178112726e+01,9.717149191258632968e+00
1.054000000000000000e+03,3.675803333333333001e+01,1.702868098704780842e+00,3.027877864717986611e+01,2.991690960402095811e+01,3.256927079118365498e+01,1.308221310355284039e+01,9.719106420652598999e+00
1.055000000000000000e+03,3.676991666666666703e+01,1.702549947554359289e+00,3.028493103546889031e+01,2.992099765665926725e+01,3.257539473569088528e+01,1.307388917761615410e+01,9.721085664982217267e+00
1.056000000000000000e+03,3.678179999999999694e+01,1.702232017152642385e+00,3.029108106785460919e+01,2.992508863050198542e+01,3.258153301002391089e+01,1.306558454274533432e+01,9.723086653550383929e+00
1.057000000000000000e+03,3.679368333333333396e+01,1.701914307127525117e+00,3.029722874606996896e+01,2.992918252139238078e+01,3.258768536548500805e+01,1.305729917755012792e+01,9.725109127583593249e+00
1.058000000000000000e+03,3.680556666666666388e+01,1.701596817109582993e+00,3.030337407184600806e+01,2.993327932499877519e+01,3.259385156451308774e+01,1.304903306047526534e+01,9.727152839387361638e+00
1.059000000000000000e+03,3.681745000000000090e+01,1.701279546731947256e+00,3.030951704691182158e+01,2.993737903681429913e+01,3.260003137967028408e+01,1.304078616980069150e+01,9.729217551595771951e+00
1.060000000000000000e+03,3.682933333333333081e+01,1.700962495630191418e+00,3.031565767299463232e+01,2.994148165215757373e+01,3.260622459310274479e+01,1.303255848364229763e+01,9.731303036490103864e+00
1.061000000000000000e+03,3.684121666666666783e+01,1.700645663442226674e+00,3.032179595181973397e+01,2.994558716617391170e+01,3.261243099593412609e+01,1.302434997995315058e+01,9.733409075370657249e+00
1.062000000000000000e+03,3.685309999999999775e+01,1.700329049808203763e+00,3.032793188511059768e+01,2.994969557383718950e+01,3.261865038768314662e+01,1.301616063652542898e+01,9.735535457980102336e+00
1.063000000000000000e+03,3.686498333333333477e+01,1.700012654370427700e+00,3.033406547458872993e+01,2.995380686995187247e+01,3.262488257571752115e+01,1.300799043099268637e+01,9.737681981978688839e+00
1.064000000000000000e+03,3.687686666666666468e+01,1.699696476773275622e+00,3.034019672197374007e+01,2.995792104915593512e+01,3.263112737477153757e+01,1.299983934083284609e+01,9.739848452465768247e+00
1.065000000000000000e+03,3.688875000000000171e+01,1.699380516663121510e+00,3.034632562898337937e+01,2.996203810592485794e+01,3.263738460651796913e+01,1.299170734337206845e+01,9.742034681539941232e+00
1.066000000000000000e+03,3.690063333333333162e+01,1.699064773688265584e+00,3.035245219733353039e+01,2.996615803457550342e+01,3.264365409917120076e+01,1.298359441578905304e+01,9.744240487892801283e+00
1.067000000000000000e+03,3.691251666666666864e+01,1.698749247498871684e+00,3.035857642873815365e+01,2.997028082927110404e+01,3.264993568711246752e+01,1.297550053512006230e+01,9.746465696433686432e+00
1.068000000000000000e+03,3.692439999999999856e+01,1.698433937746907096e+00,3.036469832490931253e+01,2.997440648402695373e+01,3.265622921054158923e+01,1.296742567826457737e+01,9.748710137943744414e+00
1.069000000000000000e+03,3.693628333333333558e+01,1.698118844086047963e+00,3.037081788755729406e+01,2.997853499271655409e+01,3.266253451515827777e+01,1.295936982199159537e+01,9.750973648756275480e+00
1.070000000000000000e+03,3.694816666666666549e+01,1.697803966171720136e+00,3.037693511839037797e+01,2.998266634907860961e+01,3.266885145186985540e+01,1.295133294294675963e+01,9.753256070460444960e+00
1.071000000000000000e+03,3.696005000000000251e+01,1.697489303660913329e+00,3.038305001911509251e+01,2.998680054672452044e+01,3.267517987651884681e+01,1.294331501765999093e+01,9.755557249625880445e+00
1.072000000000000000e+03,3.697193333333333243e+01,1.697174856212348981e+00,3.038916259143598353e+01,2.999093757914649672e+01,3.268151964962778777e+01,1.293531602255376889e+01,9.757877037546661469e+00
1.073000000000000000e+03,3.698381666666666945e+01,1.696860623486283304e+00,3.039527283705579208e+01,2.999507743972645457e+01,3.268787063616203881e+01,1.292733593395185920e+01,9.760215290003035449e+00
1.074000000000000000e+03,3.699569999999999936e+01,1.696546605144481745e+00,3.040138075767542958e+01,2.999922012174526031e+01,3.269423270530881354e+01,1.291937472808898413e+01,9.762571867039440576e+00
1.075000000000000000e+03,3.700758333333333638e+01,1.696232800850141054e+00,3.040748635499384633e+01,3.000336561839260696e+01,3.270060573027188866e+01,1.291143238112069014e+01,9.764946632757368405e+00
1.076000000000000000e+03,3.701946666666666630e+01,1.695919210267956334e+00,3.041358963070825894e+01,3.000751392277741658e+01,3.270698958807932399e+01,1.290350886913388528e+01,9.767339455121572200e+00
1.077000000000000000e+03,3.703135000000000332e+01,1.695605833063952739e+00,3.041969058651394775e+01,3.001166502793870805e+01,3.271338415940322619e+01,1.289560416815776911e+01,9.769750205778819918e+00
1.078000000000000000e+03,3.704323333333333323e+01,1.695292668905529654e+00,3.042578922410430309e+01,3.001581892685672059e+01,3.271978932839081722e+01,1.288771825417515160e+01,9.772178759888058508e+00
1.079000000000000000e+03,3.705511666666667026e+01,1.694979717461500890e+00,3.043188554517094957e+01,3.001997561246451340e+01,3.272620498250635279e+01,1.287985110313420201e+01,9.774624995961236351e+00
1.080000000000000000e+03,3.706700000000000017e+01,1.694666978401943247e+00,3.043797955140364309e+01,3.002413507766000222e+01,3.273262793668995130e+01,1.287200269096058669e+01,9.777088479834571189e+00
1.081000000000000000e+03,3.707286666666666974e+01,1.694354418375989324e+00,3.044127534459271089e+01,3.002829731531812385e+01,3.273894197357562774e+01,1.286417299356958388e+01,9.779441298470336719e+00
1.082000000000000000e+03,3.707873333333333221e+01,1.694042024780681333e+00,3.044457046107596909e+01,3.003246231830325641e+01,3.274515741639743283e+01,1.285636198687896048e+01,9.781705348393016308e+00
1.083000000000000000e+03,3.708460000000000178e+01,1.693729818472315518e+00,3.044786490112026200e+01,3.003663007948192387e+01,3.275131633005607057e+01,1.284856964682166591e+01,9.783919042571527669e+00
1.084000000000000000e+03,3.709046666666666425e+01,1.693417805243881302e+00,3.045115866499228474e+01,3.004080059173592687e+01,3.275743179938712757e+01,1.284079594935893809e+01,9.786095816036736394e+00
1.085000000000000000e+03,3.709633333333333383e+01,1.693105986983993727e+00,3.045445175295854057e+01,3.004497384797394233e+01,3.276351150942674195e+01,1.283304087049164011e+01,9.788243455385559955e+00
1.086000000000000000e+03,3.710219999999999629e+01,1.692794364996684120e+00,3.045774416528547235e+01,3.004914984114865106e+01,3.276956038850800468e+01,1.282530438627821745e+01,9.790366915892406041e+00
1.087000000000000000e+03,3.710806666666666587e+01,1.692482940226192945e+00,3.046103590223924584e+01,3.005332856426010935e+01,3.277558231554585433e+01,1.281758647283741759e+01,9.792470088503788972e+00
1.088000000000000000e+03,3.711393333333333544e+01,1.692171713348089801e+00,3.046432696408599838e+01,3.005751001037469550e+01,3.278158015342734188e+01,1.280988710636654915e+01,9.794555880573662776e+00
1.089000000000000000e+03,3.711979999999999791e+01,1.691860684826596017e+00,3.046761735109160796e+01,3.006169417263807020e+01,3.278755614125339690e+01,1.280220626316146770e+01,9.796626522170551965e+00
1.090000000000000000e+03,3.712566666666666748e+01,1.691549855043675166e+00,3.047090706352180689e+01,3.006588104428698571e+01,3.279351213089504569e+01,1.279454391961380466e+01,9.798683916989789466e+00
1.091000000000000000e+03,3.713153333333332995e+01,1.691239224219643011e+00,3.047419610164222803e+01,3.007007061866126918e+01,3.279944969702364688e+01,1.278690005223951331e+01,9.800729640121575770e+00
1.092000000000000000e+03,3.713739999999999952e+01,1.690928792540852266e+00,3.047748446571829462e+01,3.007426288921389812e+01,3.280537019227045192e+01,1.277927463768394034e+01,9.802765045060834126e+00
1.093000000000000000e+03,3.714326666666666910e+01,1.690618560119161673e+00,3.048077215601533041e+01,3.007845784952978008e+01,3.281127477430912620e+01,1.277166765273225479e+01,9.804791302867823077e+00
1.094000000000000000e+03,3.714913333333333156e+01,1.690308527008481887e+00,3.048405917279841404e+01,3.008265549331958510e+01,3.281716446659649478e+01,1.276407907432145805e+01,9.806809434679916393e+00
1.095000000000000000e+03,3.715500000000000114e+01,1.689998693221800741e+00,3.048734551633252465e+01,3.008685581445360313e+01,3.282304016110185785e+01,1.275650887955261581e+01,9.808820340581869246e+00
1.096000000000000000e+03,3.716086666666666360e+01,1.689689058741369765e+00,3.049063118688252416e+01,3.009105880696614221e+01,3.282890265132257213e+01,1.274895704570200294e+01,9.810824821776650495e+00
1.097000000000000000e+03,3.716673333333333318e+01,1.689379623523643792e+00,3.049391618471302223e+01,3.009526446506091801e+01,3.283475265258905296e+01,1.274142355023150408e+01,9.812823596488243538e+00
1.098000000000000000e+03,3.717260000000000275e+01,1.689070387502403792e+00,3.049720051008856814e+01,3.009947278312030505e+01,3.284059081301808192e+01,1.273390837079867310e+01,9.814817312243086178e+00
1.099000000000000000e+03,3.717846666666666522e+01,1.688761350591670762e+00,3.050048416327349088e+01,3.010368375571672672e+01,3.284641772074391497e+01,1.272641148526649957e+01,9.816806556035627906e+00
1.100000000000000000e+03,3.718433333333333479e+01,1.688452512688478402e+00,3.050376714453197025e+01,3.010789737762320328e+01,3.285223391133380488e+01,1.271893287171290687e+01,9.818791862686607530e+00
1.101000000000000000e+03,3.719019999999999726e+01,1.688143873675240769e+00,3.050704945412805813e+01,3.011211364382218392e+01,3.285803987518347924e+01,1.271147250843972110e+01,9.820773721630125408e+00
1.102000000000000000e+03,3.719606666666666683e+01,1.687835433421655873e+00,3.051033109232564655e+01,3.011633254951355809e+01,3.286383606362069543e+01,1.270403037398106960e+01,9.822752582519608922e+00
1.103000000000000000e+03,3.720193333333332930e+01,1.687527191786253544e+00,3.051361205938844634e+01,3.012055409012241469e+01,3.286962289351819066e+01,1.269660644711145281e+01,9.824728859943624215e+00
1.104000000000000000e+03,3.720779999999999887e+01,1.687219148617693509e+00,3.051689235558004754e+01,3.012477826130668745e+01,3.287540075100558568e+01,1.268920070685343049e+01,9.826702937406935234e+00
1.105000000000000000e+03,3.721366666666666845e+01,1.686911303755885383e+00,3.052017198116384122e+01,3.012900505896439185e+01,3.288116999474297586e+01,1.268181313248476982e+01,9.828675170704432418e+00
1.106000000000000000e+03,3.721953333333333092e+01,1.686603657032955672e+00,3.052345093640314033e+01,3.013323447924024023e+01,3.288693095884163142e+01,1.267444370354507299e+01,9.830645890813181964e+00
1.107000000000000000e+03,3.722540000000000049e+01,1.686296208274080444e+00,3.052672922156099844e+01,3.013746651853172409e+01,3.289268395538557854e+01,1.266709239984190205e+01,9.832615406394813462e+00
1.108000000000000000e+03,3.723126666666666296e+01,1.685988957298212743e+00,3.053000683690041228e+01,3.014170117349478772e+01,3.289842927657512917e+01,1.265975920145651479e+01,9.834584005905250947e+00
1.109000000000000000e+03,3.723713333333333253e+01,1.685681903918714308e+00,3.053328378268415833e+01,3.014593844104917864e+01,3.290416719657626032e+01,1.265244408874973026e+01,9.836551959710108761e+00
1.110000000000000000e+03,3.724299999999999500e+01,1.685375047943909355e+00,3.053656005917489225e+01,3.015017831838314422e+01,3.290989797314970389e+01,1.264514704236542819e+01,9.838519521310924887e+00
1.111000000000000000e+03,3.724886666666666457e+01,1.685068389177573289e+00,3.053983566663507787e+01,3.015442080295767013e+01,3.291562184909648892e+01,1.263786804323654778e+01,9.840486929342864286e+00
1.112000000000000000e+03,3.725473333333333414e+01,1.684761927419365479e+00,3.054311060532709377e+01,3.015866589251035279e+01,3.292133905353740175e+01,1.263060707258794579e+01,9.842454408550677769e+00
1.113000000000000000e+03,3.726059999999999661e+01,1.684455662465212722e+00,3.054638487551309112e+01,3.016291358505884901e+01,3.292704980304487350e+01,1.262336411193983388e+01,9.844422170905708924e+00
1.114000000000000000e+03,3.726646666666666619e+01,1.684149594107654080e+00,3.054965847745510388e+01,3.016716387890352635e+01,3.293275430264950643e+01,1.261613914311056739e+01,9.846390416660881328e+00
1.115000000000000000e+03,3.727233333333332865e+01,1.683843722136145971e+00,3.055293141141500968e+01,3.017141677262985056e+01,3.293845274674039558e+01,1.260893214821921582e+01,9.848359335316269281e+00
1.116000000000000000e+03,3.727819999999999823e+01,1.683538046337338168e+00,3.055620367765455825e+01,3.017567226511033951e+01,3.294414531987439432e+01,1.260174310968739064e+01,9.850329106444371874e+00
1.117000000000000000e+03,3.728406666666666780e+01,1.683232566495320714e+00,3.055947527643528971e+01,3.017993035550578185e+01,3.294983219750430692e+01,1.259457201024063444e+01,9.852299900403471256e+00
1.118000000000000000e+03,3.728993333333333027e+01,1.682927282391847967e+00,3.056274620801861275e+01,3.018419104326590130e+01,3.295551354663584220e+01,1.258741883290902486e+01,9.854271878990001454e+00
1.119000000000000000e+03,3.729579999999999984e+01,1.682622193806542432e+00,3.056601647266577970e+01,3.018845432812963026e+01,3.296118952642191147e+01,1.258028356102740020e+01,9.856245196047883184e+00
1.120000000000000000e+03,3.730166666666666231e+01,1.682317300517077729e+00,3.056928607063792214e+01,3.019272021012473317e+01,3.296686028870193041e+01,1.257316617823505034e+01,9.858219998024107866e+00
1.121000000000000000e+03,3.730753333333333188e+01,1.682012602299344906e+00,3.057255500219598687e+01,3.019698868956679760e+01,3.297252597849250577e+01,1.256606666847465448e+01,9.860196424465746290e+00
1.122000000000000000e+03,3.731340000000000146e+01,1.681708098927605866e+00,3.057582326760079638e+01,3.020125976705762483e+01,3.297818673443084947e+01,1.255898501599074812e+01,9.862174608468087911e+00
1.123000000000000000e+03,3.731926666666666392e+01,1.681403790174633928e+00,3.057909086711298130e+01,3.020553344348293834e+01,3.298384268919883766e+01,1.255192120532731437e+01,9.864154677086448331e+00
1.124000000000000000e+03,3.732513333333333350e+01,1.681099675811839278e+00,3.058235780099301948e+01,3.020980972000972642e+01,3.298949396985301519e+01,1.254487522132497368e+01,9.866136751717110798e+00
1.125000000000000000e+03,3.733099999999999596e+01,1.680795755609387099e+00,3.058562406950129642e+01,3.021408859808245140e+01,3.299514069823286633e+01,1.253784704911749159e+01,9.868120948446875929e+00
1.126000000000000000e+03,3.733686666666666554e+01,1.680492029336305482e+00,3.058888967289795247e+01,3.021837007941890718e+01,3.300078299125582504e+01,1.253083667412751367e+01,9.870107378372715345e+00
1.127000000000000000e+03,3.734273333333332801e+01,1.680188496760583794e+00,3.059215461144306047e+01,3.022265416600541599e+01,3.300642096118832569e+01,1.252384408206168942e+01,9.872096147895204510e+00
1.128000000000000000e+03,3.734859999999999758e+01,1.679885157649264604e+00,3.059541888539650856e+01,3.022694086009140690e+01,3.301205471590948548e+01,1.251686925890516022e+01,9.874087358990029983e+00
1.129000000000000000e+03,3.735446666666666715e+01,1.679582011768527838e+00,3.059868249501803206e+01,3.023123016418333719e+01,3.301768435916945066e+01,1.250991219091532969e+01,9.876081109459379448e+00
1.130000000000000000e+03,3.736033333333332962e+01,1.679279058883768050e+00,3.060194544056720289e+01,3.023552208103787464e+01,3.302330999082634833e+01,1.250297286461514723e+01,9.878077493164701295e+00
1.131000000000000000e+03,3.736619999999999919e+01,1.678976298759669028e+00,3.060520772230344733e+01,3.023981661365459317e+01,3.302893170705710446e+01,1.249605126678564915e+01,9.880076600242057694e+00
1.132000000000000000e+03,3.737206666666666166e+01,1.678673731160267524e+00,3.060846934048606371e+01,3.024411376526790818e+01,3.303454960055027101e+01,1.248914738445779271e+01,9.882078517301916776e+00
1.133000000000000000e+03,3.737793333333333123e+01,1.678371355849018753e+00,3.061173029537419410e+01,3.024841353933866728e+01,3.304016376068867800e+01,1.248226120490400781e+01,9.884083327615142522e+00
1.134000000000000000e+03,3.738379999999999370e+01,1.678069172588852354e+00,3.061499058722676381e+01,3.025271593954508020e+01,3.304577427372236542e+01,1.247539271562898655e+01,9.886091111286020805e+00
1.135000000000000000e+03,3.738966666666666328e+01,1.677767181142227670e+00,3.061825021630260579e+01,3.025702096977308742e+01,3.305138122292891723e+01,1.246854190436001986e+01,9.888101945413806604e+00
1.136000000000000000e+03,3.739553333333333285e+01,1.677465381271183054e+00,3.062150918286042156e+01,3.026132863410641960e+01,3.305698468876162366e+01,1.246170875903686870e+01,9.890115904243211631e+00
1.137000000000000000e+03,3.740139999999999532e+01,1.677163772737382486e+00,3.062476748715874209e+01,3.026563893681610296e+01,3.306258474898755395e+01,1.245489326780109884e+01,9.892133059305075804e+00
1.138000000000000000e+03,3.740726666666666489e+01,1.676862355302161101e+00,3.062802512945589584e+01,3.026995188234959500e+01,3.306818147881734404e+01,1.244809541898528416e+01,9.894153479548005947e+00
1.139000000000000000e+03,3.741313333333332736e+01,1.676561128726565153e+00,3.063128211001015799e+01,3.027426747531958640e+01,3.307377495102716836e+01,1.244131520110147449e+01,9.896177231461701140e+00
1.140000000000000000e+03,3.741899999999999693e+01,1.676260092771406418e+00,3.063453842907955504e+01,3.027858572049247599e+01,3.307936609304951503e+01,1.243455260282973107e+01,9.898205418756919727e+00
1.141000000000000000e+03,3.742671666666666397e+01,1.675959295895023793e+00,3.064095045723515653e+01,3.028290662277656864e+01,3.308499112579672641e+01,1.242780761300606152e+01,9.900275971242015416e+00
1.142000000000000000e+03,3.743443333333333101e+01,1.675658732490124869e+00,3.064735992199369008e+01,3.028723018721017013e+01,3.309064612041782283e+01,1.242108022061036188e+01,9.902384912402270700e+00
1.143000000000000000e+03,3.744214999999999804e+01,1.675358384397759304e+00,3.065376682532213692e+01,3.029155641894923434e+01,3.309631840504685840e+01,1.241437041475541392e+01,9.904518883730995427e+00
1.144000000000000000e+03,3.744986666666666508e+01,1.675058246324622635e+00,3.066017116918529695e+01,3.029588532325531958e+01,3.310200479961568476e+01,1.240767818467201877e+01,9.906673663737894486e+00
1.145000000000000000e+03,3.745758333333333212e+01,1.674758315798128949e+00,3.066657295554561813e+01,3.030021690548658242e+01,3.310770207288368283e+01,1.240100351969678805e+01,9.908846850510444781e+00
1.146000000000000000e+03,3.746529999999999916e+01,1.674458590738851393e+00,3.067297218636337064e+01,3.030455117107872098e+01,3.311340905129417678e+01,1.239434640926429054e+01,9.911036846412363488e+00
1.147000000000000000e+03,3.747301666666666620e+01,1.674159069422254564e+00,3.067936886359652249e+01,3.030888812552845124e+01,3.311912457650620212e+01,1.238770684287999480e+01,9.913242427352995989e+00
1.148000000000000000e+03,3.748073333333333323e+01,1.673859750448202233e+00,3.068576298920081058e+01,3.031322777439282490e+01,3.312484774671895593e+01,1.238108481012318940e+01,9.915462694838270252e+00
1.149000000000000000e+03,3.748845000000000027e+01,1.673560632710991092e+00,3.069215456512979046e+01,3.031757012327529210e+01,3.313057790239582800e+01,1.237448030063258031e+01,9.917696947513064742e+00
1.150000000000000000e+03,3.749616666666666731e+01,1.673261715119299442e+00,3.069854359333466221e+01,3.032191517781068058e+01,3.313631451830132590e+01,1.236789330409098930e+01,9.919944605886216848e+00
1.151000000000000000e+03,3.750388333333332724e+01,1.672962996885500209e+00,3.070493007576447653e+01,3.032626294365204345e+01,3.314205713774192930e+01,1.236132381021213078e+01,9.922205178776557943e+00
1.152000000000000000e+03,3.751159999999999428e+01,1.672664477158269047e+00,3.071131401436605302e+01,3.033061342645910585e+01,3.314780536595749538e+01,1.235477180872869063e+01,9.924478245858177061e+00
1.153000000000000000e+03,3.751931666666666132e+01,1.672366155187590575e+00,3.071769541108394108e+01,3.033496663188689624e+01,3.315355886838503352e+01,1.234823728938224008e+01,9.926763451128719495e+00
1.154000000000000000e+03,3.752703333333332836e+01,1.672068030308476505e+00,3.072407426786051232e+01,3.033932256557433504e+01,3.315931735778473666e+01,1.234172024190994499e+01,9.929060479212589385e+00
1.155000000000000000e+03,3.753474999999999540e+01,1.671770101910593054e+00,3.073045058663581131e+01,3.034368123313291932e+01,3.316508058198619580e+01,1.233522065603439444e+01,9.931369057440056380e+00
1.156000000000000000e+03,3.754246666666666243e+01,1.671472369419629622e+00,3.073682436934783269e+01,3.034804264013574482e+01,3.317084831729368943e+01,1.232873852145115201e+01,9.933688943842348351e+00
1.157000000000000000e+03,3.755018333333332947e+01,1.671174832290478474e+00,3.074319561793224054e+01,3.035240679210669157e+01,3.317662036455646302e+01,1.232227382781799285e+01,9.936019920973057751e+00
1.158000000000000000e+03,3.755789999999999651e+01,1.670877490004649690e+00,3.074956433432248915e+01,3.035677369451009966e+01,3.318239654562842134e+01,1.231582656474482995e+01,9.938361792611580370e+00
1.159000000000000000e+03,3.756561666666666355e+01,1.670580342067672808e+00,3.075593052044986564e+01,3.036114335274065112e+01,3.318817670016956356e+01,1.230939672178374344e+01,9.940714381408707112e+00
1.160000000000000000e+03,3.757333333333333059e+01,1.670283388006039482e+00,3.076229417824340828e+01,3.036551577211646702e+01,3.319396068262390997e+01,1.230298428841928171e+01,9.943077526416402634e+00
1.161000000000000000e+03,3.758104999999999762e+01,1.669986627364368648e+00,3.076865530963002726e+01,3.036989095785977000e+01,3.319974836197715717e+01,1.229658925405878911e+01,9.945451080697749191e+00
1.162000000000000000e+03,3.758876666666666466e+01,1.669690059703133445e+00,3.077501391653435192e+01,3.037426891510761351e+01,3.320553961685203603e+01,1.229021160802319379e+01,9.947834909404040360e+00
1.163000000000000000e+03,3.759648333333333170e+01,1.669393684596871541e+00,3.078137000087887287e+01,3.037864964888073871e+01,3.321133433742670604e+01,1.228385133953828756e+01,9.950228888324938126e+00
1.164000000000000000e+03,3.760419999999999874e+01,1.669097501632706093e+00,3.078772356458387804e+01,3.038303316408401145e+01,3.321713242282808665e+01,1.227750843772662215e+01,9.952632902706701756e+00
1.165000000000000000e+03,3.761191666666666578e+01,1.668801510409074096e+00,3.079407460956741005e+01,3.038741946550135609e+01,3.322293377981153384e+01,1.227118289159941611e+01,9.955046846204696820e+00
1.166000000000000000e+03,3.761963333333333281e+01,1.668505710534616826e+00,3.080042313774543672e+01,3.039180855778816337e+01,3.322873832202235178e+01,1.226487469004891828e+01,9.957470619954460034e+00
1.167000000000000000e+03,3.762734999999999985e+01,1.668210101627220610e+00,3.080676915103165570e+01,3.039620044546279587e+01,3.323454596946344708e+01,1.225858382184140183e+01,9.959904131775660474e+00
1.168000000000000000e+03,3.763506666666666689e+01,1.667914683313180824e+00,3.081311265133759036e+01,3.040059513289923032e+01,3.324035664790748967e+01,1.225231027561017250e+01,9.962347295497048449e+00
1.169000000000000000e+03,3.764278333333333393e+01,1.667619455226476699e+00,3.081945364057265024e+01,3.040499262432104643e+01,3.324617028828465237e+01,1.224605403984936380e+01,9.964800030373833550e+00
1.170000000000000000e+03,3.765049999999999386e+01,1.667324417008132276e+00,3.082579212064404217e+01,3.040939292379572834e+01,3.325198682615103962e+01,1.223981510290791341e+01,9.967262260574790034e+00
1.171000000000000000e+03,3.765821666666666090e+01,1.667029568305654408e+00,3.083212809345679162e+01,3.041379603522912944e+01,3.325780620126184317e+01,1.223359345298392320e+01,9.969733914728490021e+00
1.172000000000000000e+03,3.766593333333332794e+01,1.666734908772535828e+00,3.083846156091372848e+01,3.041820196236012208e+01,3.326362835720924949e+01,1.222738907811941722e+01,9.972214925522868256e+00
1.173000000000000000e+03,3.767364999999999498e+01,1.666440438067809948e+00,3.084479252491559009e+01,3.042261070875588302e+01,3.326945324109258451e+01,1.222120196619563970e+01,9.974705229352091251e+00
1.174000000000000000e+03,3.768136666666666201e+01,1.666146155855655620e+00,3.085112098736094310e+01,3.042702227780742419e+01,3.327528080321562243e+01,1.221503210492858749e+01,9.977204766003120895e+00
1.175000000000000000e+03,3.768908333333332905e+01,1.665852061805045192e+00,3.085744695014615502e+01,3.043143667272569175e+01,3.328111099681629526e+01,1.220887948186499017e+01,9.979713478375936475e+00
1.176000000000000000e+03,3.769679999999999609e+01,1.665558155589423217e+00,3.086377041516546882e+01,3.043585389653789264e+01,3.328694377782870362e+01,1.220274408437855129e+01,9.982231312232878295e+00
1.177000000000000000e+03,3.770451666666666313e+01,1.665264436886421118e+00,3.087009138431099231e+01,3.044027395208418341e+01,3.329277910467106238e+01,1.219662589966688593e+01,9.984758215973682738e+00
1.178000000000000000e+03,3.771223333333333017e+01,1.664970905377598287e+00,3.087640985947262351e+01,3.044469684201489201e+01,3.329861693805413836e+01,1.219052491474857547e+01,9.987294140433132128e+00
1.179000000000000000e+03,3.771994999999999720e+01,1.664677560748205387e+00,3.088272584253824604e+01,3.044912256878791723e+01,3.330445724080767178e+01,1.218444111646076067e+01,9.989839038698470119e+00
1.180000000000000000e+03,3.772766666666666424e+01,1.664384402686972297e+00,3.088903933539349822e+01,3.045355113466681374e+01,3.331029997772304796e+01,1.217837449145694428e+01,9.992392865944200508e+00
1.181000000000000000e+03,3.773538333333333128e+01,1.664091430885913381e+00,3.089535033992187962e+01,3.045798254171898378e+01,3.331614511541123846e+01,1.217232502620543855e+01,9.994955579282395419e+00
1.182000000000000000e+03,3.774309999999999832e+01,1.663798645040147850e+00,3.090165885800481149e+01,3.046241679181433071e+01,3.332199262217370261e+01,1.216629270698806486e+01,9.997527137626443405e+00
1.183000000000000000e+03,3.775081666666666536e+01,1.663506044847739229e+00,3.090796489152156568e+01,3.046685388662441341e+01,3.332784246788482818e+01,1.216027751989916261e+01,1.000010750156696915e+01
1.184000000000000000e+03,3.775853333333333239e+01,1.663213630009544364e+00,3.091426844234927174e+01,3.047129382762176419e+01,3.333369462388456839e+01,1.215427945084520189e+01,1.000269663325872749e+01
1.185000000000000000e+03,3.776624999999999943e+01,1.662921400229077529e+00,3.092056951236298090e+01,3.047573661607976092e+01,3.333954906288031594e+01,1.214829848554460590e+01,1.000529449631709866e+01
1.186000000000000000e+03,3.777396666666666647e+01,1.662629355212382531e+00,3.092686810343556303e+01,3.048018225307284368e+01,3.334540575885699809e+01,1.214233460952794097e+01,1.000790105572314026e+01
1.187000000000000000e+03,3.778168333333333351e+01,1.662337494667917248e+00,3.093316421743781319e+01,3.048463073947702995e+01,3.335126468699456126e+01,1.213638780813863427e+01,1.001051627773783181e+01
1.188000000000000000e+03,3.778940000000000055e+01,1.662045818306445044e+00,3.093945785623837708e+01,3.048908207597083830e+01,3.335712582359221301e+01,1.213045806653397918e+01,1.001314012981719515e+01
1.189000000000000000e+03,3.779711666666666758e+01,1.661754325840935742e+00,3.094574902170388597e+01,3.049353626303646791e+01,3.336298914599863252e+01,1.212454536968629171e+01,1.001577258055036346e+01
1.190000000000000000e+03,3.780483333333333462e+01,1.661463016986471919e+00,3.095203771569872941e+01,3.049799330096149674e+01,3.336885463254759543e+01,1.211864970238497463e+01,1.001841359957544420e+01
1.191000000000000000e+03,3.781254999999999455e+01,1.661171891460163197e+00,3.095832394008528610e+01,3.050245318984073961e+01,3.337472226249857954e+01,1.211277104923831871e+01,1.002106315752337373e+01
1.192000000000000000e+03,3.782026666666666159e+01,1.660880948981066085e+00,3.096460769672381019e+01,3.050691592957857878e+01,3.338059201598178305e+01,1.210690939467590610e+01,1.002372122596306347e+01
1.193000000000000000e+03,3.782798333333332863e+01,1.660590189270110262e+00,3.097088898747244912e+01,3.051138151989138336e+01,3.338646387394726389e+01,1.210106472295122870e+01,1.002638777734808073e+01
1.194000000000000000e+03,3.783569999999999567e+01,1.660299612050028184e+00,3.097716781418723997e+01,3.051584996031039054e+01,3.339233781811777391e+01,1.209523701814474350e+01,1.002906278496453929e+01
1.195000000000000000e+03,3.784341666666666271e+01,1.660009217045288032e+00,3.098344417872219481e+01,3.052032125018481423e+01,3.339821383094501073e+01,1.208942626416711619e+01,1.003174622288359963e+01
1.196000000000000000e+03,3.785113333333332974e+01,1.659719003982037533e+00,3.098971808292915853e+01,3.052479538868514197e+01,3.340409189556883973e+01,1.208363244476270282e+01,1.003443806591883813e+01
1.197000000000000000e+03,3.785884999999999678e+01,1.659428972588042672e+00,3.099598952865795098e+01,3.052927237480683686e+01,3.340997199577941501e+01,1.207785554351322688e+01,1.003713828958699317e+01
1.198000000000000000e+03,3.786656666666666382e+01,1.659139122592635296e+00,3.100227443204284228e+01,3.053375220737408924e+01,3.341585411598194355e+01,1.207209554384177430e+01,1.003984687007065268e+01
1.199000000000000000e+03,3.787428333333333086e+01,1.658849453726663814e+00,3.100858512249480015e+01,3.053823488504372818e+01,3.342173824116368763e+01,1.206635242901710470e+01,1.004256378418300422e+01
1.200000000000000000e+03,3.788199999999999790e+01,1.658559965722305574e+00,3.101489334272126541e+01,3.054272040630923613e+01,3.342762430444459198e+01,1.206062618215791105e+01,1.004528852053797294e+01
1.201000000000000000e+03,3.788619999999999521e+01,1.658270615192735997e+00,3.101780399633991436e+01,3.054720876950587538e+01,3.343343951984312667e+01,1.205491678623737073e+01,1.004794614734073477e+01
1.202000000000000000e+03,3.789039999999999964e+01,1.657981389328107458e+00,3.102071412433392439e+01,3.055169997281397798e+01,3.343919414287609726e+01,1.204922422408744076e+01,1.005054871297945773e+01
1.203000000000000000e+03,3.789459999999999695e+01,1.657692313416557539e+00,3.102362372688535430e+01,3.055619401426444171e+01,3.344491242704169309e+01,1.204354847840438580e+01,1.005311949986275266e+01
1.204000000000000000e+03,3.789880000000000138e+01,1.657403394744458858e+00,3.102653280417617765e+01,3.056069089173595543e+01,3.345060120794865810e+01,1.203788953174817067e+01,1.005566638306732408e+01
1.205000000000000000e+03,3.790299999999999869e+01,1.657114635856234530e+00,3.102944135638832535e+01,3.056519060297700463e+01,3.345626508513808517e+01,1.203224736656186344e+01,1.005819409158636368e+01
1.206000000000000000e+03,3.790719999999999601e+01,1.656826038469384033e+00,3.103234938370355067e+01,3.056969314560804563e+01,3.346190732337604601e+01,1.202662196516845228e+01,1.006070574468438572e+01
1.207000000000000000e+03,3.791140000000000043e+01,1.656537603903182720e+00,3.103525688630359980e+01,3.057419851711252079e+01,3.346753007643007294e+01,1.202101330976266524e+01,1.006320350564520538e+01
1.208000000000000000e+03,3.791559999999999775e+01,1.656249333151437630e+00,3.103816386437003416e+01,3.057870671484502267e+01,3.347313498970815715e+01,1.201542138244082381e+01,1.006568914921738944e+01
1.209000000000000000e+03,3.791979999999999507e+01,1.655961226968207134e+00,3.104107031808438322e+01,3.058321773604018290e+01,3.347872342652876654e+01,1.200984616519219905e+01,1.006816410227282965e+01
1.210000000000000000e+03,3.792399999999999949e+01,1.655673285934338379e+00,3.104397624762808405e+01,3.058773157781874730e+01,3.348429652973281634e+01,1.200428763990674597e+01,1.007062952981873494e+01
1.211000000000000000e+03,3.792819999999999681e+01,1.655385510502123791e+00,3.104688165318244941e+01,3.059224823719648612e+01,3.348985527228757775e+01,1.199874578836916506e+01,1.007308638085957142e+01
1.212000000000000000e+03,3.793240000000000123e+01,1.655097901006517658e+00,3.104978653492872098e+01,3.059676771107229243e+01,3.349540046669552851e+01,1.199322059228756565e+01,1.007553550516116125e+01
1.213000000000000000e+03,3.793659999999999854e+01,1.654810457758941089e+00,3.105269089304799834e+01,3.060128999626171620e+01,3.350093283859750670e+01,1.198771203327511081e+01,1.007797762543512121e+01
1.214000000000000000e+03,3.794079999999999586e+01,1.654523180946676497e+00,3.105559472772136687e+01,3.060581508947232976e+01,3.350645301028399814e+01,1.198222009286701528e+01,1.008041337941454074e+01
1.215000000000000000e+03,3.794500000000000028e+01,1.654236070752132415e+00,3.105849803912976625e+01,3.061034298732230852e+01,3.351196153775745756e+01,1.197674475252657089e+01,1.008284333503095809e+01
1.216000000000000000e+03,3.794919999999999760e+01,1.653949127306026723e+00,3.106140082745406872e+01,3.061487368634743333e+01,3.351745892306649210e+01,1.197128599364857138e+01,1.008526800102961829e+01
1.217000000000000000e+03,3.795340000000000202e+01,1.653662350696032624e+00,3.106430309287499014e+01,3.061940718300452957e+01,3.352294561998274247e+01,1.196584379756311911e+01,1.008768783561993487e+01
1.218000000000000000e+03,3.795759999999999934e+01,1.653375740978485720e+00,3.106720483557321444e+01,3.062394347367460057e+01,3.352842203965067824e+01,1.196041814554044258e+01,1.009010325401994734e+01
1.219000000000000000e+03,3.796179999999999666e+01,1.653089298185797196e+00,3.107010605572936512e+01,3.062848255466711223e+01,3.353388855707564886e+01,1.195500901879610467e+01,1.009251463483931488e+01
1.220000000000000000e+03,3.796600000000000108e+01,1.652803022329953908e+00,3.107300675352387742e+01,3.063302442222497746e+01,3.353934551668641006e+01,1.194961639849584678e+01,1.009492232519390598e+01
1.221000000000000000e+03,3.797019999999999840e+01,1.652516913404575183e+00,3.107590692913715458e+01,3.063756907252938433e+01,3.354479323633842114e+01,1.194424026576003683e+01,1.009732664471712837e+01
1.222000000000000000e+03,3.797439999999999571e+01,1.652230971386852598e+00,3.107880658274950392e+01,3.064211650170403445e+01,3.355023201033816349e+01,1.193888060166813858e+01,1.009972788881265515e+01
1.223000000000000000e+03,3.797860000000000014e+01,1.651945196239497982e+00,3.108170571454111197e+01,3.064666670581929253e+01,3.355566211207096927e+01,1.193353738726308677e+01,1.010212633143376593e+01
1.224000000000000000e+03,3.798279999999999745e+01,1.651659587912490679e+00,3.108460432469207291e+01,3.065121968089629334e+01,3.356108379636296490e+01,1.192821060355543672e+01,1.010452222749689000e+01
1.225000000000000000e+03,3.798700000000000188e+01,1.651374146344536387e+00,3.108750241338243825e+01,3.065577542291104152e+01,3.356649730150941480e+01,1.192290023152756540e+01,1.010691581493987812e+01
1.226000000000000000e+03,3.799119999999999919e+01,1.651088871464270413e+00,3.109039998079211742e+01,3.066033392779824496e+01,3.357190285096984894e+01,1.191760625213775526e+01,1.010930731645709280e+01
1.227000000000000000e+03,3.799539999999999651e+01,1.650803763191290852e+00,3.109329702710094878e+01,3.066489519145519083e+01,3.357730065480998149e+01,1.191232864632399746e+01,1.011169694098315652e+01
1.228000000000000000e+03,3.799960000000000093e+01,1.650518821437056305e+00,3.109619355248864636e+01,3.066945920974540485e+01,3.358269091096045855e+01,1.190706739500778433e+01,1.011408488498920200e+01
1.229000000000000000e+03,3.800379999999999825e+01,1.650234046105679031e+00,3.109908955713489220e+01,3.067402597850216139e+01,3.358807380632495665e+01,1.190182247909771363e+01,1.011647133362398776e+01
1.230000000000000000e+03,3.800799999999999557e+01,1.649949437094620608e+00,3.110198504121919072e+01,3.067859549353183368e+01,3.359344951775388921e+01,1.189659387949301816e+01,1.011885646171522879e+01
1.231000000000000000e+03,3.801219999999999999e+01,1.649664994295306109e+00,3.110488000492106053e+01,3.068316775061731860e+01,3.359881821290045423e+01,1.189138157708676502e+01,1.012124043464823586e+01
1.232000000000000000e+03,3.801639999999999731e+01,1.649380717593665224e+00,3.110777444841981065e+01,3.068774274552104231e+01,3.360418005097719885e+01,1.188618555276911692e+01,1.012362340914227588e+01
1.233000000000000000e+03,3.802060000000000173e+01,1.649096606870615211e+00,3.111066837189475720e+01,3.069232047398800489e+01,3.360953518342842017e+01,1.188100578743049418e+01,1.012600553394188196e+01
1.234000000000000000e+03,3.802479999999999905e+01,1.648812662002488993e+00,3.111356177552504221e+01,3.069690093174856216e+01,3.361488375453065913e+01,1.187584226196431381e+01,1.012838695043483384e+01
1.235000000000000000e+03,3.802899999999999636e+01,1.648528882861421074e+00,3.111645465948979350e+01,3.070148411452105819e+01,3.362022590193070215e+01,1.187069495726965229e+01,1.013076779319028020e+01
1.236000000000000000e+03,3.803320000000000078e+01,1.648245269315691708e+00,3.111934702396800745e+01,3.070607001801436553e+01,3.362556175712941098e+01,1.186556385425388349e+01,1.013314819050565241e+01
1.237000000000000000e+03,3.803739999999999810e+01,1.647961821230038870e+00,3.112223886913854898e+01,3.071065863793011275e+01,3.363089144591699409e+01,1.186044893383472143e+01,1.013552826476188606e+01
1.238000000000000000e+03,3.804160000000000252e+01,1.647678538465938258e+00,3.112513019518029012e+01,3.071524996996474499e+01,3.363621508876695287e+01,1.185535017694274096e+01,1.013790813295297077e+01
1.239000000000000000e+03,3.804579999999999984e+01,1.647395420881858863e+00,3.112802100227188262e+01,3.071984400981131103e+01,3.364153280119291622e+01,1.185026756452294805e+01,1.014028790697305205e+01
1.240000000000000000e+03,3.804999999999999716e+01,1.647112468333492341e+00,3.113091129059201023e+01,3.072444075316114720e+01,3.364684469407317380e+01,1.184520107753630214e+01,1.014266769394408563e+01
1.241000000000000000e+03,3.805420000000000158e+01,1.646829680673963292e+00,3.113380106031920036e+01,3.072904019570519907e+01,3.365215087394655313e+01,1.184015069696112299e+01,1.014504759653036636e+01
1.242000000000000000e+03,3.805839999999999890e+01,1.646547057754023102e+00,3.113669031163188095e+01,3.073364233313504101e+01,3.365745144328227667e+01,1.183511640379414942e+01,1.014742771322925385e+01
1.243000000000000000e+03,3.806259999999999621e+01,1.646264599422222474e+00,3.113957904470839466e+01,3.073824716114361166e+01,3.366274650072723773e+01,1.183009817905135819e+01,1.014980813862594111e+01
1.244000000000000000e+03,3.806680000000000064e+01,1.645982305525072853e+00,3.114246725972701668e+01,3.074285467542589956e+01,3.366803614133293365e+01,1.182509600376844716e+01,1.015218896362031131e+01
1.245000000000000000e+03,3.807099999999999795e+01,1.645700175907194307e+00,3.114535495686596178e+01,3.074746487167903553e+01,3.367332045676378982e+01,1.182010985900094902e+01,1.015457027563835979e+01
1.246000000000000000e+03,3.807520000000000238e+01,1.645418210411450088e+00,3.114824213630321736e+01,3.075207774560210794e+01,3.367859953548931173e+01,1.181513972582401273e+01,1.015695215883170910e+01
1.247000000000000000e+03,3.807939999999999969e+01,1.645136408879072309e+00,3.115112879821681702e+01,3.075669329289582876e+01,3.368387346296129436e+01,1.181018558533188667e+01,1.015933469426204283e+01
1.248000000000000000e+03,3.808359999999999701e+01,1.644854771149776296e+00,3.115401494278465577e+01,3.076131150926172708e+01,3.368914232177766621e+01,1.180524741863728622e+01,1.016171796006935857e+01
1.249000000000000000e+03,3.808780000000000143e+01,1.644573297061866501e+00,3.115690057018454695e+01,3.076593239040107264e+01,3.369440619183409069e+01,1.180032520687012365e+01,1.016410203162651094e+01
1.250000000000000000e+03,3.809199999999999875e+01,1.644291986452337762e+00,3.115978568059416531e+01,3.077055593201354000e+01,3.369966515046483124e+01,1.179541893117596096e+01,1.016648698168336651e+01
1.251000000000000000e+03,3.809620000000000317e+01,1.644010839156963222e+00,3.116267027419116076e+01,3.077518212979557077e+01,3.370491927256953346e+01,1.179052857271422461e+01,1.016887288050160798e+01
1.252000000000000000e+03,3.810040000000000049e+01,1.643729855010380270e+00,3.116555435115303396e+01,3.077981097943817090e+01,3.371016863074832060e+01,1.178565411265623908e+01,1.017125979598011654e+01
1.253000000000000000e+03,3.810459999999999781e+01,1.643449033846170027e+00,3.116843791165727495e+01,3.078444247662494959e+01,3.371541329538860055e+01,1.178079553218266362e+01,1.017364779377124329e+01
1.254000000000000000e+03,3.810880000000000223e+01,1.643168375496930400e+00,3.117132095588115348e+01,3.078907661702917054e+01,3.372065333480459515e+01,1.177595281248092718e+01,1.017603693738920256e+01
1.255000000000000000e+03,3.811299999999999955e+01,1.642887879794344030e+00,3.117420348400198549e+01,3.079371339631100923e+01,3.372588881531761018e+01,1.177112593474215885e+01,1.017842728831143795e+01
1.256000000000000000e+03,3.811719999999999686e+01,1.642607546569242460e+00,3.117708549619691283e+01,3.079835281011463977e+01,3.373111980134589771e+01,1.176631488015798332e+01,1.018081890607364137e+01
1.257000000000000000e+03,3.812140000000000128e+01,1.642327375651665644e+00,3.117996699264299210e+01,3.080299485406494853e+01,3.373634635549254313e+01,1.176151962991700728e+01,1.018321184835867399e+01
1.258000000000000000e+03,3.812559999999999860e+01,1.642047366870917680e+00,3.118284797351725146e+01,3.080763952376387493e+01,3.374156853862970706e+01,1.175674016520133236e+01,1.018560617107986133e+01
1.259000000000000000e+03,3.812980000000000302e+01,1.641767520055618546e+00,3.118572843899649172e+01,3.081228681478670239e+01,3.374678640997574774e+01,1.175197646718245181e+01,1.018800192845919916e+01
1.260000000000000000e+03,3.813400000000000034e+01,1.641487835033814235e+00,3.118860838925761669e+01,3.081693672267833861e+01,3.375200317513477444e+01,1.174722851701735316e+01,1.019039926191523726e+01
1.261000000000000000e+03,3.814455000000000240e+01,1.641208329650226005e+00,3.119244752179404756e+01,3.082158924294912694e+01,3.375734177431723992e+01,1.174249629584422117e+01,1.019293265810232185e+01
1.262000000000000000e+03,3.815509999999999735e+01,1.640928997209207818e+00,3.119628573911979430e+01,3.082624437107077853e+01,3.376279088674559858e+01,1.173777978477810002e+01,1.019557838980976250e+01
1.263000000000000000e+03,3.816564999999999941e+01,1.640649833447336059e+00,3.120012304165326711e+01,3.083090210247157614e+01,3.376830614526333818e+01,1.173307896490651103e+01,1.019829639662568788e+01
1.264000000000000000e+03,3.817620000000000147e+01,1.640370837106780222e+00,3.120395942981243209e+01,3.083556243253262963e+01,3.377387376893491222e+01,1.172839381728461738e+01,1.020107260425605489e+01
1.265000000000000000e+03,3.818675000000000352e+01,1.640092007402882635e+00,3.120779490401507417e+01,3.084022535658579756e+01,3.377948553051107439e+01,1.172372432293165012e+01,1.020389896845786026e+01
1.266000000000000000e+03,3.819729999999999848e+01,1.639813343583462757e+00,3.121162946467866206e+01,3.084489086989966111e+01,3.378513623190239912e+01,1.171907046282623988e+01,1.020676993788561937e+01
1.267000000000000000e+03,3.820785000000000053e+01,1.639534844996354490e+00,3.121546311222038028e+01,3.084955896769141148e+01,3.379082173903066177e+01,1.171443221790080713e+01,1.020968156107960390e+01
1.268000000000000000e+03,3.821840000000000259e+01,1.639256511096097491e+00,3.121929584705713623e+01,3.085422964511210608e+01,3.379653896083371478e+01,1.170980956903858683e+01,1.021263079268401874e+01
1.269000000000000000e+03,3.822894999999999754e+01,1.638978341440283870e+00,3.122312766960554953e+01,3.085890289724202873e+01,3.380228547962941832e+01,1.170520249706649807e+01,1.021561519274970387e+01
1.270000000000000000e+03,3.823949999999999960e+01,1.638700335574077460e+00,3.122695858028190585e+01,3.086357871908755968e+01,3.380805929952397548e+01,1.170061098275201772e+01,1.021863271032728804e+01
1.271000000000000000e+03,3.825005000000000166e+01,1.638422493162814630e+00,3.123078857950229548e+01,3.086825710557756608e+01,3.381385872000338821e+01,1.169603500679909480e+01,1.022168161210583648e+01
1.272000000000000000e+03,3.826060000000000372e+01,1.638144813831628799e+00,3.123461766768246406e+01,3.087293805155936965e+01,3.381968227613642597e+01,1.169147454984371670e+01,1.022476042770583504e+01
1.273000000000000000e+03,3.827114999999999867e+01,1.637867297239387954e+00,3.123844584523787660e+01,3.087762155179428092e+01,3.382552869888909441e+01,1.168692959244955709e+01,1.022786788743394304e+01
1.274000000000000000e+03,3.828170000000000073e+01,1.637589943074469589e+00,3.124227311258375295e+01,3.088230760095830263e+01,3.383139687187006928e+01,1.168240011510371623e+01,1.023100287292478683e+01
1.275000000000000000e+03,3.829225000000000279e+01,1.637312751043464409e+00,3.124609947013499323e+01,3.088699619362969173e+01,3.383728581302748495e+01,1.167788609821275081e+01,1.023416438855739941e+01
1.276000000000000000e+03,3.830279999999999774e+01,1.637035720864074007e+00,3.124992491830619201e+01,3.089168732428615272e+01,3.384319464718700488e+01,1.167338752209884056e+01,1.023735154369616218e+01
1.277000000000000000e+03,3.831334999999999980e+01,1.636758852262723662e+00,3.125374945751174494e+01,3.089638098730513605e+01,3.384912258317230283e+01,1.166890436699599753e+01,1.024056353705561051e+01
1.278000000000000000e+03,3.832390000000000185e+01,1.636482144973918862e+00,3.125757308816568525e+01,3.090107717696157508e+01,3.385506890103409461e+01,1.166443661304661816e+01,1.024379964233700235e+01
1.279000000000000000e+03,3.833445000000000391e+01,1.636205598739572498e+00,3.126139581068181528e+01,3.090577588742346293e+01,3.386103294445418754e+01,1.165998424029808689e+01,1.024705919679851540e+01
1.280000000000000000e+03,3.834499999999999886e+01,1.635929213308082719e+00,3.126521762547357142e+01,3.091047711274776333e+01,3.386701411337165268e+01,1.165554722869954318e+01,1.025034159274163592e+01
1.281000000000000000e+03,3.835555000000000092e+01,1.635652988433438759e+00,3.126903853295425861e+01,3.091518084687753287e+01,3.387301185632676948e+01,1.165112555809878536e+01,1.025364627073158630e+01
1.282000000000000000e+03,3.836610000000000298e+01,1.635376923874498400e+00,3.127285853353671641e+01,3.091988708363961891e+01,3.387902566388770254e+01,1.164671920823961848e+01,1.025697271376047048e+01
1.283000000000000000e+03,3.837664999999999793e+01,1.635101019394432864e+00,3.127667762763369197e+01,3.092459581674210867e+01,3.388505506365039111e+01,1.164232815875900684e+01,1.026032044220823636e+01
1.284000000000000000e+03,3.838719999999999999e+01,1.634825274760274505e+00,3.128049581565745285e+01,3.092930703977201645e+01,3.389109961629471002e+01,1.163795238918473096e+01,1.026368900960982877e+01
1.285000000000000000e+03,3.839775000000000205e+01,1.634549689742529122e+00,3.128431309802018845e+01,3.093402074619310937e+01,3.389715891214573418e+01,1.163359187893315472e+01,1.026707799911424424e+01
1.286000000000000000e+03,3.840830000000000410e+01,1.634274264114835562e+00,3.128812947513366538e+01,3.093873692934391784e+01,3.390323256808633801e+01,1.162924660730715587e+01,1.027048702053327212e+01
1.287000000000000000e+03,3.841884999999999906e+01,1.633998997653673513e+00,3.129194494740938026e+01,3.094345558243599470e+01,3.390932022486764907e+01,1.162491655349419695e+01,1.027391570743803051e+01
1.288000000000000000e+03,3.842940000000000111e+01,1.633723890138107704e+00,3.129575951525863786e+01,3.094817669855238762e+01,3.391542154481731330e+01,1.162060169656498942e+01,1.027736371541938887e+01
1.289000000000000000e+03,3.843995000000000317e+01,1.633448941349569639e+00,3.129957317909239833e+01,3.095290027064633165e+01,3.392153620986768914e+01,1.161630201547153085e+01,1.028083071938655380e+01
1.290000000000000000e+03,3.845050000000000523e+01,1.633174151071663083e+00,3.130338593932130919e+01,3.095762629154000578e+01,3.392766391982127061e+01,1.161201748904618825e+01,1.028431641218705295e+01
1.291000000000000000e+03,3.846105000000000018e+01,1.632899519089993978e+00,3.130719779635583322e+01,3.096235475392365899e+01,3.393380439080974753e+01,1.160774809600081525e+01,1.028782050313640895e+01
1.292000000000000000e+03,3.847160000000000224e+01,1.632625045192023006e+00,3.131100875060605304e+01,3.096708565035492455e+01,3.393995735392630309e+01,1.160349381492586218e+01,1.029134271662564792e+01
1.293000000000000000e+03,3.848215000000000430e+01,1.632350729166931247e+00,3.131481880248186300e+01,3.097181897325829780e+01,3.394612255401426637e+01,1.159925462428980758e+01,1.029488279082944580e+01
1.294000000000000000e+03,3.849269999999999925e+01,1.632076570805501614e+00,3.131862795239285191e+01,3.097655471492493717e+01,3.395229974858930433e+01,1.159503050243885802e+01,1.029844047660182227e+01
1.295000000000000000e+03,3.850325000000000131e+01,1.631802569900015598e+00,3.132243620074826040e+01,3.098129286751273526e+01,3.395848870687453314e+01,1.159082142759706890e+01,1.030201553653745172e+01
1.296000000000000000e+03,3.851380000000000337e+01,1.631528726244157790e+00,3.132624354795713373e+01,3.098603342304658881e+01,3.396468920893272525e+01,1.158662737786646524e+01,1.030560774412457370e+01
1.297000000000000000e+03,3.852435000000000542e+01,1.631255039632930837e+00,3.133004999442821870e+01,3.099077637341913771e+01,3.397090104488410134e+01,1.158244833122774686e+01,1.030921688295434357e+01
1.298000000000000000e+03,3.853490000000000038e+01,1.630981509862580392e+00,3.133385554056997080e+01,3.099552171039157500e+01,3.397712401419978079e+01,1.157828426554115175e+01,1.031284274599799389e+01
1.299000000000000000e+03,3.854545000000000243e+01,1.630708136730525837e+00,3.133766018679059329e+01,3.100026942559506438e+01,3.398335792506195929e+01,1.157413515854785047e+01,1.031648513496270780e+01
1.300000000000000000e+03,3.855600000000000449e+01,1.630434920035297441e+00,3.134146393349795545e+01,3.100501951053245264e+01,3.398960259378275595e+01,1.157000098787156617e+01,1.032014385971517534e+01
1.301000000000000000e+03,3.856654999999999944e+01,1.630161859576480632e+00,3.134526678109973119e+01,3.100977195658037289e+01,3.399585784427475943e+01,1.156588173102054284e+01,1.032381873775443282e+01
1.302000000000000000e+03,3.857710000000000150e+01,1.629888955154664920e+00,3.134906873000328176e+01,3.101452675499173495e+01,3.400212350756777369e+01,1.156177736539017609e+01,1.032750959372519794e+01
1.303000000000000000e+03,3.858765000000000356e+01,1.629616206571395498e+00,3.135286978061562735e+01,3.101928389689874521e+01,3.400839942136590111e+01,1.155768786826622296e+01,1.033121625897153173e+01
1.304000000000000000e+03,3.859820000000000562e+01,1.629343613629132159e+00,3.135666993334362829e+01,3.102404337331625683e+01,3.401468542966301101e+01,1.155361321682783959e+01,1.033493857113009007e+01
1.305000000000000000e+03,3.860875000000000057e+01,1.629071176131209553e+00,3.136046918859377186e+01,3.102880517514591929e+01,3.402098138233039748e+01,1.154955338815183730e+01,1.033867637375788995e+01
1.306000000000000000e+03,3.861930000000000263e+01,1.628798893881800769e+00,3.136426754677232864e+01,3.103356929318070101e+01,3.402728713477483780e+01,1.154550835921705065e+01,1.034242951598900362e+01
1.307000000000000000e+03,3.862985000000000468e+01,1.628526766685885141e+00,3.136806500828531341e+01,3.103833571810977787e+01,3.403360254764677961e+01,1.154147810690934151e+01,1.034619785221696731e+01
1.308000000000000000e+03,3.864039999999999964e+01,1.628254794349217160e+00,3.137186157353833593e+01,3.104310444052389428e+01,3.403992748655790734e+01,1.153746260802721579e+01,1.034998124180125956e+01
1.309000000000000000e+03,3.865095000000000169e+01,1.627982976678299387e+00,3.137565724293691360e+01,3.104787545092139567e+01,3.404626182180079752e+01,1.153346183928759316e+01,1.035377954879629847e+01
1.310000000000000000e+03,3.866150000000000375e+01,1.627711313480355138e+00,3.137945201688615526e+01,3.105264873971472639e+01,3.405260542808832724e+01,1.152947577733248252e+01,1.035759264170045668e+01
1.311000000000000000e+03,3.867205000000000581e+01,1.627439804563305836e+00,3.138324589579095658e+01,3.105742429723756715e+01,3.405895818432180278e+01,1.152550439873615318e+01,1.036142039322279373e+01
1.312000000000000000e+03,3.868260000000000076e+01,1.627168449735749478e+00,3.138703888005592191e+01,3.106220211375221041e+01,3.406531997338014151e+01,1.152154768001254226e+01,1.036526268006627127e+01
1.313000000000000000e+03,3.869315000000000282e+01,1.626897248806937313e+00,3.139083097008535006e+01,3.106698217945752560e+01,3.407169068192031602e+01,1.151760559762325897e+01,1.036911938272571376e+01
1.314000000000000000e+03,3.870370000000000488e+01,1.626626201586757858e+00,3.139462216628331959e+01,3.107176448449738260e+01,3.407807020018778843e+01,1.151367812798597079e+01,1.037299038529966744e+01
1.315000000000000000e+03,3.871424999999999983e+01,1.626355307885717805e+00,3.139841246905362482e+01,3.107654901896943755e+01,3.408445842183984098e+01,1.150976524748346641e+01,1.037687557531480032e+01
1.316000000000000000e+03,3.872480000000000189e+01,1.626084567514924251e+00,3.140220187879974745e+01,3.108133577293428473e+01,3.409085524378215837e+01,1.150586693247278447e+01,1.038077484356177571e+01
1.317000000000000000e+03,3.873535000000000394e+01,1.625813980286071825e+00,3.140599039592498798e+01,3.108612473642505947e+01,3.409726056601672184e+01,1.150198315929474902e+01,1.038468808394150855e+01
1.318000000000000000e+03,3.874590000000000600e+01,1.625543546011425589e+00,3.140977802083222770e+01,3.109091589945723655e+01,3.410367429149859930e+01,1.149811390428401836e+01,1.038861519332134264e+01
1.319000000000000000e+03,3.875645000000000095e+01,1.625273264503809934e+00,3.141356475392420577e+01,3.109570925203879455e+01,3.411009632600101327e+01,1.149425914377937730e+01,1.039255607139999782e+01
1.320000000000000000e+03,3.876700000000000301e+01,1.625003135576539304e+00,3.141735059560333809e+01,3.110050478418056485e+01,3.411652648858337500e+01,1.149041885413400088e+01,1.039650884335372183e+01
1.321000000000000000e+03,3.877296666666666880e+01,1.624733201664551041e+00,3.142378448180354411e+01,3.110530248590674063e+01,3.412286967920594094e+01,1.148659301172613567e+01,1.040038369617401948e+01
1.322000000000000000e+03,3.877893333333333459e+01,1.624463458456301579e+00,3.143021579495665208e+01,3.111010234726580137e+01,3.412914022613095710e+01,1.148278159297012557e+01,1.040419212426479945e+01
1.323000000000000000e+03,3.878490000000000038e+01,1.624193889803297264e+00,3.143664453703436479e+01,3.111490435834216939e+01,3.413536777317273874e+01,1.147898457432787112e+01,1.040796408879719692e+01
1.324000000000000000e+03,3.879086666666666616e+01,1.623924490947059818e+00,3.144307071000613618e+01,3.111970850926454091e+01,3.414156268110239978e+01,1.147520193231839158e+01,1.041170948761189941e+01
1.325000000000000000e+03,3.879683333333333906e+01,1.623655259711108911e+00,3.144949431583910382e+01,3.112451479022472256e+01,3.414773043046484702e+01,1.147143364353440731e+01,1.041543384204813449e+01
1.326000000000000000e+03,3.880280000000000484e+01,1.623386194305526997e+00,3.145591535649820969e+01,3.112932319147508764e+01,3.415387508020386775e+01,1.146767968464080134e+01,1.041914109231750984e+01
1.327000000000000000e+03,3.880876666666667063e+01,1.623117293243236947e+00,3.146233383394614691e+01,3.113413370334546570e+01,3.415999951360683440e+01,1.146394003239454484e+01,1.042283399725008231e+01
1.328000000000000000e+03,3.881473333333333642e+01,1.622848555319155839e+00,3.146874975014326736e+01,3.113894631625732146e+01,3.416610584188391897e+01,1.146021466366137886e+01,1.042651460789264029e+01
1.329000000000000000e+03,3.882070000000000221e+01,1.622579979533844030e+00,3.147516310704781972e+01,3.114376102073335062e+01,3.417219575393686171e+01,1.145650355541290288e+01,1.043018462251690615e+01
1.330000000000000000e+03,3.882666666666666799e+01,1.622311565032392489e+00,3.148157390661570787e+01,3.114857780740699766e+01,3.417827066811500458e+01,1.145280668474408969e+01,1.043384544439022044e+01
1.331000000000000000e+03,3.883263333333333378e+01,1.622043311065420212e+00,3.148798215080064722e+01,3.115339666703262367e+01,3.418433178849886644e+01,1.144912402887986680e+01,1.043749824520268277e+01
1.332000000000000000e+03,3.883859999999999957e+01,1.621775217001632408e+00,3.149438784155406523e+01,3.115821759049096329e+01,3.419038014496278066e+01,1.144545556520372109e+01,1.044114399148431360e+01
1.333000000000000000e+03,3.884456666666667246e+01,1.621507282180416176e+00,3.150079098082526841e+01,3.116304056881418560e+01,3.419641660472782974e+01,1.144180127123231117e+01,1.044478355085367305e+01
1.334000000000000000e+03,3.885053333333333825e+01,1.621239506109676931e+00,3.150719157056117936e+01,3.116786559316990690e+01,3.420244194371284863e+01,1.143816112466362078e+01,1.044841766371935421e+01
1.335000000000000000e+03,3.885650000000000404e+01,1.620971888239431724e+00,3.151358961270665660e+01,3.117269265490149621e+01,3.420845683346879440e+01,1.143453510336863843e+01,1.045204698549859579e+01
1.336000000000000000e+03,3.886246666666666982e+01,1.620704428071687575e+00,3.151998510920424934e+01,3.117752174552086686e+01,3.421446187504457015e+01,1.143092318539783214e+01,1.045567210161888383e+01
1.337000000000000000e+03,3.886843333333333561e+01,1.620437125155228530e+00,3.152637806199424375e+01,3.118235285671500634e+01,3.422045761022923926e+01,1.142732534899158381e+01,1.045929353693917108e+01
1.338000000000000000e+03,3.887440000000000140e+01,1.620169979069302713e+00,3.153276847301486896e+01,3.118718598035621170e+01,3.422644452809551296e+01,1.142374157259067324e+01,1.046291176369462406e+01
1.339000000000000000e+03,3.888036666666666719e+01,1.619902989413247285e+00,3.153915634420197378e+01,3.119202110851208687e+01,3.423242307138787766e+01,1.142017183484497700e+01,1.046652720912194212e+01
1.340000000000000000e+03,3.888633333333333297e+01,1.619636155802926414e+00,3.154554167748934290e+01,3.119685823345362508e+01,3.423839364321434431e+01,1.141661611462074610e+01,1.047014026208966442e+01
1.341000000000000000e+03,3.889229999999999876e+01,1.619369477869683660e+00,3.155192447480844820e+01,3.120169734766189862e+01,3.424435661278329235e+01,1.141307439100768839e+01,1.047375127828503061e+01
1.342000000000000000e+03,3.889826666666667165e+01,1.619102955259229093e+00,3.155830473808859082e+01,3.120653844383485165e+01,3.425031231971059498e+01,1.140954664332618229e+01,1.047736058424162131e+01
1.343000000000000000e+03,3.890423333333333744e+01,1.618836587630132273e+00,3.156468246925693322e+01,3.121138151489397217e+01,3.425626107735648418e+01,1.140603285113399323e+01,1.048096848068829345e+01
1.344000000000000000e+03,3.891020000000000323e+01,1.618570374652325672e+00,3.157105767023836407e+01,3.121622655399060164e+01,3.426220317570481910e+01,1.140253299423264899e+01,1.048457524547347397e+01
1.345000000000000000e+03,3.891616666666666902e+01,1.618304316005863219e+00,3.157743034295562623e+01,3.122107355451180410e+01,3.426813888393936480e+01,1.139904705267330520e+01,1.048818113610613345e+01
1.346000000000000000e+03,3.892213333333333480e+01,1.618038411379925767e+00,3.158380048932930606e+01,3.122592251008581243e+01,3.427406845267972102e+01,1.139557500676222723e+01,1.049178639191740636e+01
1.347000000000000000e+03,3.892810000000000059e+01,1.617772660471987312e+00,3.159016811127772328e+01,3.123077341458698086e+01,3.427999211587248851e+01,1.139211683706590073e+01,1.049539123589469725e+01
1.348000000000000000e+03,3.893406666666666638e+01,1.617507062987084909e+00,3.159653321071708021e+01,3.123562626214034665e+01,3.428591009240377474e+01,1.138867252441572475e+01,1.049899587626460296e+01
1.349000000000000000e+03,3.894003333333333217e+01,1.617241618637168754e+00,3.160289578956135870e+01,3.124048104712606033e+01,3.429182258750707035e+01,1.138524204991220223e+01,1.050260050788205746e+01
1.350000000000000000e+03,3.894599999999999795e+01,1.616976327140531966e+00,3.160925584972244096e+01,3.124533776418309827e+01,3.429772979400876665e+01,1.138182539492903977e+01,1.050620531345469111e+01
1.351000000000000000e+03,3.895196666666667085e+01,1.616711188221302331e+00,3.161561339310998875e+01,3.125019640821268041e+01,3.430363189342884311e+01,1.137842254111636819e+01,1.050981046458855772e+01
1.352000000000000000e+03,3.895793333333333663e+01,1.616446201608996214e+00,3.162196842163143984e+01,3.125505697438128649e+01,3.430952905695068011e+01,1.137503347040416379e+01,1.051341612284794280e+01
1.353000000000000000e+03,3.896390000000000242e+01,1.616181367038121097e+00,3.162832093719217141e+01,3.125991945812335260e+01,3.431542144627872659e+01,1.137165816500442794e+01,1.051702244038519929e+01
1.354000000000000000e+03,3.896986666666666821e+01,1.615916684247818313e+00,3.163467094169536864e+01,3.126478385514340630e+01,3.432130921440257509e+01,1.136829660741411985e+01,1.052062956095848456e+01
1.355000000000000000e+03,3.897583333333333400e+01,1.615652152981545298e+00,3.164101843704205308e+01,3.126965016141789633e+01,3.432719250628124996e+01,1.136494878041662027e+01,1.052423762044547573e+01
1.356000000000000000e+03,3.898179999999999978e+01,1.615387772986786041e+00,3.164736342513103651e+01,3.127451837319651418e+01,3.433307145945757810e+01,1.136161466708292700e+01,1.052784674743147697e+01
1.357000000000000000e+03,3.898776666666666557e+01,1.615123544014794632e+00,3.165370590785908433e+01,3.127938848700306451e+01,3.433894620461047964e+01,1.135829425077277044e+01,1.053145706376792923e+01
1.358000000000000000e+03,3.899373333333333136e+01,1.614859465820357665e+00,3.166004588712074863e+01,3.128426049963600164e+01,3.434481686605296602e+01,1.135498751513520510e+01,1.053506868508682537e+01
1.359000000000000000e+03,3.899970000000000425e+01,1.614595538161581523e+00,3.166638336480842142e+01,3.128913440816840463e+01,3.435068356218290120e+01,1.135169444410870909e+01,1.053868172124575509e+01
1.360000000000000000e+03,3.900566666666667004e+01,1.614331760799699644e+00,3.167271834281242349e+01,3.129401020994744798e+01,3.435654640589184794e+01,1.134841502192058194e+01,1.054229627671702652e+01
1.361000000000000000e+03,3.901163333333333583e+01,1.614068133498894664e+00,3.167905082302086583e+01,3.129888790259346010e+01,3.436240550493688062e+01,1.134514923308617718e+01,1.054591245094601071e+01
1.362000000000000000e+03,3.901760000000000161e+01,1.613804656026134765e+00,3.168538080731974915e+01,3.130376748399848807e+01,3.436826096227966332e+01,1.134189706240743689e+01,1.054953033868683576e+01
1.363000000000000000e+03,3.902356666666666740e+01,1.613541328151026244e+00,3.169170829759302421e+01,3.130864895232434719e+01,3.437411287639599067e+01,1.133865849497094835e+01,1.055315003031049237e+01
1.364000000000000000e+03,3.902953333333333319e+01,1.613278149645678061e+00,3.169803329572234318e+01,3.131353230600007720e+01,3.437996134155910966e+01,1.133543351614547134e+01,1.055677161208263115e+01
1.365000000000000000e+03,3.903549999999999898e+01,1.613015120284574833e+00,3.170435580358740069e+01,3.131841754371888698e+01,3.438580644809970011e+01,1.133222211157916703e+01,1.056039516641589060e+01
1.366000000000000000e+03,3.904146666666666476e+01,1.612752239844459812e+00,3.171067582306565669e+01,3.132330466443471551e+01,3.439164828264485863e+01,1.132902426719603994e+01,1.056402077210297641e+01
1.367000000000000000e+03,3.904743333333333055e+01,1.612489508104230973e+00,3.171699335603251768e+01,3.132819366735833455e+01,3.439748692833204302e+01,1.132583996919195535e+01,1.056764850453307680e+01
1.368000000000000000e+03,3.905340000000000344e+01,1.612226924844837761e+00,3.172330840436125854e+01,3.133308455195232156e+01,3.440332246503076163e+01,1.132266920403011490e+01,1.057127843589140248e+01
1.369000000000000000e+03,3.905936666666666923e+01,1.611964489849192272e+00,3.172962096992301895e+01,3.133797731792681418e+01,3.440915496949511976e+01,1.131951195843607394e+01,1.057491063534279441e+01
1.370000000000000000e+03,3.906533333333333502e+01,1.611702202902082215e+00,3.173593105458685670e+01,3.134287196523276009e+01,3.441498451558580740e+01,1.131636821939226145e+01,1.057854516920108523e+01
1.371000000000000000e+03,3.907130000000000081e+01,1.611440063790090527e+00,3.174223866021972285e+01,3.134776849405654531e+01,3.442081117439938964e+01,1.131323797413202215e+01,1.058218210108634239e+01
1.372000000000000000e+03,3.907726666666666659e+01,1.611178072301523878e+00,3.174854378868644389e+01,3.135266690481355312e+01,3.442663501441474239e+01,1.131012121013312566e+01,1.058582149207111200e+01
1.373000000000000000e+03,3.908323333333333238e+01,1.610916228226341174e+00,3.175484644184978222e+01,3.135756719814109061e+01,3.443245610163575066e+01,1.130701791511079612e+01,1.058946340081641146e+01
1.374000000000000000e+03,3.908919999999999817e+01,1.610654531356088937e+00,3.176114662157034019e+01,3.136246937489092090e+01,3.443827449972543064e+01,1.130392807701058544e+01,1.059310788369792533e+01
1.375000000000000000e+03,3.909516666666666396e+01,1.610392981483842467e+00,3.176744432970668441e+01,3.136737343612139384e+01,3.444409027012651592e+01,1.130085168400050755e+01,1.059675499492358242e+01
1.376000000000000000e+03,3.910113333333333685e+01,1.610131578404148112e+00,3.177373956811532452e+01,3.137227938308938846e+01,3.444990347217097337e+01,1.129778872446296312e+01,1.060040478664338259e+01
1.377000000000000000e+03,3.910710000000000264e+01,1.609870321912969082e+00,3.178003233865056743e+01,3.137718721724177939e+01,3.445571416318367852e+01,1.129473918698643153e+01,1.060405730905201871e+01
1.378000000000000000e+03,3.911306666666666843e+01,1.609609211807637275e+00,3.178632264316475897e+01,3.138209694020664742e+01,3.446152239858104593e+01,1.129170306035663351e+01,1.060771261048475544e+01
1.379000000000000000e+03,3.911903333333333421e+01,1.609348247886804861e+00,3.179261048350808494e+01,3.138700855378408505e+01,3.446732823196363427e+01,1.128868033354752320e+01,1.061137073750715132e+01
1.380000000000000000e+03,3.912500000000000000e+01,1.609087429950273096e+00,3.179889586152866343e+01,3.139192205993692397e+01,3.447313071959802500e+01,1.128567099571206889e+01,1.061503029743951565e+01
1.381000000000000000e+03,3.913054999999999950e+01,1.608826698231909491e+00,3.180092883930441161e+01,3.139683746078119597e+01,3.447892501270577981e+01,1.128267503617249545e+01,1.061868463981252475e+01
1.382000000000000000e+03,3.913609999999999900e+01,1.608566040376009143e+00,3.180296155960141391e+01,3.140175475857633813e+01,3.448470730844265830e+01,1.127969244441265495e+01,1.062232973887584464e+01
1.383000000000000000e+03,3.914164999999999850e+01,1.608305488460756383e+00,3.180499402248208796e+01,3.140667395571534470e+01,3.449048303491022693e+01,1.127672321006309986e+01,1.062597233816570075e+01
1.384000000000000000e+03,3.914719999999999800e+01,1.608045051878911336e+00,3.180702622800888335e+01,3.141159505471481239e+01,3.449625330815397461e+01,1.127376732290284345e+01,1.062961310803947335e+01
1.385000000000000000e+03,3.915274999999999750e+01,1.607784734094614976e+00,3.180905817624418930e+01,3.141651805820461973e+01,3.450201848285020390e+01,1.127082477283119921e+01,1.063325280259713601e+01
1.386000000000000000e+03,3.915829999999999700e+01,1.607524537541987097e+00,3.181108986725039145e+01,3.142144296891863320e+01,3.450777878912683860e+01,1.126789554986990183e+01,1.063689192344891943e+01
1.387000000000000000e+03,3.916384999999999650e+01,1.607264464130178983e+00,3.181312130108981151e+01,3.142636978968310757e+01,3.451353430766212682e+01,1.126497964415205111e+01,1.064053088110648737e+01
1.388000000000000000e+03,3.916940000000000310e+01,1.607004515330982430e+00,3.181515247782484224e+01,3.143129852340870301e+01,3.451928542256515442e+01,1.126207704591251613e+01,1.064416997361771422e+01
1.389000000000000000e+03,3.917495000000000260e+01,1.606744692294550303e+00,3.181718339751774138e+01,3.143622917307920872e+01,3.452503247198666259e+01,1.125918774547221624e+01,1.064780944147947572e+01
1.390000000000000000e+03,3.918050000000000210e+01,1.606484995939782889e+00,3.181921406023083776e+01,3.144116174174362754e+01,3.453077561990676259e+01,1.125631173323516165e+01,1.065144949481756953e+01
1.391000000000000000e+03,3.918605000000000160e+01,1.606225427014424278e+00,3.182124446602638912e+01,3.144609623249844432e+01,3.453651498114192719e+01,1.125344899967726420e+01,1.065509031705634868e+01
1.392000000000000000e+03,3.919160000000000110e+01,1.605965986101362653e+00,3.182327461496659637e+01,3.145103264849043256e+01,3.454225066495962437e+01,1.125059953533532919e+01,1.065873206800523221e+01
1.393000000000000000e+03,3.919715000000000060e+01,1.605706673771653215e+00,3.182530450711372438e+01,3.145597099289533816e+01,3.454798280079800321e+01,1.124776333079721269e+01,1.066237488937464484e+01
1.394000000000000000e+03,3.920270000000000010e+01,1.605447490404231736e+00,3.182733414252993498e+01,3.146091126891483825e+01,3.455371150742983843e+01,1.124494037669268565e+01,1.066601890883307924e+01
1.395000000000000000e+03,3.920824999999999960e+01,1.605188436395885709e+00,3.182936352127746460e+01,3.146585347976720826e+01,3.455943688765812993e+01,1.124213066368458591e+01,1.066966424229042865e+01
1.396000000000000000e+03,3.921379999999999910e+01,1.604929512070915720e+00,3.183139264341838626e+01,3.147079762867760167e+01,3.456515903265134426e+01,1.123933418245989202e+01,1.067331099561294394e+01
1.397000000000000000e+03,3.921934999999999860e+01,1.604670717691847104e+00,3.183342150901490086e+01,3.147574371886885558e+01,3.457087802703246382e+01,1.123655092372088760e+01,1.067695926614637791e+01
1.398000000000000000e+03,3.922489999999999810e+01,1.604412053477598965e+00,3.183545011812904590e+01,3.148069175355294647e+01,3.457659395093740784e+01,1.123378087817670234e+01,1.068060914414807527e+01
1.399000000000000000e+03,3.923044999999999760e+01,1.604153519615027168e+00,3.183747847082296545e+01,3.148564173592277271e+01,3.458230688004562836e+01,1.123102403653552628e+01,1.068426071295081847e+01
1.400000000000000000e+03,3.923599999999999710e+01,1.603895116263863274e+00,3.183950656715869698e+01,3.149059366914417879e+01,3.458801688552431131e+01,1.122828038949648288e+01,1.068791405118148674e+01
1.401000000000000000e+03,3.924154999999999660e+01,1.603636843559207437e+00,3.184153440719828509e+01,3.149554755634822811e+01,3.459372403445649269e+01,1.122554992774131399e+01,1.069156923188140418e+01
1.402000000000000000e+03,3.924709999999999610e+01,1.603378701613922930e+00,3.184356199100377438e+01,3.150050340062368548e+01,3.459942839039899809e+01,1.122283264192679830e+01,1.069522632367882409e+01
1.403000000000000000e+03,3.925265000000000271e+01,1.603120690521193215e+00,3.184558931863708153e+01,3.150546120500986191e+01,3.460513001379241160e+01,1.122012852267778804e+01,1.069888539140397832e+01
1.404000000000000000e+03,3.925820000000000221e+01,1.602862810356873835e+00,3.184761639016024759e+01,3.151042097248969043e+01,3.461082896223891936e+01,1.121743756058055652e+01,1.070254649642474121e+01
1.405000000000000000e+03,3.926375000000000171e+01,1.602605061181449964e+00,3.184964320563522833e+01,3.151538270598317126e+01,3.461652529073522544e+01,1.121475974617640681e+01,1.070620969687628943e+01
1.406000000000000000e+03,3.926930000000000121e+01,1.602347443041642228e+00,3.185166976512390136e+01,3.152034640834366641e+01,3.462221905197634442e+01,1.121209506995524663e+01,1.070987504791720646e+01
1.407000000000000000e+03,3.927485000000000070e+01,1.602089955971775392e+00,3.185369606868819048e+01,3.152531208234391613e+01,3.462791029625454087e+01,1.120944352234952923e+01,1.071354260200278041e+01
1.408000000000000000e+03,3.928040000000000020e+01,1.601832599994971851e+00,3.185572211638998041e+01,3.153027973068395085e+01,3.463359907212178257e+01,1.120680509372854949e+01,1.071721240912441786e+01
1.409000000000000000e+03,3.928594999999999970e+01,1.601575375124206113e+00,3.185774790829115943e+01,3.153524935596930945e+01,3.463928542601915694e+01,1.120417977439295854e+01,1.072088451700134470e+01
1.410000000000000000e+03,3.929149999999999920e+01,1.601318281363232510e+00,3.185977344445355186e+01,3.154022096071458492e+01,3.464496940268413994e+01,1.120156755456986630e+01,1.072455897124288704e+01
1.411000000000000000e+03,3.929704999999999870e+01,1.601061318707401870e+00,3.186179872493894649e+01,3.154519454733981121e+01,3.465065104529266904e+01,1.119896842440799567e+01,1.072823581549691419e+01
1.412000000000000000e+03,3.930259999999999820e+01,1.600804487144383170e+00,3.186382374980913568e+01,3.155017011816506312e+01,3.465633039552822225e+01,1.119638237397293956e+01,1.073191509158721502e+01
1.413000000000000000e+03,3.930814999999999770e+01,1.600547786654806126e+00,3.186584851912595084e+01,3.155514767540515209e+01,3.466200749364744382e+01,1.119380939324303803e+01,1.073559683963713951e+01
1.414000000000000000e+03,3.931369999999999720e+01,1.600291217212835848e+00,3.186787303295105289e+01,3.156012722116547664e+01,3.466768237856614121e+01,1.119124947210535659e+01,1.073928109817927101e+01
1.415000000000000000e+03,3.931924999999999670e+01,1.600034778786684653e+00,3.186989729134623772e+01,3.156510875743876454e+01,3.467335508794861454e+01,1.118870260035201092e+01,1.074296790425377246e+01
1.416000000000000000e+03,3.932479999999999620e+01,1.599778471339072583e+00,3.187192129437316979e+01,3.157009228610175100e+01,3.467902565828347861e+01,1.118616876767672252e+01,1.074665729349803378e+01
1.417000000000000000e+03,3.933034999999999570e+01,1.599522294827642410e+00,3.187394504209358459e+01,3.157507780891198479e+01,3.468469412494681592e+01,1.118364796367154135e+01,1.075034930022869162e+01
1.418000000000000000e+03,3.933590000000000231e+01,1.599266249205338442e+00,3.187596853456905066e+01,3.158006532750484396e+01,3.469036052225943934e+01,1.118114017782389524e+01,1.075404395751659159e+01
1.419000000000000000e+03,3.934145000000000181e+01,1.599010334420743140e+00,3.187799177186129995e+01,3.158505484339078606e+01,3.469602488354151149e+01,1.117864539951390590e+01,1.075774129725531658e+01
1.420000000000000000e+03,3.934700000000000131e+01,1.598754550418386655e+00,3.188001475403187257e+01,3.159004635795301397e+01,3.470168724116404491e+01,1.117616361801187352e+01,1.076144135022405557e+01
1.421000000000000000e+03,3.935255000000000081e+01,1.598498897139030817e+00,3.188203748114241165e+01,3.159503987244532652e+01,3.470734762659620998e+01,1.117369482247593027e+01,1.076514414614546489e+01
1.422000000000000000e+03,3.935810000000000031e+01,1.598243374519922488e+00,3.188405995325445375e+01,3.160003538799005440e+01,3.471300607044830144e+01,1.117123900195007380e+01,1.076884971373912592e+01
1.423000000000000000e+03,3.936364999999999981e+01,1.597987982495031156e+00,3.188608217042957094e+01,3.160503290557624467e+01,3.471866260251161407e+01,1.116879614536223286e+01,1.077255808077106458e+01
1.424000000000000000e+03,3.936919999999999931e+01,1.597732720995262756e+00,3.188810413272928201e+01,3.161003242605801944e+01,3.472431725179568929e+01,1.116636624152251045e+01,1.077626927409961866e+01
1.425000000000000000e+03,3.937474999999999881e+01,1.597477589948658183e+00,3.189012584021509156e+01,3.161503395015333240e+01,3.472997004656322417e+01,1.116394927912173962e+01,1.077998331971797796e+01
1.426000000000000000e+03,3.938029999999999831e+01,1.597222589280574923e+00,3.189214729294847928e+01,3.162003747844261881e+01,3.473562101436242955e+01,1.116154524673007487e+01,1.078370024279382733e+01
1.427000000000000000e+03,3.938584999999999781e+01,1.596967718913856249e+00,3.189416849099090001e+01,3.162504301136777229e+01,3.474127018205729200e+01,1.115915413279585344e+01,1.078742006770635875e+01
1.428000000000000000e+03,3.939139999999999731e+01,1.596712978768984437e+00,3.189618943440379439e+01,3.163005054923124604e+01,3.474691757585595298e+01,1.115677592564452603e+01,1.079114281808011633e+01
1.429000000000000000e+03,3.939694999999999681e+01,1.596458368764223756e+00,3.189821012324855332e+01,3.163506009219533155e+01,3.475256322133734699e+01,1.115441061347773122e+01,1.079486851681986437e+01
1.430000000000000000e+03,3.940249999999999631e+01,1.596203888815755922e+00,3.190023055758659609e+01,3.164007164028150854e+01,3.475820714347621276e+01,1.115205818437265073e+01,1.079859718613517572e+01
1.431000000000000000e+03,3.940804999999999580e+01,1.595949538837801329e+00,3.190225073747930296e+01,3.164508519336999370e+01,3.476384936666659797e+01,1.114971862628111943e+01,1.080232884757628042e+01
1.432000000000000000e+03,3.941359999999999530e+01,1.595695318742734070e+00,3.190427066298800085e+01,3.165010075119951338e+01,3.476948991474396422e+01,1.114739192702929849e+01,1.080606352205756870e+01
1.433000000000000000e+03,3.941915000000000191e+01,1.595441228441187631e+00,3.190629033417404159e+01,3.165511831336695892e+01,3.477512881100624043e+01,1.114507807431728104e+01,1.080980122988149539e+01
1.434000000000000000e+03,3.942470000000000141e+01,1.595187267842156142e+00,3.190830975109869172e+01,3.166013787932735113e+01,3.478076607823349065e+01,1.114277705571880261e+01,1.081354199076222855e+01
1.435000000000000000e+03,3.943025000000000091e+01,1.594933436853084752e+00,3.191032891382326753e+01,3.166515944839391139e+01,3.478640173870650898e+01,1.114048885868101380e+01,1.081728582384887893e+01
1.436000000000000000e+03,3.943580000000000041e+01,1.594679735379958219e+00,3.191234782240897161e+01,3.167018301973822147e+01,3.479203581422463998e+01,1.113821347052438249e+01,1.082103274774711643e+01
1.437000000000000000e+03,3.944134999999999991e+01,1.594426163327380186e+00,3.191436647691712736e+01,3.167520859239037989e+01,3.479766832612251903e+01,1.113595087844274367e+01,1.082478278053891430e+01
1.438000000000000000e+03,3.944689999999999941e+01,1.594172720598649784e+00,3.191638487740886987e+01,3.168023616523932517e+01,3.480329929528595301e+01,1.113370106950334026e+01,1.082853593980105522e+01
1.439000000000000000e+03,3.945244999999999891e+01,1.593919407095833352e+00,3.191840302394545859e+01,3.168526573703336169e+01,3.480892874216709032e+01,1.113146403064715173e+01,1.083229224262316848e+01
1.440000000000000000e+03,3.945799999999999841e+01,1.593666222719943404e+00,3.192042091658803216e+01,3.169029730638070674e+01,3.481454827570382804e+01,1.112923974868901311e+01,1.083605138748535346e+01
1.441000000000000000e+03,3.946028333333332938e+01,1.593413205512386188e+00,3.192473101873672547e+01,3.169533087174996666e+01,3.482012030160627347e+01,1.112702821031805378e+01,1.083974683766752456e+01
1.442000000000000000e+03,3.946256666666666746e+01,1.593160351850977152e+00,3.192903996297549796e+01,3.170036643147083311e+01,3.482561473184637890e+01,1.112482940209785554e+01,1.084338986413232853e+01
1.443000000000000000e+03,3.946484999999999843e+01,1.592907647286609496e+00,3.193334774989981639e+01,3.170540398373504942e+01,3.483107621203918569e+01,1.112264331046668531e+01,1.084700069067767814e+01
1.444000000000000000e+03,3.946713333333332940e+01,1.592655087569973427e+00,3.193765438010466795e+01,3.171044352659712118e+01,3.483650760864828300e+01,1.112046992173670823e+01,1.085058637912448098e+01
1.445000000000000000e+03,3.946941666666666748e+01,1.592402670797338216e+00,3.194195985418451755e+01,3.171548505797511197e+01,3.484191305954256990e+01,1.111830922209738759e+01,1.085415102286292388e+01
1.446000000000000000e+03,3.947169999999999845e+01,1.592150395421914721e+00,3.194626417273348551e+01,3.172052857564031569e+01,3.484729493555661151e+01,1.111616119762464550e+01,1.085769749795533201e+01
1.447000000000000000e+03,3.947398333333332943e+01,1.591898260168289836e+00,3.195056733634515211e+01,3.172557407724719525e+01,3.485265559409919689e+01,1.111402583426683144e+01,1.086122778872844385e+01
1.448000000000000000e+03,3.947626666666666750e+01,1.591646264012439804e+00,3.195486934561269621e+01,3.173062156031865655e+01,3.485799663427133765e+01,1.111190311784229401e+01,1.086474340985100717e+01
1.449000000000000000e+03,3.947854999999999848e+01,1.591394406113552096e+00,3.195917020112880280e+01,3.173567102223942271e+01,3.486331929218172121e+01,1.110979303406089080e+01,1.086824564830451934e+01
1.450000000000000000e+03,3.948083333333332945e+01,1.591142685759407760e+00,3.196346990348570571e+01,3.174072246026089417e+01,3.486862464554651098e+01,1.110769556851050233e+01,1.087173556747975667e+01
1.451000000000000000e+03,3.948311666666666753e+01,1.590891102331471796e+00,3.196776845327518046e+01,3.174577587150538704e+01,3.487391362035324249e+01,1.110561070666239836e+01,1.087521406223481968e+01
1.452000000000000000e+03,3.948539999999999850e+01,1.590639655313317968e+00,3.197206585108855492e+01,3.175083125296804454e+01,3.487918700366412850e+01,1.110353843386531913e+01,1.087868188831618355e+01
1.453000000000000000e+03,3.948768333333332947e+01,1.590388344167423584e+00,3.197636209751676262e+01,3.175588860151776061e+01,3.488444548194470229e+01,1.110147873536026530e+01,1.088213971881273423e+01
1.454000000000000000e+03,3.948996666666666755e+01,1.590137168498374720e+00,3.198065719315015798e+01,3.176094791389822447e+01,3.488968966458347865e+01,1.109943159626392450e+01,1.088558813994413654e+01
1.455000000000000000e+03,3.949224999999999852e+01,1.589886127865969279e+00,3.198495113857876859e+01,3.176600918672937013e+01,3.489492009494238545e+01,1.109739700158126574e+01,1.088902767672403193e+01
1.456000000000000000e+03,3.949453333333332949e+01,1.589635221874454052e+00,3.198924393439204295e+01,3.177107241650893599e+01,3.490013726079369150e+01,1.109537493620804049e+01,1.089245880304197911e+01
1.457000000000000000e+03,3.949681666666666757e+01,1.589384450167740326e+00,3.199353558117912755e+01,3.177613759961545981e+01,3.490534160469759684e+01,1.109336538493048074e+01,1.089588194823193312e+01
1.458000000000000000e+03,3.949909999999999854e+01,1.589133812415751246e+00,3.199782607952857205e+01,3.178120473230947240e+01,3.491053353038143570e+01,1.109136833242526876e+01,1.089929750297455158e+01
1.459000000000000000e+03,3.950138333333332952e+01,1.588883308305718556e+00,3.200213218034586760e+01,3.178627381073441427e+01,3.491571340859169226e+01,1.108938376326090847e+01,1.090270582492059326e+01
1.460000000000000000e+03,3.950366666666666760e+01,1.588632937539095735e+00,3.200645433827121877e+01,3.179134483091165819e+01,3.492088157897389067e+01,1.108741166189977889e+01,1.090610724343335924e+01
1.461000000000000000e+03,3.950594999999999857e+01,1.588382699830551692e+00,3.201077534044258499e+01,3.179641778875023661e+01,3.492603835649081390e+01,1.108545201269998692e+01,1.090950206324546379e+01
1.462000000000000000e+03,3.950823333333332954e+01,1.588132594906933148e+00,3.201509518745136518e+01,3.180149268004988983e+01,3.493118403476251643e+01,1.108350479991682214e+01,1.091289056732592577e+01
1.463000000000000000e+03,3.951051666666666762e+01,1.587882622505926378e+00,3.201941387988856746e+01,3.180656950050106246e+01,3.493631888788947748e+01,1.108157000770425427e+01,1.091627301929982963e+01
1.464000000000000000e+03,3.951279999999999859e+01,1.587632782374745588e+00,3.202373141834474524e+01,3.181164824568524097e+01,3.494144317213395823e+01,1.107964762011662252e+01,1.091964966556868255e+01
1.465000000000000000e+03,3.951508333333332956e+01,1.587383074269048011e+00,3.202804780340999713e+01,3.181672891107692536e+01,3.494655712783406187e+01,1.107773762111042792e+01,1.092302073714602884e+01
1.466000000000000000e+03,3.951736666666666764e+01,1.587133497952058825e+00,3.203236303567402388e+01,3.182181149204601311e+01,3.495166098119110387e+01,1.107583999454609724e+01,1.092638645121558838e+01
1.467000000000000000e+03,3.951964999999999861e+01,1.586884053193843291e+00,3.203667711572597199e+01,3.182689598385975671e+01,3.495675494568714470e+01,1.107395472418965277e+01,1.092974701245689850e+01
1.468000000000000000e+03,3.952193333333332959e+01,1.586634739770666602e+00,3.204099004415456164e+01,3.183198238168467498e+01,3.496183922321492332e+01,1.107208179371457746e+01,1.093310261419524210e+01
1.469000000000000000e+03,3.952421666666666766e+01,1.586385557464430995e+00,3.204530182154815066e+01,3.183707068058832945e+01,3.496691400507471315e+01,1.107022118670368904e+01,1.093645343941430959e+01
1.470000000000000000e+03,3.952649999999999864e+01,1.586136506062174822e+00,3.204961244849459234e+01,3.184216087554122154e+01,3.497197947289181030e+01,1.106837288665085062e+01,1.093979966165003326e+01
1.471000000000000000e+03,3.952878333333332961e+01,1.585887585355637341e+00,3.205392192558121423e+01,3.184725296141878559e+01,3.497703579943862451e+01,1.106653687696286603e+01,1.094314144577778514e+01
1.472000000000000000e+03,3.953106666666666769e+01,1.585638795140871915e+00,3.205823025339503118e+01,3.185234693300334285e+01,3.498208314935205010e+01,1.106471314096138059e+01,1.094647894870743521e+01
1.473000000000000000e+03,3.953334999999999866e+01,1.585390135217902285e+00,3.206253743252248967e+01,3.185744278498597382e+01,3.498712167976322007e+01,1.106290166188463076e+01,1.094981232000163907e+01
1.474000000000000000e+03,3.953563333333332963e+01,1.585141605390419262e+00,3.206684346354968085e+01,3.186254051196829806e+01,3.499215154086048329e+01,1.106110242288920098e+01,1.095314170242924234e+01
1.475000000000000000e+03,3.953791666666666771e+01,1.584893205465505162e+00,3.207114834706220563e+01,3.186764010846441053e+01,3.499717287639727914e+01,1.105931540705191019e+01,1.095646723246173870e+01
1.476000000000000000e+03,3.954019999999999868e+01,1.584644935253389564e+00,3.207545208364523859e+01,3.187274156890268628e+01,3.500218582415028834e+01,1.105754059737152417e+01,1.095978904071104765e+01
1.477000000000000000e+03,3.954248333333332965e+01,1.584396794567230593e+00,3.207975467388343560e+01,3.187784488762729751e+01,3.500719051633203094e+01,1.105577797677040408e+01,1.096310725235408512e+01
1.478000000000000000e+03,3.954476666666666773e+01,1.584148783222913526e+00,3.208405611836111149e+01,3.188295005889996503e+01,3.501218707996367385e+01,1.105402752809596123e+01,1.096642198745944086e+01
1.479000000000000000e+03,3.954704999999999870e+01,1.583900901038872266e+00,3.208835641766205526e+01,3.188805707690148239e+01,3.501717563721307869e+01,1.105228923412253828e+01,1.096973336138636590e+01
1.480000000000000000e+03,3.954933333333332968e+01,1.583653147835925923e+00,3.209265557236965805e+01,3.189316593573309788e+01,3.502215630570280069e+01,1.105056307755250344e+01,1.097304148503246779e+01
1.481000000000000000e+03,3.955161666666666775e+01,1.583405523437129814e+00,3.209695358306688462e+01,3.189827662941763364e+01,3.502712919879122211e+01,1.104884904101744603e+01,1.097634646510338108e+01
1.482000000000000000e+03,3.955389999999999873e+01,1.583158027667641576e+00,3.210125045033615265e+01,3.190338915190064029e+01,3.503209442582960520e+01,1.104714710707936653e+01,1.097964840437394862e+01
1.483000000000000000e+03,3.955618333333332970e+01,1.582910660354596377e+00,3.210554617475951744e+01,3.190850349705141298e+01,3.503705209239758744e+01,1.104545725823164304e+01,1.098294740192884866e+01
1.484000000000000000e+03,3.955846666666666778e+01,1.582663421326994335e+00,3.210984075691861506e+01,3.191361965866365225e+01,3.504200230051949916e+01,1.104377947689983408e+01,1.098624355337394753e+01
1.485000000000000000e+03,3.956074999999999875e+01,1.582416310415596827e+00,3.211413419739459130e+01,3.191873763045598622e+01,3.504694514886344336e+01,1.104211374544219204e+01,1.098953695102584760e+01
1.486000000000000000e+03,3.956303333333332972e+01,1.582169327452831453e+00,3.211842649676815142e+01,3.192385740607229039e+01,3.505188073292507056e+01,1.104046004615004861e+01,1.099282768408970590e+01
1.487000000000000000e+03,3.956531666666666780e+01,1.581922472272704994e+00,3.212271765561953885e+01,3.192897897908181193e+01,3.505680914519719238e+01,1.103881836124797111e+01,1.099611583882723664e+01
1.488000000000000000e+03,3.956759999999999877e+01,1.581675744710720588e+00,3.212700767452861328e+01,3.193410234297910932e+01,3.506173047532688969e+01,1.103718867289378025e+01,1.099940149871222772e+01
1.489000000000000000e+03,3.956988333333332974e+01,1.581429144603804904e+00,3.213129655407478680e+01,3.193922749118364379e+01,3.506664481026111702e+01,1.103557096317822150e+01,1.100268474457281087e+01
1.490000000000000000e+03,3.957216666666666782e+01,1.581182671790238636e+00,3.213558429483693857e+01,3.194435441703920020e+01,3.507155223438201119e+01,1.103396521412454767e+01,1.100596565472286059e+01
1.491000000000000000e+03,3.957444999999999879e+01,1.580936326109592782e+00,3.213987089739362091e+01,3.194948311381314099e+01,3.507645282963270006e+01,1.103237140768776747e+01,1.100924430508491803e+01
1.492000000000000000e+03,3.957673333333332977e+01,1.580690107402668687e+00,3.214415636232290296e+01,3.195461357469535457e+01,3.508134667563353304e+01,1.103078952575363836e+01,1.101252076930538060e+01
1.493000000000000000e+03,3.957901666666666785e+01,1.580444015511442535e+00,3.214844069020241335e+01,3.195974579279707228e+01,3.508623384979087234e+01,1.102921955013770905e+01,1.101579511886193430e+01
1.494000000000000000e+03,3.958129999999999882e+01,1.580198050279015165e+00,3.215272388160931172e+01,3.196487976114936558e+01,3.509111442740088904e+01,1.102766146258395530e+01,1.101906742316357146e+01
1.495000000000000000e+03,3.958358333333332979e+01,1.579952211549564112e+00,3.215700593712037403e+01,3.197001547270143362e+01,3.509598848175307495e+01,1.102611524476319360e+01,1.102233774964397206e+01
1.496000000000000000e+03,3.958586666666666787e+01,1.579706499168298528e+00,3.216128685731190728e+01,3.197515292031889445e+01,3.510085608421003656e+01,1.102458087827136346e+01,1.102560616384925574e+01
1.497000000000000000e+03,3.958814999999999884e+01,1.579460912981416998e+00,3.216556664275977795e+01,3.198029209678180251e+01,3.510571730428925008e+01,1.102305834462773326e+01,1.102887272952031594e+01
1.498000000000000000e+03,3.959043333333332981e+01,1.579215452836070233e+00,3.216984529403941195e+01,3.198543299478238922e+01,3.511057220974447546e+01,1.102154762527286636e+01,1.103213750867013587e+01
1.499000000000000000e+03,3.959271666666666789e+01,1.578970118580322657e+00,3.217412281172587285e+01,3.199057560692286373e+01,3.511542086664260864e+01,1.102004870156646099e+01,1.103540056165645744e+01
1.500000000000000000e+03,3.959499999999999886e+01,1.578724910063031617e+00,3.217839919639364865e+01,3.199571992571299006e+01,3.512026759461280534e+01,1.101856155478501798e+01,1.103866197381943692e+01
1.501000000000000000e+03,3.960276666666666756e+01,1.578479819473521450e+00,3.218194682605955848e+01,3.200086594356751846e+01,3.512521495575425945e+01,1.101708616611966640e+01,1.104203697349680979e+01
1.502000000000000000e+03,3.961053333333332915e+01,1.578234839640721532e+00,3.218549367631216285e+01,3.200601365280368071e+01,3.513025536401008253e+01,1.101562251667317582e+01,1.104550517531481368e+01
1.503000000000000000e+03,3.961829999999999785e+01,1.577989977593576620e+00,3.218903974747906460e+01,3.201116304563651482e+01,3.513535085334313379e+01,1.101417058745698263e+01,1.104903244013824093e+01
1.504000000000000000e+03,3.962606666666666655e+01,1.577745235393351653e+00,3.219258503988761788e+01,3.201631411418161832e+01,3.514048895309849030e+01,1.101273035939177625e+01,1.105260653830708151e+01
1.505000000000000000e+03,3.963383333333333525e+01,1.577500613631257709e+00,3.219612955386503472e+01,3.202146685043835106e+01,3.514566301953180272e+01,1.101130181329761193e+01,1.105622075711525376e+01
1.506000000000000000e+03,3.964159999999999684e+01,1.577256112615836869e+00,3.219967328973827136e+01,3.202662124631127227e+01,3.515086813923861087e+01,1.100988492990172496e+01,1.105987035156690190e+01
1.507000000000000000e+03,3.964936666666666554e+01,1.577011732556816037e+00,3.220321624783413483e+01,3.203177729359414627e+01,3.515610082346394449e+01,1.100847968983434555e+01,1.106355184918501955e+01
1.508000000000000000e+03,3.965713333333333424e+01,1.576767473594435698e+00,3.220675842847912662e+01,3.203693498396211226e+01,3.516135851265541135e+01,1.100708607361404567e+01,1.106726270968681014e+01
1.509000000000000000e+03,3.966489999999999583e+01,1.576523335812662907e+00,3.221029983199964875e+01,3.204209430897198274e+01,3.516663915159703180e+01,1.100570406166016468e+01,1.107100083504645305e+01
1.510000000000000000e+03,3.967266666666666453e+01,1.576279319272419821e+00,3.221384045872186874e+01,3.204725526006168224e+01,3.517194100788172761e+01,1.100433363427760902e+01,1.107476450668045587e+01
1.511000000000000000e+03,3.968043333333333322e+01,1.576035423988789708e+00,3.221738030897172678e+01,3.205241782854791666e+01,3.517726260756904821e+01,1.100297477166068738e+01,1.107855226194705445e+01
1.512000000000000000e+03,3.968820000000000192e+01,1.575791649962840379e+00,3.222091938307492143e+01,3.205758200562711835e+01,3.518260268846460548e+01,1.100162745389188323e+01,1.108236284945959760e+01
1.513000000000000000e+03,3.969596666666666351e+01,1.575547997175467563e+00,3.222445768135705180e+01,3.206274778236157630e+01,3.518796018023967065e+01,1.100029166093891675e+01,1.108619518904567691e+01
1.514000000000000000e+03,3.970373333333333221e+01,1.575304465592183290e+00,3.222799520414341146e+01,3.206791514969545887e+01,3.519333412752680346e+01,1.099896737265182445e+01,1.109004833439459325e+01
1.515000000000000000e+03,3.971150000000000091e+01,1.575061055167222390e+00,3.223153195175918739e+01,3.207308409842952557e+01,3.519872369837236903e+01,1.099765456876067837e+01,1.109392144584652407e+01
1.516000000000000000e+03,3.971926666666666250e+01,1.574817765846040496e+00,3.223506792452925396e+01,3.207825461923272314e+01,3.520412814591357886e+01,1.099635322887390032e+01,1.109781377258973123e+01
1.517000000000000000e+03,3.972703333333333120e+01,1.574574597566697820e+00,3.223860312277832918e+01,3.208342670264182317e+01,3.520954679510980156e+01,1.099506333247666845e+01,1.110172463930785369e+01
1.518000000000000000e+03,3.973479999999999990e+01,1.574331550260835044e+00,3.224213754683096766e+01,3.208860033905786224e+01,3.521497903488906189e+01,1.099378485892921908e+01,1.110565343477756173e+01
1.519000000000000000e+03,3.974256666666666860e+01,1.574088623854560609e+00,3.224567119701148954e+01,3.209377551874278822e+01,3.522042431036094712e+01,1.099251778746524266e+01,1.110959960239692634e+01
1.520000000000000000e+03,3.975033333333333019e+01,1.573845818269255403e+00,3.224920407364400177e+01,3.209895223181795387e+01,3.522588211471620667e+01,1.099126209719059943e+01,1.111356263269953182e+01
1.521000000000000000e+03,3.975809999999999889e+01,1.573603133422244227e+00,3.225273617705237683e+01,3.210413046826332817e+01,3.523135198234491838e+01,1.099001776708207245e+01,1.111754205735039847e+01
1.522000000000000000e+03,3.976586666666666758e+01,1.573360569227340244e+00,3.225626750756035932e+01,3.210931021791654416e+01,3.523683348368298596e+01,1.098878477598642256e+01,1.112153744413315870e+01
1.523000000000000000e+03,3.977363333333332918e+01,1.573118125595285299e+00,3.225979806549145934e+01,3.211449147047186159e+01,3.524232622120135971e+01,1.098756310261935809e+01,1.112554839270728735e+01
1.524000000000000000e+03,3.978139999999999787e+01,1.572875802434125836e+00,3.226332785116895252e+01,3.211967421547922186e+01,3.524782982593001179e+01,1.098635272556492737e+01,1.112957453102476535e+01
1.525000000000000000e+03,3.978916666666666657e+01,1.572633599649531755e+00,3.226685686491594396e+01,3.212485844234347354e+01,3.525334395434757084e+01,1.098515362327494493e+01,1.113361551228840440e+01
1.526000000000000000e+03,3.979693333333333527e+01,1.572391517145071971e+00,3.227038510705535401e+01,3.213004414032403844e+01,3.525886828568536657e+01,1.098396577406861141e+01,1.113767101234332912e+01
1.527000000000000000e+03,3.980469999999999686e+01,1.572149554822452888e+00,3.227391257790985435e+01,3.213523129853462734e+01,3.526440251964749706e+01,1.098278915613223461e+01,1.114174072748412492e+01
1.528000000000000000e+03,3.981246666666666556e+01,1.571907712581723349e+00,3.227743927780194610e+01,3.214041990594302689e+01,3.526994637446370007e+01,1.098162374751915316e+01,1.114582437227799261e+01
1.529000000000000000e+03,3.982023333333333426e+01,1.571665990321454931e+00,3.228096520705390304e+01,3.214560995137108534e+01,3.527549958518632423e+01,1.098046952614987859e+01,1.114992167829824155e+01
1.530000000000000000e+03,3.982800000000000296e+01,1.571424387938897160e+00,3.228449036598784261e+01,3.215080142349499681e+01,3.528106190218241522e+01,1.097932646981240801e+01,1.115403239207916641e+01
1.531000000000000000e+03,3.983576666666666455e+01,1.571182905330116508e+00,3.228801475492565487e+01,3.215599431084564230e+01,3.528663308980048896e+01,1.097819455616263262e+01,1.115815627409731370e+01
1.532000000000000000e+03,3.984353333333333325e+01,1.570941542390117851e+00,3.229153837418898831e+01,3.216118860180919370e+01,3.529221292519505226e+01,1.097707376272500213e+01,1.116229309764679911e+01
1.533000000000000000e+03,3.985130000000000194e+01,1.570700299012951717e+00,3.229506122409935642e+01,3.216638428462788113e+01,3.529780119728572885e+01,1.097596406689335780e+01,1.116644264777637829e+01
1.534000000000000000e+03,3.985906666666666354e+01,1.570459175091810433e+00,3.229858330497803109e+01,3.217158134740089537e+01,3.530339770582876469e+01,1.097486544593191482e+01,1.117060472030848750e+01
1.535000000000000000e+03,3.986683333333333223e+01,1.570218170519113832e+00,3.230210461714613501e+01,3.217677977808580891e+01,3.530900226058462721e+01,1.097377787697656792e+01,1.117477912099930926e+01
1.536000000000000000e+03,3.987460000000000093e+01,1.569977285186586080e+00,3.230562516092448533e+01,3.218197956449984787e+01,3.531461468057014486e+01,1.097270133703638884e+01,1.117896566481874032e+01
1.537000000000000000e+03,3.988236666666666963e+01,1.569736518985323626e+00,3.230914493663381393e+01,3.218718069432158302e+01,3.532023479338522520e+01,1.097163580299537777e+01,1.118316417529629092e+01
1.538000000000000000e+03,3.989013333333333122e+01,1.569495871805857368e+00,3.231266394459459690e+01,3.219238315509302595e+01,3.532586243460499986e+01,1.097058125161440501e+01,1.118737448391067879e+01
1.539000000000000000e+03,3.989789999999999992e+01,1.569255343538209280e+00,3.231618218512709007e+01,3.219758693422190277e+01,3.533149744722931018e+01,1.096953765953360893e+01,1.119159642953170319e+01
1.540000000000000000e+03,3.990566666666666862e+01,1.569014934071942147e+00,3.231969965855141425e+01,3.220279201898417654e+01,3.533713968118236437e+01,1.096850500327499489e+01,1.119582985792159135e+01
1.541000000000000000e+03,3.991343333333333021e+01,1.568774643296205307e+00,3.232321636518739183e+01,3.220799839652708840e+01,3.534278899285732223e+01,1.096748325924540524e+01,1.120007462128699594e+01
1.542000000000000000e+03,3.992119999999999891e+01,1.568534471099776839e+00,3.232673230535477416e+01,3.221320605387236924e+01,3.534844524471027682e+01,1.096647240373981802e+01,1.120433057786813080e+01
1.543000000000000000e+03,3.992896666666666761e+01,1.568294417371101090e+00,3.233024747937303545e+01,3.221841497792009079e+01,3.535410830485254507e+01,1.096547241294507913e+01,1.120859759155895397e+01
1.544000000000000000e+03,3.993673333333333630e+01,1.568054481998323313e+00,3.233376188756140124e+01,3.222362515545243866e+01,3.535977804675177083e+01,1.096448326294399500e+01,1.121287553155863215e+01
1.545000000000000000e+03,3.994449999999999790e+01,1.567814664869321861e+00,3.233727553023901180e+01,3.222883657313884243e+01,3.536545434883492334e+01,1.096350492971987123e+01,1.121716427205312883e+01
1.546000000000000000e+03,3.995226666666666659e+01,1.567574965871737280e+00,3.234078840772473029e+01,3.223404921754048758e+01,3.537113709424855301e+01,1.096253738916132470e+01,1.122146369192321202e+01
1.547000000000000000e+03,3.996003333333333529e+01,1.567335384892996952e+00,3.234430052033726355e+01,3.223926307511562328e+01,3.537682617059208923e+01,1.096158061706768727e+01,1.122577367447463459e+01
1.548000000000000000e+03,3.996779999999999688e+01,1.567095921820341742e+00,3.234781186839509814e+01,3.224447813222541726e+01,3.538252146965845668e+01,1.096063458915487843e+01,1.123009410718836953e+01
1.549000000000000000e+03,3.997556666666666558e+01,1.566856576540849311e+00,3.235132245221648617e+01,3.224969437514021564e+01,3.538822288719249087e+01,1.095969928106147862e+01,1.123442488148941543e+01
1.550000000000000000e+03,3.998333333333333428e+01,1.566617348941451437e+00,3.235483227211955182e+01,3.225491179004621500e+01,3.539393032267603445e+01,1.095877466835541014e+01,1.123876589253305980e+01
1.551000000000000000e+03,3.999110000000000298e+01,1.566378238908956000e+00,3.235834132842217059e+01,3.226013036305253223e+01,3.539964367913324850e+01,1.095786072654092003e+01,1.124311703900648141e+01
1.552000000000000000e+03,3.999886666666666457e+01,1.566139246330064294e+00,3.236184962144209720e+01,3.226535008019865813e+01,3.540536286294729962e+01,1.095695743106614195e+01,1.124747822294447808e+01
1.553000000000000000e+03,4.000663333333333327e+01,1.565900371091386356e+00,3.236535715149675241e+01,3.227057092746223788e+01,3.541108778368624854e+01,1.095606475733085006e+01,1.125184934955778182e+01
1.554000000000000000e+03,4.001440000000000197e+01,1.565661613079456949e+00,3.236886391890345038e+01,3.227579289076738434e+01,3.541681835394059163e+01,1.095518268069461065e+01,1.125623032707293447e+01
1.555000000000000000e+03,4.002216666666666356e+01,1.565422972180749550e+00,3.237236992397931346e+01,3.228101595599326146e+01,3.542255448917366323e+01,1.095431117648542774e+01,1.126062106658305773e+01
1.556000000000000000e+03,4.002993333333333226e+01,1.565184448281690122e+00,3.237587516704126500e+01,3.228624010898304419e+01,3.542829610758231951e+01,1.095345022000851465e+01,1.126502148190844821e+01
1.557000000000000000e+03,4.003770000000000095e+01,1.564946041268667765e+00,3.237937964840597971e+01,3.229146533555282872e+01,3.543404312996623418e+01,1.095259978655540500e+01,1.126943148946614670e+01
1.558000000000000000e+03,4.004546666666666965e+01,1.564707751028047378e+00,3.238288336838998305e+01,3.229669162150127448e+01,3.543979547960486087e+01,1.095175985141340824e+01,1.127385100814770524e+01
1.559000000000000000e+03,4.005323333333333125e+01,1.564469577446179649e+00,3.238638632730960154e+01,3.230191895261926049e+01,3.544555308214204814e+01,1.095093038987524281e+01,1.127827995920459436e+01
1.560000000000000000e+03,4.006099999999999994e+01,1.564231520409411047e+00,3.238988852548090591e+01,3.230714731469982581e+01,3.545130551488678350e+01,1.095011137724870132e+01,1.128271627204295768e+01
1.561000000000000000e+03,4.006394999999999840e+01,1.563993587208962532e+00,3.239365927309627580e+01,3.231237669354673869e+01,3.545698024611437660e+01,1.094930278886675445e+01,1.128706433756471483e+01
1.562000000000000000e+03,4.006689999999999685e+01,1.563755772308141445e+00,3.239742913918439626e+01,3.231760707498881402e+01,3.546256902152116197e+01,1.094850460009769932e+01,1.129133618072779832e+01
1.563000000000000000e+03,4.006985000000000241e+01,1.563518075448599998e+00,3.240119812413934852e+01,3.232283844488507896e+01,3.546810920123727584e+01,1.094771678635545165e+01,1.129556395186905249e+01
1.564000000000000000e+03,4.007280000000000086e+01,1.563280496551691545e+00,3.240496622835493667e+01,3.232807078913805299e+01,3.547361125053646447e+01,1.094693932311109386e+01,1.129975812593361084e+01
1.565000000000000000e+03,4.007574999999999932e+01,1.563043035384126478e+00,3.240873345222465929e+01,3.233330409370757508e+01,3.547908137016005270e+01,1.094617218589959684e+01,1.130392483321666042e+01
1.566000000000000000e+03,4.007869999999999777e+01,1.562805691653799567e+00,3.241249979614181598e+01,3.233853834460930443e+01,3.548452393209076661e+01,1.094541535033045498e+01,1.130806821854187660e+01
1.567000000000000000e+03,4.008165000000000333e+01,1.562568465094052561e+00,3.241626526049937240e+01,3.234377352793267590e+01,3.548994192584637375e+01,1.094466879210383858e+01,1.131219116510576050e+01
1.568000000000000000e+03,4.008460000000000178e+01,1.562331355475203631e+00,3.242002984569013790e+01,3.234900962985218342e+01,3.549533756157007502e+01,1.094393248701398313e+01,1.131629595305987124e+01
1.569000000000000000e+03,4.008755000000000024e+01,1.562094362605451092e+00,3.242379355210655234e+01,3.235424663663640388e+01,3.550071265376167418e+01,1.094320641095742452e+01,1.132038444365453245e+01
1.570000000000000000e+03,4.009049999999999869e+01,1.561857486281856611e+00,3.242755638014082820e+01,3.235948453465717023e+01,3.550606873594279023e+01,1.094249053994549570e+01,1.132445815414255463e+01
1.571000000000000000e+03,4.009344999999999715e+01,1.561620726349903787e+00,3.243131833018495058e+01,3.236472331039790618e+01,3.551140709915709692e+01,1.094178485012532676e+01,1.132851832247566470e+01
1.572000000000000000e+03,4.009640000000000271e+01,1.561384082632719439e+00,3.243507940263062039e+01,3.236996295046804306e+01,3.551672882992431113e+01,1.094108931776277593e+01,1.133256603825101472e+01
1.573000000000000000e+03,4.009935000000000116e+01,1.561147554965181428e+00,3.243883959786921167e+01,3.237520344159823793e+01,3.552203487738001542e+01,1.094040391928060885e+01,1.133660223017837687e+01
1.574000000000000000e+03,4.010229999999999961e+01,1.560911143192986295e+00,3.244259891629194925e+01,3.238044477066863180e+01,3.552732606339081656e+01,1.093972863125691930e+01,1.134062771287483429e+01
1.575000000000000000e+03,4.010524999999999807e+01,1.560674847168169066e+00,3.244635735828975243e+01,3.238568692471282873e+01,3.553260311386151216e+01,1.093906343042977625e+01,1.134464320935718895e+01
1.576000000000000000e+03,4.010819999999999652e+01,1.560438666746245540e+00,3.245011492425321364e+01,3.239092989092121400e+01,3.553786667958172529e+01,1.093840829370572187e+01,1.134864936579399775e+01
1.577000000000000000e+03,4.011115000000000208e+01,1.560202601785355858e+00,3.245387161457279745e+01,3.239617365664819459e+01,3.554311734784555199e+01,1.093776319816972986e+01,1.135264676237419756e+01
1.578000000000000000e+03,4.011410000000000053e+01,1.559966652146161037e+00,3.245762742963856340e+01,3.240141820942185547e+01,3.554835564969472728e+01,1.093712812109400545e+01,1.135663592280842238e+01
1.579000000000000000e+03,4.011704999999999899e+01,1.559730817691711957e+00,3.246138236984045022e+01,3.240666353695268498e+01,3.555358206708100255e+01,1.093650303994528983e+01,1.136061732273473979e+01
1.580000000000000000e+03,4.011999999999999744e+01,1.559495098287176473e+00,3.246513643556800588e+01,3.241190962714102852e+01,3.555879704010536102e+01,1.093588793239180035e+01,1.136459139660643025e+01
1.581000000000000000e+03,4.012295000000000300e+01,1.559259493799554530e+00,3.246888962721062910e+01,3.241715646808339102e+01,3.556400097301137464e+01,1.093528277630993806e+01,1.136855854307383318e+01
1.582000000000000000e+03,4.012590000000000146e+01,1.559024004097451899e+00,3.247264194515737046e+01,3.242240404807895970e+01,3.556919423862432694e+01,1.093468754979095614e+01,1.137251912929099618e+01
1.583000000000000000e+03,4.012884999999999991e+01,1.558788629050903429e+00,3.247639338979709578e+01,3.242765235563600612e+01,3.557437718184332454e+01,1.093410223114731217e+01,1.137647349455848733e+01
1.584000000000000000e+03,4.013179999999999836e+01,1.558553368531236716e+00,3.248014396151836536e+01,3.243290137947774099e+01,3.557955012271324335e+01,1.093352679891845014e+01,1.138042195348559105e+01
1.585000000000000000e+03,4.013474999999999682e+01,1.558318222410953746e+00,3.248389366070946238e+01,3.243815110854801986e+01,3.558471335917487011e+01,1.093296123187631785e+01,1.138436479870641271e+01
1.586000000000000000e+03,4.013770000000000238e+01,1.558083190563626319e+00,3.248764248775847108e+01,3.244340153201643773e+01,3.558986716942424522e+01,1.093240550903056274e+01,1.138830230318017911e+01
1.587000000000000000e+03,4.014065000000000083e+01,1.557848272863805006e+00,3.249139044305321988e+01,3.244865263928321752e+01,3.559501181389322255e+01,1.093185960963322323e+01,1.139223472215098987e+01
1.588000000000000000e+03,4.014359999999999928e+01,1.557613469186939659e+00,3.249513752698118907e+01,3.245390441998360842e+01,3.560014753694625256e+01,1.093132351318321582e+01,1.139616229484933108e+01
1.589000000000000000e+03,4.014654999999999774e+01,1.557378779409311687e+00,3.249888373992968127e+01,3.245915686399203537e+01,3.560527456837291282e+01,1.093079719943049710e+01,1.140008524598733786e+01
1.590000000000000000e+03,4.014950000000000330e+01,1.557144203407974326e+00,3.250262908228572911e+01,3.246440996142587920e+01,3.561039312470871465e+01,1.093028064837952940e+01,1.140400378705225215e+01
1.591000000000000000e+03,4.015245000000000175e+01,1.556909741060698682e+00,3.250637355443612364e+01,3.246966370264888013e+01,3.561550341039771439e+01,1.092977384029305377e+01,1.140791811754319163e+01
1.592000000000000000e+03,4.015540000000000020e+01,1.556675392245927325e+00,3.251011715676731484e+01,3.247491807827412913e+01,3.562060561881576604e+01,1.092927675569449697e+01,1.141182842580231060e+01
1.593000000000000000e+03,4.015834999999999866e+01,1.556441156842734097e+00,3.251385988966558926e+01,3.248017307916674667e+01,3.562569993317750061e+01,1.092878937537125061e+01,1.141573489016760412e+01
1.594000000000000000e+03,4.016129999999999711e+01,1.556207034730785255e+00,3.251760175351692794e+01,3.248542869644618492e+01,3.563078652734571250e+01,1.092831168037666068e+01,1.141963767966922561e+01
1.595000000000000000e+03,4.016425000000000267e+01,1.555973025790306608e+00,3.252134274870707031e+01,3.249068492148796850e+01,3.563586556655620541e+01,1.092784365203169905e+01,1.142353695470774078e+01
1.596000000000000000e+03,4.016720000000000113e+01,1.555739129902054874e+00,3.252508287562154266e+01,3.249594174592540696e+01,3.564093720806827292e+01,1.092738527192651787e+01,1.142743286770151201e+01
1.597000000000000000e+03,4.017014999999999958e+01,1.555505346947289924e+00,3.252882213464550887e+01,3.250119916165049005e+01,3.564600160174970256e+01,1.092693652192137321e+01,1.143132556370238007e+01
1.598000000000000000e+03,4.017309999999999803e+01,1.555271676807750136e+00,3.253256052616398364e+01,3.250645716081464087e+01,3.565105889060496480e+01,1.092649738414753813e+01,1.143521518093777090e+01
1.599000000000000000e+03,4.017604999999999649e+01,1.555038119365631966e+00,3.253629805056166902e+01,3.251171573582883667e+01,3.565610921125318811e+01,1.092606784100730266e+01,1.143910185127781176e+01
1.600000000000000000e+03,4.017900000000000205e+01,1.554804674503568629e+00,3.254003470822300415e+01,3.251697487936340991e+01,3.566115269436219393e+01,1.092564787517373581e+01,1.144298570065611997e+01
1.601000000000000000e+03,4.018195000000000050e+01,1.554571342104613452e+00,3.254377049953224343e+01,3.252223458434736614e+01,3.566618946504342347e+01,1.092523746958998920e+01,1.144686684946360167e+01
1.602000000000000000e+03,4.018489999999999895e+01,1.554338122052221438e+00,3.254750542487327891e+01,3.252749484396716184e+01,3.567121964321186312e+01,1.092483660746800034e+01,1.145074541291366543e+01
1.603000000000000000e+03,4.018784999999999741e+01,1.554105014230235060e+00,3.255123948462987471e+01,3.253275565166500627e+01,3.567624334391530994e+01,1.092444527228692763e+01,1.145462150137254120e+01
1.604000000000000000e+03,4.019080000000000297e+01,1.553872018522871379e+00,3.255497267918538995e+01,3.253801700113669426e+01,3.568126067763575548e+01,1.092406344779077720e+01,1.145849522065757142e+01
1.605000000000000000e+03,4.019375000000000142e+01,1.553639134814706946e+00,3.255870500892305586e+01,3.254327888632886356e+01,3.568627175056604983e+01,1.092369111798582892e+01,1.146236667231086415e+01
1.606000000000000000e+03,4.019669999999999987e+01,1.553406362990669587e+00,3.256243647422581944e+01,3.254854130143597502e+01,3.569127666486269845e+01,1.092332826713739280e+01,1.146623595385326766e+01
1.607000000000000000e+03,4.019964999999999833e+01,1.553173702936023748e+00,3.256616707547635770e+01,3.255380424089626956e+01,3.569627551888650174e+01,1.092297487976601644e+01,1.147010315901919952e+01
1.608000000000000000e+03,4.020259999999999678e+01,1.552941154536362944e+00,3.256989681305705631e+01,3.255906769938805922e+01,3.570126840739767005e+01,1.092263094064325202e+01,1.147396837797277414e+01
1.609000000000000000e+03,4.020555000000000234e+01,1.552708717677598882e+00,3.257362568735013042e+01,3.256433167182442645e+01,3.570625542178825640e+01,1.092229643478693468e+01,1.147783169750659837e+01
1.610000000000000000e+03,4.020850000000000080e+01,1.552476392245955239e+00,3.257735369873746833e+01,3.256959615334795899e+01,3.571123665025898930e+01,1.092197134745592813e+01,1.148169320122595138e+01
1.611000000000000000e+03,4.021144999999999925e+01,1.552244178127957230e+00,3.258108084760076650e+01,3.257486113932542082e+01,3.571621217797903114e+01,1.092165566414435851e+01,1.148555296972013551e+01
1.612000000000000000e+03,4.021439999999999770e+01,1.552012075210424946e+00,3.258480713432143006e+01,3.258012662534145676e+01,3.572118208724214128e+01,1.092134937057544342e+01,1.148941108072167339e+01
1.613000000000000000e+03,4.021734999999999616e+01,1.551780083380467579e+00,3.258853255928057280e+01,3.258539260719189201e+01,3.572614645762056540e+01,1.092105245269479497e+01,1.149326760925422519e+01
1.614000000000000000e+03,4.022030000000000172e+01,1.551548202525475872e+00,3.259225712285918064e+01,3.259065908087667651e+01,3.573110536610779064e+01,1.092076489666345296e+01,1.149712262777008398e+01
1.615000000000000000e+03,4.022325000000000017e+01,1.551316432533115020e+00,3.259598082543788422e+01,3.259592604259243842e+01,3.573605888724656410e+01,1.092048668885025364e+01,1.150097620627861694e+01
1.616000000000000000e+03,4.022619999999999862e+01,1.551084773291321772e+00,3.259970366739706549e+01,3.260119348872467526e+01,3.574100709324627445e+01,1.092021781582406881e+01,1.150482841246613575e+01
1.617000000000000000e+03,4.022914999999999708e+01,1.550853224688296672e+00,3.260342564911690033e+01,3.260646141583949031e+01,3.574595005409486959e+01,1.091995826434567363e+01,1.150867931180798820e+01
1.618000000000000000e+03,4.023210000000000264e+01,1.550621786612500275e+00,3.260714677097726621e+01,3.261172982067519399e+01,3.575088783766502587e+01,1.091970802135911356e+01,1.151252896767348766e+01
1.619000000000000000e+03,4.023505000000000109e+01,1.550390458952648709e+00,3.261086703335785586e+01,3.261699870013353575e+01,3.575582050981343940e+01,1.091946707398293981e+01,1.151637744142415798e+01
1.620000000000000000e+03,4.023799999999999955e+01,1.550159241597681703e+00,3.261458643663802803e+01,3.262226805127062335e+01,3.576074922556573910e+01,1.091923540950130089e+01,1.152022482255067892e+01
1.621000000000000000e+03,4.024438333333333162e+01,1.549928134718615569e+00,3.261812792711307907e+01,3.262753787128770000e+01,3.576574281580621317e+01,1.091901301535464697e+01,1.152414329747577248e+01
1.622000000000000000e+03,4.025076666666666370e+01,1.549697132515505338e+00,3.262166863902996994e+01,3.263280815752181496e+01,3.577079171404091085e+01,1.091879987913054606e+01,1.152812047224549197e+01
1.623000000000000000e+03,4.025715000000000288e+01,1.549466237916455880e+00,3.262520857271581320e+01,3.263807890743621698e+01,3.577587425053373948e+01,1.091859598855393543e+01,1.153213460249944866e+01
1.624000000000000000e+03,4.026353333333333495e+01,1.549235451790398566e+00,3.262874772849747984e+01,3.264335011861089697e+01,3.578098271317356449e+01,1.091840133148088121e+01,1.153617826213094233e+01
1.625000000000000000e+03,4.026991666666666703e+01,1.549004774291208975e+00,3.263228610670167029e+01,3.264862178873829635e+01,3.578611236551991936e+01,1.091821589587950747e+01,1.154024704802396251e+01
1.626000000000000000e+03,4.027629999999999910e+01,1.548774205420185401e+00,3.263582370765489316e+01,3.265389391559908461e+01,3.579126050427163364e+01,1.091803966982328333e+01,1.154433801267074777e+01
1.627000000000000000e+03,4.028268333333333118e+01,1.548543745147766382e+00,3.263936053168345097e+01,3.265916649705881269e+01,3.579642489178808518e+01,1.091787264149080272e+01,1.154844911281920616e+01
1.628000000000000000e+03,4.028906666666666325e+01,1.548313393432090068e+00,3.264289657911338338e+01,3.266443953106664821e+01,3.580160389123467723e+01,1.091771479914747545e+01,1.155257873935074464e+01
1.629000000000000000e+03,4.029545000000000243e+01,1.548083150224681681e+00,3.264643185027057370e+01,3.266971301564085195e+01,3.580679625177449310e+01,1.091756613113501828e+01,1.155672556685142283e+01
1.630000000000000000e+03,4.030183333333333451e+01,1.547853015462698378e+00,3.264996634548072763e+01,3.267498694885559019e+01,3.581200091009717568e+01,1.091742662586435664e+01,1.156088851241851145e+01
1.631000000000000000e+03,4.030821666666666658e+01,1.547622989085321255e+00,3.265350006506927372e+01,3.268026132883444035e+01,3.581721695842740871e+01,1.091729627181391571e+01,1.156506669867138726e+01
1.632000000000000000e+03,4.031459999999999866e+01,1.547393071016126997e+00,3.265703300936147002e+01,3.268553615374097632e+01,3.582244362850624952e+01,1.091717505750298400e+01,1.156925934794648825e+01
1.633000000000000000e+03,4.032098333333333073e+01,1.547163261175350746e+00,3.266056517868241826e+01,3.269081142176890609e+01,3.582768026199130418e+01,1.091706297149863580e+01,1.157346580099300581e+01
1.634000000000000000e+03,4.032736666666666991e+01,1.546933559481481923e+00,3.266409657335696437e+01,3.269608713113299103e+01,3.583292628218246989e+01,1.091696000239965336e+01,1.157768547877317644e+01
1.635000000000000000e+03,4.033375000000000199e+01,1.546703965851027096e+00,3.266762719370971979e+01,3.270136328006014992e+01,3.583818117652298696e+01,1.091686613882650647e+01,1.158191786704737503e+01
1.636000000000000000e+03,4.034013333333333406e+01,1.546474480198306800e+00,3.267115704006516097e+01,3.270663986678177793e+01,3.584344449169302749e+01,1.091678136941347788e+01,1.158616250645176748e+01
1.637000000000000000e+03,4.034651666666666614e+01,1.546245102435662044e+00,3.267468611274752988e+01,3.271191688952448118e+01,3.584871581595353263e+01,1.091670568280114750e+01,1.159041898474426091e+01
1.638000000000000000e+03,4.035289999999999822e+01,1.546015832473813134e+00,3.267821441208084821e+01,3.271719434650232472e+01,3.585399478200697843e+01,1.091663906762845748e+01,1.159468692981119986e+01
1.639000000000000000e+03,4.035928333333333029e+01,1.545786670222171866e+00,3.268174193838898844e+01,3.272247223590809284e+01,3.585928105683144906e+01,1.091658151252453379e+01,1.159896600359423324e+01
1.640000000000000000e+03,4.036566666666666947e+01,1.545557615589059575e+00,3.268526869199556018e+01,3.272775055590600601e+01,3.586457433553243845e+01,1.091653300610094846e+01,1.160325589722380180e+01
1.641000000000000000e+03,4.037205000000000155e+01,1.545328668481863676e+00,3.268879467322398114e+01,3.273302930462445914e+01,3.586987433792100433e+01,1.091649353694431568e+01,1.160755632723217268e+01
1.642000000000000000e+03,4.037843333333333362e+01,1.545099828807165121e+00,3.269231988239750564e+01,3.273830848014927852e+01,3.587518080622869121e+01,1.091646309360926104e+01,1.161186703249645014e+01
1.643000000000000000e+03,4.038481666666666570e+01,1.544871096470848526e+00,3.269584431983916062e+01,3.274358808051684377e+01,3.588049350273973204e+01,1.091644166461178500e+01,1.161618777163265293e+01
1.644000000000000000e+03,4.039119999999999777e+01,1.544642471378198101e+00,3.269936798587175275e+01,3.274886810370748691e+01,3.588581220735899535e+01,1.091642923842270108e+01,1.162051832073440671e+01
1.645000000000000000e+03,4.039758333333333695e+01,1.544413953433980691e+00,3.270289088081794660e+01,3.275414854763936034e+01,3.589113671552119911e+01,1.091642580346135816e+01,1.162485847144075457e+01
1.646000000000000000e+03,4.040396666666666903e+01,1.544185542542516165e+00,3.270641300500009407e+01,3.275942941016264598e+01,3.589646683655330861e+01,1.091643134808986026e+01,1.162920802930538144e+01
1.647000000000000000e+03,4.041035000000000110e+01,1.543957238607736926e+00,3.270993435874045474e+01,3.276471068905388506e+01,3.590180239233565374e+01,1.091644586060746214e+01,1.163356681240543367e+01
1.648000000000000000e+03,4.041673333333333318e+01,1.543729041533241420e+00,3.271345494236106788e+01,3.276999238201086229e+01,3.590714321611126536e+01,1.091646932924531122e+01,1.163793465013032069e+01
1.649000000000000000e+03,4.042311666666666525e+01,1.543500951222339435e+00,3.271697475618368856e+01,3.277527448664748988e+01,3.591248915140597120e+01,1.091650174216153779e+01,1.164231138211739314e+01
1.650000000000000000e+03,4.042950000000000443e+01,1.543272967578091182e+00,3.272049380052999368e+01,3.278055700048936671e+01,3.591784005107629696e+01,1.091654308743652102e+01,1.164669685731778159e+01
1.651000000000000000e+03,4.043588333333333651e+01,1.543045090503343708e+00,3.272401207572134751e+01,3.278583992096930899e+01,3.592319577648586915e+01,1.091659335306855461e+01,1.165109093317697386e+01
1.652000000000000000e+03,4.044226666666666858e+01,1.542817319900762429e+00,3.272752958207897933e+01,3.279112324542342094e+01,3.592855619678564949e+01,1.091665252696996014e+01,1.165549347491223031e+01
1.653000000000000000e+03,4.044865000000000066e+01,1.542589655672857551e+00,3.273104631992393365e+01,3.279640697108738578e+01,3.593392118827255644e+01,1.091672059696331942e+01,1.165990435487061561e+01
1.654000000000000000e+03,4.045503333333333273e+01,1.542362097722008496e+00,3.273456228957694236e+01,3.280169109509317593e+01,3.593929063381392552e+01,1.091679755077803726e+01,1.166432345195581988e+01
1.655000000000000000e+03,4.046141666666666481e+01,1.542134645950487881e+00,3.273807749135873024e+01,3.280697561446593369e+01,3.594466442233178327e+01,1.091688337604746373e+01,1.166875065112721188e+01
1.656000000000000000e+03,4.046780000000000399e+01,1.541907300260479508e+00,3.274159192558958864e+01,3.281226052612130673e+01,3.595004244834218810e+01,1.091697806030590634e+01,1.167318584289684757e+01
1.657000000000000000e+03,4.047418333333333607e+01,1.541680060554095455e+00,3.274510559258980180e+01,3.281754582686318145e+01,3.595542461154096969e+01,1.091708159098675246e+01,1.167762892300731892e+01
1.658000000000000000e+03,4.048056666666666814e+01,1.541452926733394735e+00,3.274861849267937686e+01,3.282283151338160820e+01,3.596081081643004040e+01,1.091719395541989179e+01,1.168207979194193413e+01
1.659000000000000000e+03,4.048695000000000022e+01,1.541225898700395058e+00,3.275213062617808646e+01,3.282811758225128784e+01,3.596620097197886423e+01,1.091731514083040011e+01,1.168653835464486157e+01
1.660000000000000000e+03,4.049333333333333229e+01,1.540998976357086381e+00,3.275564199340556826e+01,3.283340402993023588e+01,3.597159499131687710e+01,1.091744513433725494e+01,1.169100452022882664e+01
1.661000000000000000e+03,4.049971666666667147e+01,1.540772159605444669e+00,3.275915259468121832e+01,3.283869085275888722e+01,3.597699279145424356e+01,1.091758392295256819e+01,1.169547820169388963e+01
1.662000000000000000e+03,4.050610000000000355e+01,1.540545448347440338e+00,3.276266243032429060e+01,3.284397804695981193e+01,3.598239429302715564e+01,1.091773149358098038e+01,1.169995931566045222e+01
1.663000000000000000e+03,4.051248333333333562e+01,1.540318842485049133e+00,3.276617150065373352e+01,3.284926560863745948e+01,3.598779942006513721e+01,1.091788783301951504e+01,1.170444778213233050e+01
1.664000000000000000e+03,4.051886666666666770e+01,1.540092341920260344e+00,3.276967980598840313e+01,3.285455353377862053e+01,3.599320809977793800e+01,1.091805292795792859e+01,1.170894352428864060e+01
1.665000000000000000e+03,4.052524999999999977e+01,1.539865946555087239e+00,3.277318734664692812e+01,3.285984181825310202e+01,3.599862026236012014e+01,1.091822676497953815e+01,1.171344646829286873e+01
1.666000000000000000e+03,4.053163333333333185e+01,1.539639656291571734e+00,3.277669412294768847e+01,3.286513045781483555e+01,3.600403584081135477e+01,1.091840933056223051e+01,1.171795654311319979e+01
1.667000000000000000e+03,4.053801666666667103e+01,1.539413471031792602e+00,3.278020013520894338e+01,3.287041944810365379e+01,3.600945477077094381e+01,1.091860061108012481e+01,1.172247368035497495e+01
1.668000000000000000e+03,4.054440000000000310e+01,1.539187390677872580e+00,3.278370538374865362e+01,3.287570878464702417e+01,3.601487699036517398e+01,1.091880059280541992e+01,1.172699781410778996e+01
1.669000000000000000e+03,4.055078333333333518e+01,1.538961415131981703e+00,3.278720986888472311e+01,3.288099846286257133e+01,3.602030244006633808e+01,1.091900926191078369e+01,1.173152888080578471e+01
1.670000000000000000e+03,4.055716666666666725e+01,1.538735544296346625e+00,3.279071359093469340e+01,3.288628847806077005e+01,3.602573106256202351e+01,1.091922660447215598e+01,1.173606681909821248e+01
1.671000000000000000e+03,4.056354999999999933e+01,1.538509778073252399e+00,3.279421655021604920e+01,3.289157882544812850e+01,3.603116280263442661e+01,1.091945260647186799e+01,1.174061156972853048e+01
1.672000000000000000e+03,4.056993333333333851e+01,1.538284116365047582e+00,3.279771874704600521e+01,3.289686950013077649e+01,3.603659760704782400e+01,1.091968725380208660e+01,1.174516307542191562e+01
1.673000000000000000e+03,4.057631666666667059e+01,1.538058559074149123e+00,3.280122018174155585e+01,3.290216049711825974e+01,3.604203542444422936e+01,1.091993053226870636e+01,1.174972128078091416e+01
1.674000000000000000e+03,4.058270000000000266e+01,1.537833106103047243e+00,3.280472085461960319e+01,3.290745181132782449e+01,3.604747620524622675e+01,1.092018242759560742e+01,1.175428613218887364e+01
1.675000000000000000e+03,4.058908333333333474e+01,1.537607757354307214e+00,3.280822076599675086e+01,3.291274343758893650e+01,3.605291990156638349e+01,1.092044292542918882e+01,1.175885757771957074e+01
1.676000000000000000e+03,4.059546666666666681e+01,1.537382512730572692e+00,3.281171991618942485e+01,3.291803537064812701e+01,3.605836646712266713e+01,1.092071201134305625e+01,1.176343556705290005e+01
1.677000000000000000e+03,4.060184999999999889e+01,1.537157372134571043e+00,3.281521830551385932e+01,3.292332760517402335e+01,3.606381585715962501e+01,1.092098967084318595e+01,1.176802005139594520e+01
1.678000000000000000e+03,4.060823333333333807e+01,1.536932335469114452e+00,3.281871593428617473e+01,3.292862013576289826e+01,3.606926802837426038e+01,1.092127588937342253e+01,1.177261098340927603e+01
1.679000000000000000e+03,4.061461666666667014e+01,1.536707402637103259e+00,3.282221280282211495e+01,3.293391295694402743e+01,3.607472293884708137e+01,1.092157065232085955e+01,1.177720831713801886e+01
1.680000000000000000e+03,4.062100000000000222e+01,1.536482573541518404e+00,3.282570891143742386e+01,3.293920606318543065e+01,3.608018231740373949e+01,1.092187394502166242e+01,1.178181269691273236e+01
1.681000000000000000e+03,4.063008333333333866e+01,1.536257855202011191e+00,3.282946638101049075e+01,3.294449944890015303e+01,3.608569711602904562e+01,1.092218575276711512e+01,1.178647949323979205e+01
1.682000000000000000e+03,4.063916666666666799e+01,1.536033242651088981e+00,3.283322297315642402e+01,3.294979310845271669e+01,3.609126411290456105e+01,1.092250606080965625e+01,1.179119984066744387e+01
1.683000000000000000e+03,4.064825000000000443e+01,1.535808735465093333e+00,3.283697868826661903e+01,3.295508703616435753e+01,3.609686299709354529e+01,1.092283485436861135e+01,1.179595655836552659e+01
1.684000000000000000e+03,4.065733333333333377e+01,1.535584333518664080e+00,3.284073352673216561e+01,3.296038122632111111e+01,3.610248834908152560e+01,1.092317211863843518e+01,1.180074338737731665e+01
1.685000000000000000e+03,4.066641666666667021e+01,1.535360036583172327e+00,3.284448748894391201e+01,3.296567567317628544e+01,3.610813692770421568e+01,1.092351783879218630e+01,1.180555699286217752e+01
1.686000000000000000e+03,4.067549999999999955e+01,1.535135844383351822e+00,3.284824057529249330e+01,3.297097037096392569e+01,3.611380616576829539e+01,1.092387199999142844e+01,1.181039492934844048e+01
1.687000000000000000e+03,4.068458333333333599e+01,1.534911756670368943e+00,3.285199278616824614e+01,3.297626531390007898e+01,3.611949425941353553e+01,1.092423458739073006e+01,1.181525540479086445e+01
1.688000000000000000e+03,4.069366666666666532e+01,1.534687773231785624e+00,3.285574412196123006e+01,3.298156049618899743e+01,3.612519989466632353e+01,1.092460558614317456e+01,1.182013708130348562e+01
1.689000000000000000e+03,4.070275000000000176e+01,1.534463893891798492e+00,3.285949458306124882e+01,3.298685591203061307e+01,3.613092200464403447e+01,1.092498498140757590e+01,1.182503888444257889e+01
1.690000000000000000e+03,4.071183333333333110e+01,1.534240118465432623e+00,3.286324416985786456e+01,3.299215155562755086e+01,3.613665967984106686e+01,1.092537275835535127e+01,1.182995990420442745e+01
1.691000000000000000e+03,4.072091666666666754e+01,1.534016446813476930e+00,3.286699288274037656e+01,3.299744742119151653e+01,3.614241214092453447e+01,1.092576890217699059e+01,1.183489935680892380e+01
1.692000000000000000e+03,4.073000000000000398e+01,1.533792878777113566e+00,3.287074072209779274e+01,3.300274350294930770e+01,3.614817871668734739e+01,1.092617339808710852e+01,1.183985656129237718e+01
1.693000000000000000e+03,4.073908333333333331e+01,1.533569414208945991e+00,3.287448768831895052e+01,3.300803979514802222e+01,3.615395882158067309e+01,1.092658623133408291e+01,1.184483093610740312e+01
1.694000000000000000e+03,4.074816666666666976e+01,1.533346052971984230e+00,3.287823378179230360e+01,3.301333629206265385e+01,3.615975193921678965e+01,1.092700738719945086e+01,1.184982195281008543e+01
1.695000000000000000e+03,4.075724999999999909e+01,1.533122794935450672e+00,3.288197900290617781e+01,3.301863298800276425e+01,3.616555761031979443e+01,1.092743685101193307e+01,1.185482914759335671e+01
1.696000000000000000e+03,4.076633333333333553e+01,1.532899639972105543e+00,3.288572335204850816e+01,3.302392987731728624e+01,3.617137541877117712e+01,1.092787460814964540e+01,1.185985210009783941e+01
1.697000000000000000e+03,4.077541666666666487e+01,1.532676587957417347e+00,3.288946682960708756e+01,3.302922695439985290e+01,3.617720498490954384e+01,1.092832064404502468e+01,1.186489042623230539e+01
1.698000000000000000e+03,4.078450000000000131e+01,1.532453638769424087e+00,3.289320943596936075e+01,3.303452421369438952e+01,3.618304596171235232e+01,1.092877494419047046e+01,1.186994377420664826e+01
1.699000000000000000e+03,4.079358333333333064e+01,1.532230792288578503e+00,3.289695117152258064e+01,3.303982164970060609e+01,3.618889803089732027e+01,1.092923749414419277e+01,1.187501182089063079e+01
1.700000000000000000e+03,4.080266666666666708e+01,1.532008048397471844e+00,3.290069203665371589e+01,3.304511925697936903e+01,3.619476089880797787e+01,1.092970827953544166e+01,1.188009426791818157e+01
1.701000000000000000e+03,4.081175000000000352e+01,1.531785406980547215e+00,3.290443203174947229e+01,3.305041703015756127e+01,3.620063429297096746e+01,1.093018728606944379e+01,1.188519083823706701e+01
1.702000000000000000e+03,4.082083333333333286e+01,1.531562867923868643e+00,3.290817115719629271e+01,3.305571496393286424e+01,3.620651795956076313e+01,1.093067449953203152e+01,1.189030127347948351e+01
1.703000000000000000e+03,4.082991666666666930e+01,1.531340431114948331e+00,3.291190941338039266e+01,3.306101305307823424e+01,3.621241166141527401e+01,1.093116990579419401e+01,1.189542533193996121e+01
1.704000000000000000e+03,4.083899999999999864e+01,1.531118096442604326e+00,3.291564680068768922e+01,3.306631129244644995e+01,3.621831517628739050e+01,1.093167349081658024e+01,1.190056278684870428e+01
1.705000000000000000e+03,4.084808333333333508e+01,1.530895863796838618e+00,3.291938331950388630e+01,3.307160967697424070e+01,3.622422829527420873e+01,1.093218524065362729e+01,1.190571342482262374e+01
1.706000000000000000e+03,4.085716666666666441e+01,1.530673733068732112e+00,3.292311897021442491e+01,3.307690820168622992e+01,3.623015082146390142e+01,1.093270514145747008e+01,1.191087704450905704e+01
1.707000000000000000e+03,4.086625000000000085e+01,1.530451704150351144e+00,3.292685375320449026e+01,3.308220686169873659e+01,3.623608256879430911e+01,1.093323317948173035e+01,1.191605345543142036e+01
1.708000000000000000e+03,4.087533333333333019e+01,1.530229776934666219e+00,3.293058766885894784e+01,3.308750565222323559e+01,3.624202336107234146e+01,1.093376934108507648e+01,1.192124247700300721e+01
1.709000000000000000e+03,4.088441666666666663e+01,1.530007951315481396e+00,3.293432071756245705e+01,3.309280456856988195e+01,3.624797303111034097e+01,1.093431361273453106e+01,1.192644393766525290e+01
1.710000000000000000e+03,4.089350000000000307e+01,1.529786227187375447e+00,3.293805289969949968e+01,3.309810360615050229e+01,3.625393141996072899e+01,1.093486598100863993e+01,1.193165767412339839e+01
1.711000000000000000e+03,4.090258333333333240e+01,1.529564604445644571e+00,3.294178421565414538e+01,3.310340276048163588e+01,3.625989837623952639e+01,1.093542643260033564e+01,1.193688353066794328e+01
1.712000000000000000e+03,4.091166666666666885e+01,1.529343082986254654e+00,3.294551466581036436e+01,3.310870202718725608e+01,3.626587375552823289e+01,1.093599495431976543e+01,1.194212135857417856e+01
1.713000000000000000e+03,4.092074999999999818e+01,1.529121662705799300e+00,3.294924425055171469e+01,3.311400140200138509e+01,3.627185741984190770e+01,1.093657153309682784e+01,1.194737101556914993e+01
1.714000000000000000e+03,4.092983333333333462e+01,1.528900343501461201e+00,3.295297297026166916e+01,3.311930088077055245e+01,3.627784923715345400e+01,1.093715615598361701e+01,1.195263236535517670e+01
1.715000000000000000e+03,4.093891666666666396e+01,1.528679125270977934e+00,3.295670082532328138e+01,3.312460045945590537e+01,3.628384908096593620e+01,1.093774881015662359e+01,1.195790527718140517e+01
1.716000000000000000e+03,4.094800000000000040e+01,1.528458007912610439e+00,3.296042781611949124e+01,3.312990013413546819e+01,3.628985682992746575e+01,1.093834948291882903e+01,1.196318962545779740e+01
1.717000000000000000e+03,4.095708333333332973e+01,1.528236991325115479e+00,3.296415394303290469e+01,3.313519990100604673e+01,3.629587236748342605e+01,1.093895816170163471e+01,1.196848528941663048e+01
1.718000000000000000e+03,4.096616666666666617e+01,1.528016075407720553e+00,3.296787920644586478e+01,3.314049975638524614e+01,3.630189558156127561e+01,1.093957483406683195e+01,1.197379215276054509e+01
1.719000000000000000e+03,4.097524999999999551e+01,1.527795260060101024e+00,3.297160360674054402e+01,3.314579969671301996e+01,3.630792636428436282e+01,1.094019948770815631e+01,1.197911010344521543e+01
1.720000000000000000e+03,4.098433333333333195e+01,1.527574545182359689e+00,3.297532714429879519e+01,3.315109971855354587e+01,3.631396461171097201e+01,1.094083211045341208e+01,1.198443903332902849e+01
1.721000000000000000e+03,4.099341666666666839e+01,1.527353930675006355e+00,3.297904981950220105e+01,3.315639981859679608e+01,3.632001022359607845e+01,1.094147269026576375e+01,1.198977883798523436e+01
1.722000000000000000e+03,4.100249999999999773e+01,1.527133416438942515e+00,3.298277163273211698e+01,3.316169999366022836e+01,3.632606310317309806e+01,1.094212121524530268e+01,1.199512941648850095e+01
1.723000000000000000e+03,4.101158333333333417e+01,1.526913002375443362e+00,3.298649258436970655e+01,3.316700024069036346e+01,3.633212315695366357e+01,1.094277767363067788e+01,1.200049067120927937e+01
1.724000000000000000e+03,4.102066666666666350e+01,1.526692688386145136e+00,3.299021267479578512e+01,3.317230055676424882e+01,3.633819029454341631e+01,1.094344205380076396e+01,1.200586250762074592e+01
1.725000000000000000e+03,4.102974999999999994e+01,1.526472474373030241e+00,3.299393190439096202e+01,3.317760093909116392e+01,3.634426442847232153e+01,1.094411434427614616e+01,1.201124483412711363e+01
1.726000000000000000e+03,4.103883333333332928e+01,1.526252360238415706e+00,3.299765027353556945e+01,3.318290138501422604e+01,3.635034547403798655e+01,1.094479453372074218e+01,1.201663756191010712e+01
1.727000000000000000e+03,4.104791666666666572e+01,1.526032345884940966e+00,3.300137733856082178e+01,3.318820189201196769e+01,3.635643334916058222e+01,1.094548261094342934e+01,1.202204060478588232e+01
1.728000000000000000e+03,4.105699999999999505e+01,1.525812431215557874e+00,3.300511995414641575e+01,3.319350245770012720e+01,3.636252797424852901e+01,1.094617856489974805e+01,1.202745387906941765e+01
1.729000000000000000e+03,4.106608333333333150e+01,1.525592616133521373e+00,3.300886170441749812e+01,3.319880307983329004e+01,3.636862927207367591e+01,1.094688238469362140e+01,1.203287730344782247e+01
1.730000000000000000e+03,4.107516666666666083e+01,1.525372900542378618e+00,3.301260258975602824e+01,3.320410375630679312e+01,3.637473716765538967e+01,1.094759405957915810e+01,1.203831079886394129e+01
1.731000000000000000e+03,4.108424999999999727e+01,1.525153284345961424e+00,3.301634261054378783e+01,3.320940448515842291e+01,3.638085158815241726e+01,1.094831357896243240e+01,1.204375428840890727e+01
1.732000000000000000e+03,4.109333333333333371e+01,1.524933767448379163e+00,3.302008176716224597e+01,3.321470526457054007e+01,3.638697246276264252e+01,1.094904093240348253e+01,1.204920769722141749e+01
1.733000000000000000e+03,4.110241666666666305e+01,1.524714349754010767e+00,3.302382005999264436e+01,3.322000609287182726e+01,3.639309972263136927e+01,1.094977610961831438e+01,1.205467095239308328e+01
1.734000000000000000e+03,4.111149999999999949e+01,1.524495031167497183e+00,3.302755748941595471e+01,3.322530696853952037e+01,3.639923330075811236e+01,1.095051910048087684e+01,1.206014398287996947e+01
1.735000000000000000e+03,4.112058333333332882e+01,1.524275811593735153e+00,3.303129405581296396e+01,3.323060789020157557e+01,3.640537313191076407e+01,1.095126989502504777e+01,1.206562671941992448e+01
1.736000000000000000e+03,4.112966666666666526e+01,1.524056690937872105e+00,3.303502975956416066e+01,3.323590885663865180e+01,3.641151915255521487e+01,1.095202848344698765e+01,1.207111909445515252e+01
1.737000000000000000e+03,4.113874999999999460e+01,1.523837669105299275e+00,3.303876460104972779e+01,3.324120986678627077e+01,3.641767130078467574e+01,1.095279485610724635e+01,1.207662104205945930e+01
1.738000000000000000e+03,4.114783333333333104e+01,1.523618746001646596e+00,3.304249858064967782e+01,3.324651091973707651e+01,3.642382951624932019e+01,1.095356900353288232e+01,1.208213249786981081e+01
1.739000000000000000e+03,4.115691666666666038e+01,1.523399921532778700e+00,3.304623169874373900e+01,3.325181201474308779e+01,3.642999374008971358e+01,1.095435091641983405e+01,1.208765339902190661e+01
1.740000000000000000e+03,4.116599999999999682e+01,1.523181195604764948e+00,3.304996395571144063e+01,3.325711315121798606e+01,3.643616263146172685e+01,1.095514058563518134e+01,1.209318234068170383e+01
1.741000000000000000e+03,4.117178333333333029e+01,1.522962573720392676e+00,3.305386888430240333e+01,3.326241432873934656e+01,3.644227115198000888e+01,1.095593800221926095e+01,1.209865387827104577e+01
1.742000000000000000e+03,4.117756666666666376e+01,1.522744051035184398e+00,3.305777287064901060e+01,3.326771554705094047e+01,3.644832644247802733e+01,1.095674315738812155e+01,1.210407596727152146e+01
1.743000000000000000e+03,4.118334999999999724e+01,1.522525627709835128e+00,3.306167591518526905e+01,3.327301680606756662e+01,3.645435086362647326e+01,1.095755604253771054e+01,1.210947082695519050e+01
1.744000000000000000e+03,4.118913333333333071e+01,1.522307303792753919e+00,3.306557801834496502e+01,3.327831810587436934e+01,3.646035176534275024e+01,1.095837664924093957e+01,1.211484568707189347e+01
1.745000000000000000e+03,4.119491666666666418e+01,1.522089079132340483e+00,3.306947918056152247e+01,3.328361944671840433e+01,3.646633334245583313e+01,1.095920496926739496e+01,1.212020456773938903e+01
1.746000000000000000e+03,4.120069999999999766e+01,1.521870953515187086e+00,3.307337940226814510e+01,3.328892082904783933e+01,3.647229826935012653e+01,1.096004099454789937e+01,1.212555037585670625e+01
1.747000000000000000e+03,4.120648333333333113e+01,1.521652926743350953e+00,3.307727868389770265e+01,3.329422225345870601e+01,3.647824867344889554e+01,1.096088471720226920e+01,1.213088515476771789e+01
1.748000000000000000e+03,4.121226666666666461e+01,1.521434998645261771e+00,3.308117702588269538e+01,3.329952372073166345e+01,3.648418613213915762e+01,1.096173612954626364e+01,1.213621041693211211e+01
1.749000000000000000e+03,4.121804999999999808e+01,1.521217169076829245e+00,3.308507442865545300e+01,3.330482523183352583e+01,3.649011188068641331e+01,1.096259522408792542e+01,1.214152738336488291e+01
1.750000000000000000e+03,4.122383333333333155e+01,1.520999437884533512e+00,3.308897089264794289e+01,3.331012678791497450e+01,3.649602693584613178e+01,1.096346199352394990e+01,1.214683708173923549e+01
1.751000000000000000e+03,4.122961666666666503e+01,1.520781804950864347e+00,3.309286641829181264e+01,3.331542839031020264e+01,3.650193215939394520e+01,1.096433643074172970e+01,1.215214037820919302e+01
1.752000000000000000e+03,4.123539999999999850e+01,1.520564270140621899e+00,3.309676100601840432e+01,3.332073004053818721e+01,3.650782829081148151e+01,1.096521852883377690e+01,1.215743799894689126e+01
1.753000000000000000e+03,4.124118333333333197e+01,1.520346833326985614e+00,3.310065465625888947e+01,3.332603174030563764e+01,3.651371596822212240e+01,1.096610828106978630e+01,1.216273057964863646e+01
1.754000000000000000e+03,4.124696666666666545e+01,1.520129494390987546e+00,3.310454736944396359e+01,3.333133349149833435e+01,3.651959575099346011e+01,1.096700568093335626e+01,1.216801866777459651e+01
1.755000000000000000e+03,4.125274999999999892e+01,1.519912253218220988e+00,3.310843914600415161e+01,3.333663529620059052e+01,3.652546812897011108e+01,1.096791072211139628e+01,1.217330274633872200e+01
1.756000000000000000e+03,4.125853333333333239e+01,1.519695109696728830e+00,3.311232998636963032e+01,3.334193715669383096e+01,3.653133353686827434e+01,1.096882339848785648e+01,1.217858324730029373e+01
1.757000000000000000e+03,4.126431666666666587e+01,1.519478063716390714e+00,3.311621989097031360e+01,3.334723907544923094e+01,3.653719236609824605e+01,1.096974370414426758e+01,1.218386055897379450e+01
1.758000000000000000e+03,4.127009999999999934e+01,1.519261115168871301e+00,3.312010886023578848e+01,3.335254105512652245e+01,3.654304497136143226e+01,1.097067163336343576e+01,1.218913503119262209e+01
1.759000000000000000e+03,4.127588333333333281e+01,1.519044263947547435e+00,3.312399689459535779e+01,3.335784309857700691e+01,3.654889167460898136e+01,1.097160718063163110e+01,1.219440698044799909e+01
1.760000000000000000e+03,4.128166666666666629e+01,1.518827509947328291e+00,3.312788399447800458e+01,3.336314520884632628e+01,3.655473276888260870e+01,1.097255034063880430e+01,1.219967669479669681e+01
1.761000000000000000e+03,4.128744999999999976e+01,1.518610853064454647e+00,3.313177016031249877e+01,3.336844738917469755e+01,3.656056852228227427e+01,1.097350110827816927e+01,1.220494443783761263e+01
1.762000000000000000e+03,4.129323333333333323e+01,1.518394293196340783e+00,3.313565539252724790e+01,3.337374964299629454e+01,3.656639918136673373e+01,1.097445947864617821e+01,1.221021045171815445e+01
1.763000000000000000e+03,4.129901666666666671e+01,1.518177830241455251e+00,3.313953969155031842e+01,3.337905197393908452e+01,3.657222497374231551e+01,1.097542544704279166e+01,1.221547495955416096e+01
1.764000000000000000e+03,4.130480000000000018e+01,1.517961464099223390e+00,3.314342305780961340e+01,3.338435438582469317e+01,3.657804611010706708e+01,1.097639900897131859e+01,1.222073816754461184e+01
1.765000000000000000e+03,4.131058333333333366e+01,1.517745194669946729e+00,3.314730549173262375e+01,3.338965688266827669e+01,3.658386278603165920e+01,1.097738016013822815e+01,1.222600026683819863e+01
1.766000000000000000e+03,4.131636666666666713e+01,1.517529021854729043e+00,3.315118699374662725e+01,3.339495946867814524e+01,3.658967518355616022e+01,1.097836889645258829e+01,1.223126143513404784e+01
1.767000000000000000e+03,4.132215000000000060e+01,1.517312945555413739e+00,3.315506756427857482e+01,3.340026214825508077e+01,3.659548347258002821e+01,1.097936521402539611e+01,1.223652183803618598e+01
1.768000000000000000e+03,4.132793333333333408e+01,1.517096965674526565e+00,3.315894720375513316e+01,3.340556492599146310e+01,3.660128781204632986e+01,1.098036910916885311e+01,1.224178163021685606e+01
1.769000000000000000e+03,4.133371666666666755e+01,1.516881082115228985e+00,3.316282591260261370e+01,3.341086780667051670e+01,3.660708835096043146e+01,1.098138057839543968e+01,1.224704095643633650e+01
1.770000000000000000e+03,4.133950000000000102e+01,1.516665294781274653e+00,3.316670369124715734e+01,3.341617079526503886e+01,3.661288522928506950e+01,1.098239961841684220e+01,1.225229995244388981e+01
1.771000000000000000e+03,4.134528333333332739e+01,1.516449603576971450e+00,3.317058054011449997e+01,3.342147389693640491e+01,3.661867857873507859e+01,1.098342622614275044e+01,1.225755874577198412e+01
1.772000000000000000e+03,4.135106666666666086e+01,1.516234008407148615e+00,3.317445645963019274e+01,3.342677711703311871e+01,3.662446852348222848e+01,1.098446039867947199e+01,1.226281745643638921e+01
1.773000000000000000e+03,4.135684999999999434e+01,1.516018509177126328e+00,3.317833145021936048e+01,3.343208046108919262e+01,3.663025518077927956e+01,1.098550213332838155e+01,1.226807619755628842e+01
1.774000000000000000e+03,4.136263333333332781e+01,1.515803105792688843e+00,3.318220551230697879e+01,3.343738393482254168e+01,3.663603866151459698e+01,1.098655142758420844e+01,1.227333507590755346e+01
1.775000000000000000e+03,4.136841666666666129e+01,1.515587798160060728e+00,3.318607864631761828e+01,3.344268754413308642e+01,3.664181907070825872e+01,1.098760827913322125e+01,1.227859419241828576e+01
1.776000000000000000e+03,4.137419999999999476e+01,1.515372586185885107e+00,3.318995085267566481e+01,3.344799129510071367e+01,3.664759650795798507e+01,1.098867268585115475e+01,1.228385364260927659e+01
1.777000000000000000e+03,4.137998333333332823e+01,1.515157469777202337e+00,3.319382213180507790e+01,3.345329519398310225e+01,3.665337106784074450e+01,1.098974464580086696e+01,1.228911351701141363e+01
1.778000000000000000e+03,4.138576666666666171e+01,1.514942448841434697e+00,3.319769248412967499e+01,3.345859924721323608e+01,3.665914284027520864e+01,1.099082415723023409e+01,1.229437390147998954e+01
1.779000000000000000e+03,4.139154999999999518e+01,1.514727523286368838e+00,3.320156191007288271e+01,3.346390346139673966e+01,3.666491191084958956e+01,1.099191121856912545e+01,1.229963487758906382e+01
1.780000000000000000e+03,4.139733333333332865e+01,1.514512693020139578e+00,3.320543041005787188e+01,3.346920784330908560e+01,3.667067836111917245e+01,1.099300582842660923e+01,1.230489652290453151e+01
1.781000000000000000e+03,4.140311666666666213e+01,1.514297957951218798e+00,3.320929798450753623e+01,3.347451239989248251e+01,3.667644226887717451e+01,1.099410798558796110e+01,1.231015891123561623e+01
1.782000000000000000e+03,4.140889999999999560e+01,1.514083317988401012e+00,3.321316463384444262e+01,3.347981713825257089e+01,3.668220370840180777e+01,1.099521768901136909e+01,1.231542211287770705e+01
1.783000000000000000e+03,4.141468333333332907e+01,1.513868773040792481e+00,3.321703035849090924e+01,3.348512206565484917e+01,3.668796275068199719e+01,1.099633493782440219e+01,1.232068619484806860e+01
1.784000000000000000e+03,4.142046666666666255e+01,1.513654323017800118e+00,3.322089515886892741e+01,3.349042718952082964e+01,3.669371946362414150e+01,1.099745973132001531e+01,1.232595122109907315e+01
1.785000000000000000e+03,4.142624999999999602e+01,1.513439967829123267e+00,3.322475903540025399e+01,3.349573251742398128e+01,3.669947391224175703e+01,1.099859206895247432e+01,1.233121725270516400e+01
1.786000000000000000e+03,4.143203333333332949e+01,1.513225707384742602e+00,3.322862198850630477e+01,3.350103805708531723e+01,3.670522615882999418e+01,1.099973195033307150e+01,1.233648434803244953e+01
1.787000000000000000e+03,4.143781666666666297e+01,1.513011541594912135e+00,3.323248401860823265e+01,3.350634381636872661e+01,3.671097626312629814e+01,1.100087937522548387e+01,1.234175256289826450e+01
1.788000000000000000e+03,4.144359999999999644e+01,1.512797470370152997e+00,3.323634512612692049e+01,3.351164980327619958e+01,3.671672428245877740e+01,1.100203434354080301e+01,1.234702195072114783e+01
1.789000000000000000e+03,4.144938333333332992e+01,1.512583493621244113e+00,3.324020531148291013e+01,3.351695602594248413e+01,3.672247027188327451e+01,1.100319685533230363e+01,1.235229256265859554e+01
1.790000000000000000e+03,4.145516666666666339e+01,1.512369611259215985e+00,3.324406457509653734e+01,3.352226249262975699e+01,3.672821428431008428e+01,1.100436691079007012e+01,1.235756444773308793e+01
1.791000000000000000e+03,4.146094999999999686e+01,1.512155823195344473e+00,3.324792291738775418e+01,3.352756921172196769e+01,3.673395637062171915e+01,1.100554451023532465e+01,1.236283765294852799e+01
1.792000000000000000e+03,4.146673333333333034e+01,1.511942129341145469e+00,3.325178033877629247e+01,3.353287619171879186e+01,3.673969657978210535e+01,1.100672965411439286e+01,1.236811222339909122e+01
1.793000000000000000e+03,4.147251666666666381e+01,1.511728529608368676e+00,3.325563683968157846e+01,3.353818344122942108e+01,3.674543495893820477e+01,1.100792234299253458e+01,1.237338820237092207e+01
1.794000000000000000e+03,4.147829999999999728e+01,1.511515023908992283e+00,3.325949242052276844e+01,3.354349096896627458e+01,3.675117155351441056e+01,1.100912257754760581e+01,1.237866563143660059e+01
1.795000000000000000e+03,4.148408333333333076e+01,1.511301612155217411e+00,3.326334708171869892e+01,3.354879878373829882e+01,3.675690640730081071e+01,1.101033035856326769e+01,1.238394455054296550e+01
1.796000000000000000e+03,4.148986666666666423e+01,1.511088294259464782e+00,3.326720082368795062e+01,3.355410689444427419e+01,3.676263956253550447e+01,1.101154568692225411e+01,1.238922499809297051e+01
1.797000000000000000e+03,4.149564999999999770e+01,1.510875070134370057e+00,3.327105364684883426e+01,3.355941531006562428e+01,3.676837105998136224e+01,1.101276856359947054e+01,1.239450701102244246e+01
1.798000000000000000e+03,4.150143333333333118e+01,1.510661939692779177e+00,3.327490555161934793e+01,3.356472403965950946e+01,3.677410093899818122e+01,1.101399898965475366e+01,1.239979062487181949e+01
1.799000000000000000e+03,4.150721666666666465e+01,1.510448902847744357e+00,3.327875653841717707e+01,3.357003309235183508e+01,3.677982923760651346e+01,1.101523696622558290e+01,1.240507587385338439e+01
1.800000000000000000e+03,4.151299999999999812e+01,1.510235959512499671e+00,3.328260660765977264e+01,3.357534247732917265e+01,3.678555599255752639e+01,1.101648249451972816e+01,1.241036279195808412e+01
