time_s,center_C_kg_per_kg
0.0,2.55
60.0,2.55
120.0,2.55
180.0,2.55
240.0,2.55
300.0,2.55
360.0,2.55
420.0,2.55
480.0,2.55
540.0,2.55
600.0,2.55
660.0,2.55
720.0,2.55
780.0,2.55
840.0,2.55
900.0,2.55
960.0,2.55
1020.0,2.55
1080.0,2.55
1140.0,2.55
1200.0,2.55
1260.0,2.55
1320.0,2.55
1380.0,2.55
1440.0,2.55
1500.0,2.55
1560.0,2.55
1620.0,2.55
1680.0,2.55
1740.0,2.55
1800.0,2.55
1860.0,2.55
1920.0,2.55
1980.0,2.55
2040.0,2.55
2100.0,2.55
2160.0,2.5500000000000003
2220.0,2.55
2280.0,2.5500000000000003
2340.0,2.5499999999999994
2400.0,2.5499999999999994
2460.0,2.5499999999999994
2520.0,2.5499999999999985
2580.0,2.5499999999999967
2640.0,2.549999999999992
2700.0,2.5499999999999803
2760.0,2.549999999999954
2820.0,2.549999999999893
2880.0,2.549999999999763
2940.0,2.5499999999994927
3000.0,2.5499999999989416
3060.0,2.5499999999978558
3120.0,2.5499999999957703
3180.0,2.549999999991866
3240.0,2.549999999984727
3300.0,2.5499999999719667
3360.0,2.5499999999496556
3420.0,2.549999999911437
3480.0,2.549999999847242
3540.0,2.549999999741414
3600.0,2.54999999957003
3660.0,2.5499999992971683
3720.0,2.549999998869744
3780.0,2.549999998210543
3840.0,2.549999997208901
3900.0,2.549999995708442
3960.0,2.549999993491213
4020.0,2.5499999902572683
4080.0,2.5499999855990043
4140.0,2.5499999789690664
4200.0,2.5499999696408637
4260.0,2.5499999566605474
4320.0,2.5499999387893
4380.0,2.549999914434622
4440.0,2.549999881569315
4500.0,2.549999837636876
4560.0,2.5499997794418783
4620.0,2.549999703025081
4680.0,2.54999960352263
4740.0,2.54999947500812
4800.0,2.5499993103158354
4860.0,2.549999100844598
4920.0,2.5499988363424073
4980.0,2.549998504672394
5040.0,2.5499980915615925
5100.0,2.5499975803343213
5160.0,2.5499969516296717
5220.0,2.549996183109117
5280.0,2.5499952491584446
5340.0,2.549994120574207
5400.0,2.5499927642273583
5460.0,2.549991142721826
5520.0,2.549989214064382
5580.0,2.549986931333791
5640.0,2.549984242348084
5700.0,2.5499810893262307
5760.0,2.5499774085569284
5820.0,2.5499731301010886
5880.0,2.549968177508527
5940.0,2.5499624675313215
6000.0,2.549955909876118
6060.0,2.549948407025739
6120.0,2.549939854042963
6180.0,2.5499301382637625
6240.0,2.5499191390090665
6300.0,2.5499067274800424
6360.0,2.5498927667770404
6420.0,2.5498771118132004
6480.0,2.549859609202163
6540.0,2.549840097302766
6600.0,2.549818406422674
6660.0,2.5497943591065364
6720.0,2.5497677702884003
6780.0,2.5497384472552698
6840.0,2.5497061895667463
6900.0,2.5496707895880073
6960.0,2.5496320328094977
7020.0,2.5495896979593784
7080.0,2.549543557193981
7140.0,2.5494933760936007
7200.0,2.549438913682795
7260.0,2.549379922928685
7320.0,2.5493161515389247
7380.0,2.549247342530356
7440.0,2.549173234556782
7500.0,2.5490935624374456
7560.0,2.549008058141618
7620.0,2.548916451517098
7680.0,2.548818470646669
7740.0,2.5487138417640036
7800.0,2.54860228935989
7860.0,2.5484835370318195
7920.0,2.5483573080423514
7980.0,2.548223324952979
8040.0,2.548081309640618
8100.0,2.5479309825742296
8160.0,2.5477720634719647
8220.0,2.5476042730542483
8280.0,2.5474273343451754
8340.0,2.5472409733837327
8400.0,2.547044918165843
8460.0,2.5468388979777195
8520.0,2.5466226444759528
8580.0,2.5463958939446383
8640.0,2.5461583880023517
8700.0,2.5459098720518782
8760.0,2.5456500935261475
8820.0,2.5453788026879494
8880.0,2.5450957554391866
8940.0,2.5448007154685546
9000.0,2.5444934541734097
9060.0,2.5441737489455347
9120.0,2.54384138296344
9180.0,2.543496146011531
9240.0,2.543137831060779
9300.0,2.542766231794628
9360.0,2.542381146811194
9420.0,2.5419823832665114
9480.0,2.541569757548419
9540.0,2.5411430934120225
9600.0,2.5407022206239502
9660.0,2.540246973530806
9720.0,2.5397771893061107
9780.0,2.539292709640455
9840.0,2.5387933850638005
9900.0,2.538279074708764
9960.0,2.5377496477402843
10020.0,2.5372049863393573
10080.0,2.5366449819150896
10140.0,2.5360695298124654
10200.0,2.535478525240424
10260.0,2.5348718635451686
10320.0,2.534249445270245
10380.0,2.5336111776813084
10440.0,2.5329569772235594
10500.0,2.5322867719286766
10560.0,2.5316004995832135
10620.0,2.5308981029362063
10680.0,2.5301795329840937
10740.0,2.5294447544476957
10800.0,2.5286937386207966
10860.0,2.52792645035933
10920.0,2.5271428457558347
10980.0,2.5263428790938174
11040.0,2.525526507785558
11100.0,2.5246936956725388
11160.0,2.523844420000055
11220.0,2.5229786751924945
11280.0,2.52209646583131
11340.0,2.521197801358164
11400.0,2.5202827008727753
11460.0,2.5193511965887803
11520.0,2.5184033263498735
11580.0,2.517439127563538
11640.0,2.516458634361744
11700.0,2.5154618845204664
11760.0,2.514448926052967
11820.0,2.5134198105758907
11880.0,2.512374593923631
11940.0,2.5113133394910228
12000.0,2.510236108798971
12060.0,2.509142954248463
12120.0,2.5080339296863268
12180.0,2.5069090971091197
12240.0,2.505768515741498
12300.0,2.504612234250385
12360.0,2.503440303424731
12420.0,2.502252795253805
12480.0,2.5010498073276297
12540.0,2.499831451963844
12600.0,2.4985978424065722
12660.0,2.4973490822497473
12720.0,2.496085267720822
12780.0,2.4948064886389307
12840.0,2.49351282373426
12900.0,2.492204346537119
12960.0,2.490881135732474
13020.0,2.4895432702722533
13080.0,2.488190822930512
13140.0,2.4868238675536496
13200.0,2.485442495941344
13260.0,2.484046819095573
13320.0,2.48263694696151
13380.0,2.481212984324738
13440.0,2.479775040498922
13500.0,2.478323226937498
13560.0,2.476857645662545
13620.0,2.4753783855720943
13680.0,2.4738855345827804
13740.0,2.472379187392277
13800.0,2.4708594542997053
13860.0,2.469326457276992
13920.0,2.4677803198640573
13980.0,2.466221174487637
14040.0,2.464649165873409
14100.0,2.4630644331283933
14160.0,2.461467089039693
14220.0,2.4598572222504305
14280.0,2.4582349069950276
14340.0,2.4566002151363966
14400.0,2.454953230833668
14460.0,2.453294056673887
14520.0,2.451622823899413
14580.0,2.4499396887054594
14640.0,2.448244806758832
14700.0,2.4465383184926313
14760.0,2.4448203510809488
14820.0,2.443091023865335
14880.0,2.4413504523273066
14940.0,2.4395987503179892
15000.0,2.437836031292322
15060.0,2.4360624087146268
15120.0,2.4342779962367787
15180.0,2.432482907768144
15240.0,2.4306772574121456
15300.0,2.428861159361818
15360.0,2.4270347278337088
15420.0,2.4251980769966055
15480.0,2.4233513209047146
15540.0,2.4214945734343454
15600.0,2.419627948229599
15660.0,2.4177515586574874
15720.0,2.4158655177691695
15780.0,2.413969938264835
15840.0,2.412064932462069
15900.0,2.4101506122680982
15960.0,2.4082270891554485
16020.0,2.4062944741400702
16080.0,2.404352877761316
16140.0,2.402402410063593
16200.0,2.4004431805796727
16260.0,2.39847529831542
16320.0,2.396498871735697
16380.0,2.3945140087512953
16440.0,2.3925208167067886
16500.0,2.3905194023692764
16560.0,2.388509871917912
16620.0,2.3864923309341517
16680.0,2.384466884392666
16740.0,2.3824336366528676
16800.0,2.380392691451026
16860.0,2.378344151892938
16920.0,2.3762881204471014
16980.0,2.3742246989383884
17040.0,2.3721539885421854
17100.0,2.3700760897789683
17160.0,2.367991102509307
17220.0,2.3658991259292805
17280.0,2.3638002585662683
17340.0,2.3616945982752
17400.0,2.359582242234866
17460.0,2.3574632869451597
17520.0,2.355337828223639
17580.0,2.3532059612035092
17640.0,2.351067780331487
17700.0,2.348923379365823
17760.0,2.346772851374601
17820.0,2.344616288734382
17880.0,2.3424537831291707
17940.0,2.340285425549588
18000.0,2.3381113062922547
18060.0,2.3359315149594093
18120.0,2.3337461404587536
18180.0,2.3315552710035266
18240.0,2.3293589941127704
18300.0,2.327157396611784
18360.0,2.32495056463277
18420.0,2.3227385836156613
18480.0,2.3205215383091184
18540.0,2.3182995127716945
18600.0,2.3160725903731567
18660.0,2.3138408537959574
18720.0,2.31160438503685
18780.0,2.3093632654086487
18840.0,2.3071175755421165
18900.0,2.304867395387975
18960.0,2.3026128042190472
19020.0,2.30035388063251
19080.0,2.2980907025522472
19140.0,2.2958233472313236
19200.0,2.293551891254552
19260.0,2.2912764105411543
19320.0,2.2889969803475108
19380.0,2.286713675270006
19440.0,2.284426569247945
19500.0,2.282135735566556
19560.0,2.2798412468600557
19620.0,2.277543175114802
19680.0,2.2752415916724917
19740.0,2.2729365672334363
19800.0,2.270628171859894
19860.0,2.26831647497945
19920.0,2.2660015453884514
19980.0,2.2636834512555044
20040.0,2.261362260124994
20100.0,2.259038038920666
20160.0,2.256710853949241
20220.0,2.2543807709040706
20280.0,2.2520478548688216
20340.0,2.2497121703211977
20400.0,2.2473737811366923
20460.0,2.245032750592367
20520.0,2.2426891413706507
20580.0,2.240343015563172
20640.0,2.2379944346746066
20700.0,2.2356434596265395
20760.0,2.2332901507613614
20820.0,2.230934567846152
20880.0,2.2285767700766095
20940.0,2.2262168160809632
21000.0,2.22385476392392
21060.0,2.2214906711106
21120.0,2.2191245945904905
21180.0,2.216756590761405
21240.0,2.2143867154734425
21300.0,2.2120150240329464
21360.0,2.209641571206482
21420.0,2.207266411224788
21480.0,2.204889597786751
21540.0,2.202511184063361
21600.0,2.2001312227016796
21660.0,2.197749763637935
21720.0,2.1953668664939503
21780.0,2.1929825818424686
21840.0,2.190596953860768
21900.0,2.1882100340985486
21960.0,2.185821866802755
22020.0,2.1834325029062254
22080.0,2.1810419934030145
22140.0,2.1786503874125733
22200.0,2.176257732573258
22260.0,2.1738640758215646
22320.0,2.17146946373113
22380.0,2.16907394249129
22440.0,2.166677557880165
22500.0,2.1642803551637724
22560.0,2.1618823791202746
22620.0,2.1594836740752266
22680.0,2.1570842839133064
22740.0,2.1546842520729355
22800.0,2.152283621542844
22860.0,2.1498824348659915
22920.0,2.147480734145951
22980.0,2.1450785610516214
23040.0,2.1426759568203178
23100.0,2.1402729622607843
23160.0,2.1378696177567584
23220.0,2.1354659632707347
23280.0,2.133062038347772
23340.0,2.130657882118633
23400.0,2.12825353330382
23460.0,2.125849030216935
23520.0,2.123444410768019
23580.0,2.121039712466979
23640.0,2.1186349724271114
23700.0,2.1162302273686007
23760.0,2.1138255136219013
23820.0,2.111420867131105
23880.0,2.109016323457293
23940.0,2.1066119177818887
24000.0,2.1042076849099876
24060.0,2.1018036592736586
24120.0,2.0993998749352105
24180.0,2.0969963655904404
24240.0,2.0945931645718807
24300.0,2.092190304851996
24360.0,2.0897878190463794
24420.0,2.0873857394169097
24480.0,2.0849840978749006
24540.0,2.0825829259842146
24600.0,2.0801822549643627
24660.0,2.077782115693584
24720.0,2.0753825387118883
24780.0,2.072983554224099
24840.0,2.070585192102846
24900.0,2.0681874818915644
24960.0,2.0657904528074518
25020.0,2.063394133744408
25080.0,2.060998553275958
25140.0,2.0586037396581394
25200.0,2.0562097208323884
25260.0,2.0538165244283806
25320.0,2.0514241777668705
25380.0,2.049032707862488
25440.0,2.0466421414265388
25500.0,2.044252504869753
25560.0,2.0418638243050418
25620.0,2.039476125550205
25680.0,2.0370894341306376
25740.0,2.034703775282009
25800.0,2.0323191739529096
25860.0,2.029935654807495
25920.0,2.027553242228093
25980.0,2.0251719603178007
26040.0,2.0227918329030476
26100.0,2.020412883536156
26160.0,2.018035135497861
26220.0,2.015658611799823
26280.0,2.013283335187115
26340.0,2.0109093281406873
26400.0,2.008536612879822
26460.0,2.0061652113645447
26520.0,2.0037951452980467
26580.0,2.0014264361290572
26640.0,1.9990591050542195
26700.0,1.996693173020431
26760.0,1.994328660727172
26820.0,1.99196558862881
26880.0,1.9896039769368883
26940.0,1.9872438456223953
27000.0,1.9848852144180094
27060.0,1.982528102820329
27120.0,1.9801725300920863
27180.0,1.9778185152643322
27240.0,1.9754660771386152
27300.0,1.9731152342891292
27360.0,1.9707660050648546
27420.0,1.9684184075916689
27480.0,1.9660724597744512
27540.0,1.9637281792991574
27600.0,1.9613855836348861
27660.0,1.9590446900359209
27720.0,1.9567055155437583
27780.0,1.9543680769891145
27840.0,1.9520323909939197
27900.0,1.9496984739732899
27960.0,1.947366342137484
28020.0,1.9450360114938452
28080.0,1.9427074978487187
28140.0,1.9403808168093628
28200.0,1.9380559837858355
28260.0,1.9357330139928652
28320.0,1.9334119224517072
28380.0,1.931092723991986
28440.0,1.9287754332535125
28500.0,1.9264600646880963
28560.0,1.924146632561333
28620.0,1.92183515095438
28680.0,1.9195256337657172
28740.0,1.9172180947128867
28800.0,1.9149125473342261
28860.0,1.9126090049905748
28920.0,1.9103074808669787
28980.0,1.9080079879743628
29040.0,1.9057105391512084
29100.0,1.903415147065197
29160.0,1.9011218242148529
29220.0,1.8988305829311627
29280.0,1.896541435379185
29340.0,1.8942543935596434
29400.0,1.8919694693105074
29460.0,1.8896866743085543
29520.0,1.8874060200709208
29580.0,1.8851275179566453
29640.0,1.8828511791681846
29700.0,1.8805770147529235
29760.0,1.8783050356046784
29820.0,1.8760352524651678
29880.0,1.8737676759254926
29940.0,1.8715023164275828
30000.0,1.8692391842656453
30060.0,1.8669782895875915
30120.0,1.8647196423964536
30180.0,1.8624632525517875
30240.0,1.8602091297710652
30300.0,1.8579572836310516
30360.0,1.8557077235691708
30420.0,1.8534604588848589
30480.0,1.851215498740906
30540.0,1.848972852164783
30600.0,1.8467325280499591
30660.0,1.8444945351572086
30720.0,1.8422588821158983
30780.0,1.8400255774252756
30840.0,1.83779462945573
30900.0,1.8355660464500567
30960.0,1.8333398365247011
31020.0,1.831116007670992
31080.0,1.8288945677563655
31140.0,1.8266755245255808
31200.0,1.8244588856019148
31260.0,1.82224465848836
31320.0,1.820032850568797
31380.0,1.8178234691091668
31440.0,1.8156165212586286
31500.0,1.8134120140507042
31560.0,1.8112099544044191
31620.0,1.809010349125424
31680.0,1.8068132049071142
31740.0,1.8046185283317329
31800.0,1.8024263258714686
31860.0,1.8002366038895385
31920.0,1.7980493686412677
31980.0,1.7958646262751485
32040.0,1.7936823828339028
32100.0,1.7915026442555237
32160.0,1.789325416374314
32220.0,1.7871507049219122
32280.0,1.7849785155283098
32340.0,1.7828088537228612
32400.0,1.78064172493528
32460.0,1.7784771344966281
32520.0,1.7763150876403018
32580.0,1.774155589502995
32640.0,1.771998645125667
32700.0,1.7698442594544959
32760.0,1.76769243734182
32820.0,1.7655431835470778
32880.0,1.7633965027377332
32940.0,1.7612523994901939
33000.0,1.7591108782907237
33060.0,1.756971943536343
33120.0,1.7548355995357217
33180.0,1.7527018505100667
33240.0,1.7505707005939974
33300.0,1.7484421538364152
33360.0,1.7463162142013646
33420.0,1.744192885568885
33480.0,1.7420721717358592
33540.0,1.7399540764168455
33600.0,1.7378386032449127
33660.0,1.7357257557724577
33720.0,1.7336155374720221
33780.0,1.7315079517370981
33840.0,1.7294030018829278
33900.0,1.7273006911472957
33960.0,1.7252010226913113
34020.0,1.7231039996001887
34080.0,1.7210096248840148
34140.0,1.718917901478513
34200.0,1.716828832245798
34260.0,1.7147424199751278
34320.0,1.7126586673836397
34380.0,1.710577577117096
34440.0,1.7084991517505896
34500.0,1.7064233937893365
34560.0,1.7043503056692777
34620.0,1.7022798897578264
34680.0,1.7002121483545989
34740.0,1.6981470836921126
34800.0,1.6960846979364652
34860.0,1.694024993188005
34920.0,1.691967971482009
34980.0,1.6899136347893582
35040.0,1.6878619850171968
35100.0,1.6858130240095928
35160.0,1.6837667535481857
35220.0,1.6817231753528314
35280.0,1.6796822910822427
35340.0,1.677644102334622
35400.0,1.6756086106482853
35460.0,1.6735758175022886
35520.0,1.6715457243170377
35580.0,1.6695183324549028
35640.0,1.6674936432208185
35700.0,1.6654716578628848
35760.0,1.663452377572957
35820.0,1.6614358034872365
35880.0,1.6594219366868501
35940.0,1.6574107781984262
36000.0,1.6554023289946678
36060.0,1.6533965899949141
36120.0,1.6513935620657076
36180.0,1.6493932460213352
36240.0,1.6473956426244054
36300.0,1.6454007525863292
36360.0,1.6434085765679454
36420.0,1.641419115180036
36480.0,1.6394323689838275
36540.0,1.6374483384915113
36600.0,1.6354670241667595
36660.0,1.6334884264253042
36720.0,1.6315125456353647
36780.0,1.6295393821181705
36840.0,1.6275689361484893
36900.0,1.6256012079551228
36960.0,1.623636197721394
37020.0,1.6216739055856242
37080.0,1.6197143316416156
37140.0,1.6177574759391367
37200.0,1.6158033384843884
37260.0,1.613851919240478
37320.0,1.6119032181278812
37380.0,1.6099572350249012
37440.0,1.608013969768126
37500.0,1.606073422152878
37560.0,1.6041355919336648
37620.0,1.6022004788246167
37680.0,1.6002680824999322
37740.0,1.598338402594306
37800.0,1.596411438703365
37860.0,1.5944871903840918
37920.0,1.5925656571552487
37980.0,1.590646838497795
38040.0,1.5887307338553045
38100.0,1.5868173426343721
38160.0,1.5849066642050267
38220.0,1.5829986979011266
38280.0,1.5810934430207664
38340.0,1.5791908988266672
38400.0,1.5772910645465723
38460.0,1.5753939393736331
38520.0,1.5734995224667931
38580.0,1.5716078129511717
38640.0,1.5697188099184394
38700.0,1.5678325124271917
38760.0,1.56594891950332
38820.0,1.5640680301403789
38880.0,1.562189843299948
38940.0,1.560314357911993
39000.0,1.5584415728752221
39060.0,1.5565714870574399
39120.0,1.5547040992958947
39180.0,1.552839408397628
39240.0,1.5509774131398175
39300.0,1.5491181122701139
39360.0,1.5472615045069824
39420.0,1.5454075885400334
39480.0,1.5435563630303535
39540.0,1.5417078266108342
39600.0,1.5398619778864944
39660.0,1.5380188154348025
39720.0,1.536178337805995
39780.0,1.534340543523392
39840.0,1.532505431083709
39900.0,1.5306729989573644
39960.0,1.5288432455887888
40020.0,1.5270161693967284
40080.0,1.5251917687745413
40140.0,1.5233700420905023
40200.0,1.5215509876880917
40260.0,1.5197346038862898
40320.0,1.5179208889798679
40380.0,1.5161098412396716
40440.0,1.5143014589126003
40500.0,1.5124957402230501
40560.0,1.5106926833702972
40620.0,1.5088922865327479
40680.0,1.507094547866471
40740.0,1.5052994655049217
40800.0,1.5035070375592927
40860.0,1.5017172621189834
40920.0,1.4999301372522358
40980.0,1.4981456610053252
41040.0,1.4963638314054248
41100.0,1.494584646457479
41160.0,1.492808104145505
41220.0,1.4910342024334056
41280.0,1.4892629392662755
41340.0,1.4874943125678926
41400.0,1.4857283202441294
41460.0,1.4839649601820206
41520.0,1.4822042302486143
41580.0,1.4804461282936758
41640.0,1.4786906521470233
41700.0,1.4769377996198128
41760.0,1.475187568505267
41820.0,1.4734399565798144
41880.0,1.4716949616008426
41940.0,1.4699525813097574
42000.0,1.4682128134309338
42060.0,1.4664756556715683
42120.0,1.4647411057219653
42180.0,1.4630091612559073
42240.0,1.4612798199309303
42300.0,1.4595530793885316
42360.0,1.457828937254366
42420.0,1.4561073911384472
42480.0,1.454388438635553
42540.0,1.4526720773246542
42600.0,1.4509583047710153
42660.0,1.4492471185239624
42720.0,1.44753851611784
42780.0,1.4458324950726076
42840.0,1.4441290528947848
42900.0,1.4424281870756799
42960.0,1.4407298950938352
43020.0,1.4390341744142017
43080.0,1.4373410224880248
43140.0,1.4356504367530925
43200.0,1.4339624146345333
43260.0,1.4322769614909625
43320.0,1.4305940584698809
43380.0,1.4289137111249817
43440.0,1.4272359169413458
43500.0,1.4255606734644632
43560.0,1.4238879778171227
43620.0,1.4222178276734054
43680.0,1.4205502202366587
43740.0,1.418885152703236
43800.0,1.4172226223344029
43860.0,1.4155626264253482
43920.0,1.4139051622671883
43980.0,1.4122502271337656
44040.0,1.41059781828365
44100.0,1.4089479329641799
44160.0,1.4073005684130488
44220.0,1.4056557218584942
44280.0,1.4040133905179952
44340.0,1.402373571600235
44400.0,1.4007362623030046
44460.0,1.3991014598143017
44520.0,1.3974691613128303
44580.0,1.39583936396811
44640.0,1.3942120649404484
44700.0,1.392587261381009
44760.0,1.3909649504319872
44820.0,1.3893451292267889
44880.0,1.3877277948901707
44940.0,1.3861129445383693
45000.0,1.3845005752792279
45060.0,1.3828906842123372
45120.0,1.3812832684291656
45180.0,1.3796783250132016
45240.0,1.3780758510400761
45300.0,1.376475843577696
45360.0,1.3748782996863729
45420.0,1.3732832164189481
45480.0,1.3716905908209216
45540.0,1.3701004199305764
45600.0,1.3685127007791014
45660.0,1.3669274303907135
45720.0,1.3653446057827825
45780.0,1.3637642239659453
45840.0,1.3621862819442305
45900.0,1.3606107767151727
45960.0,1.35903770526993
46020.0,1.3574670645934008
46080.0,1.3558988516643355
46140.0,1.354333063455453
46200.0,1.3527696969335494
46260.0,1.3512087490596119
46320.0,1.3496502167889264
46380.0,1.348094097071188
46440.0,1.3465403868506087
46500.0,1.344989083066022
46560.0,1.343440182650991
46620.0,1.3418936825339112
46680.0,1.340349579638115
46740.0,1.3388078708819753
46800.0,1.3372685531790043
46860.0,1.3357316234379548
46920.0,1.3341970785629216
46980.0,1.3326649154534376
47040.0,1.331135131004573
47100.0,1.3296077221070317
47160.0,1.3280826856472447
47220.0,1.3265600185074677
47280.0,1.3250397175658728
47340.0,1.3235217796966428
47400.0,1.3220062017700602
47460.0,1.3204929806526031
47520.0,1.3189821132070287
47580.0,1.3174735962924684
47640.0,1.3159674267645116
47700.0,1.3144636014752966
47760.0,1.3129621172735928
47820.0,1.3114629710048924
47880.0,1.309966159511486
47940.0,1.308471679632557
48000.0,1.3069795282042571
48060.0,1.3054897020597906
48120.0,1.3040021980294962
48180.0,1.3025170129409283
48240.0,1.3010341436189337
48300.0,1.2995535868857342
48360.0,1.2980753395610016
48420.0,1.296599398461938
48480.0,1.2951257604033486
48540.0,1.29365442219772
48600.0,1.2921853806552965
48660.0,1.2907186325841509
48720.0,1.2892541747902586
48780.0,1.2877920040775725
48840.0,1.2863321172480944
48900.0,1.284874511101943
48960.0,1.28341918243743
49020.0,1.2819661280511236
49080.0,1.2805153447379227
49140.0,1.2790668292911234
49200.0,1.277620578502485
49260.0,1.2761765891622996
49320.0,1.274734858059457
49380.0,1.2732953819815096
49440.0,1.27185815771474
49500.0,1.270423182044221
49560.0,1.268990451753884
49620.0,1.2675599636265782
49680.0,1.2661317144441335
49740.0,1.2647057009874243
49800.0,1.2632819200364287
49860.0,1.2618603683702867
49920.0,1.2604410427673665
49980.0,1.259023940005315
50040.0,1.2576090568611231
50100.0,1.256196390111182
50160.0,1.2547859365313367
50220.0,1.253377692896947
50280.0,1.251971655982943
50340.0,1.2505678225638772
50400.0,1.249166189413985
50460.0,1.2477667533072336
50520.0,1.246369511017378
50580.0,1.2449744593180152
50640.0,1.2435815949826354
50700.0,1.2421909147846744
50760.0,1.2408024154975645
50820.0,1.239416093894788
50880.0,1.2380319467499223
50940.0,1.236649970836698
51000.0,1.2352701629290384
51060.0,1.2338925198011175
51120.0,1.2325170382274007
51180.0,1.2311437149826996
51240.0,1.229772546842213
51300.0,1.2284035305815777
51360.0,1.2270366629769125
51420.0,1.2256719408048662
51480.0,1.2243093608426607
51540.0,1.2229489198681374
51600.0,1.2215906146598006
51660.0,1.2202344419968605
51720.0,1.218880398659279
51780.0,1.217528481427811
51840.0,1.2161786870840456
51900.0,1.214831012410451
51960.0,1.2134854541904143
52020.0,1.2121420092082815
52080.0,1.2108006742493997
52140.0,1.209461446100158
52200.0,1.2081243215480248
52260.0,1.2067892973815868
52320.0,1.2054563703905945
52380.0,1.2041255373659883
52440.0,1.2027967950999494
52500.0,1.2014701403859283
52560.0,1.2001455700186872
52620.0,1.1988230807943334
52680.0,1.1975026695103566
52740.0,1.1961843329656667
52800.0,1.1948680679606278
52860.0,1.1935538712970903
52920.0,1.192241739778433
52980.0,1.19093167020959
53040.0,1.1896236593970888
53100.0,1.1883177041490824
53160.0,1.1870138012753835
53220.0,1.1857119475874953
53280.0,1.184412139898648
53340.0,1.183114375023825
53400.0,1.1818186497797993
53460.0,1.180524960985164
53520.0,1.1792333054603616
53580.0,1.1779436800277154
53640.0,1.176656081511461
53700.0,1.1753705067377749
53760.0,1.1740869525348037
53820.0,1.1728054157326944
53880.0,1.1715258931636245
53940.0,1.1702483816618259
54000.0,1.1689728780636188
54060.0,1.167699379207436
54120.0,1.1664278819338523
54180.0,1.1651583830856092
54240.0,1.1638908795076455
54300.0,1.1626253680471206
54360.0,1.1613618455534447
54420.0,1.1601003088782982
54480.0,1.1588407548756638
54540.0,1.1575831804018506
54600.0,1.1563275823155164
54660.0,1.1550739574776951
54720.0,1.1538223027518182
54780.0,1.1525726150037436
54840.0,1.151324891101776
54900.0,1.150079127916691
54960.0,1.1488353223217587
55020.0,1.1475934711927678
55080.0,1.146353571408046
55140.0,1.1451156198484853
55200.0,1.143879613397561
55260.0,1.1426455489413567
55320.0,1.141413423368584
55380.0,1.1401832335706052
55440.0,1.138954976441453
55500.0,1.1377286488778506
55560.0,1.1365042477792364
55620.0,1.1352817700477806
55680.0,1.1340612125884055
55740.0,1.1328425723088067
55800.0,1.131625846119473
55860.0,1.1304110309337028
55920.0,1.1291981236676276
55980.0,1.1279871212402264
56040.0,1.1267780205733475
56100.0,1.1255708185917244
56160.0,1.1243655122229976
56220.0,1.123162098397728
56280.0,1.1219605740494163
56340.0,1.1207609361145237
56400.0,1.1195631815324814
56460.0,1.1183673072457168
56520.0,1.1171733101996641
56580.0,1.1159811873427805
56640.0,1.1147909356265677
56700.0,1.1136025520055834
56760.0,1.1124160334374564
56820.0,1.1112313768829083
56880.0,1.110048579305762
56940.0,1.1088676376729605
57000.0,1.1076885489545816
57060.0,1.1065113101238535
57120.0,1.1053359181571667
57180.0,1.1041623700340903
57240.0,1.1029906627373867
57300.0,1.101820793253025
57360.0,1.100652758570194
57420.0,1.0994865556813163
57480.0,1.0983221815820636
57540.0,1.097159633271366
57600.0,1.0959989077514303
57660.0,1.0948400020277462
57720.0,1.0936829131091057
57780.0,1.0925276380076125
57840.0,1.0913741737386922
57900.0,1.0902225173211084
57960.0,1.0890726657769734
58020.0,1.0879246161317577
58080.0,1.0867783654143046
58140.0,1.0856339106568405
58200.0,1.0844912488949858
58260.0,1.0833503771677653
58320.0,1.082211292517623
58380.0,1.0810739919904269
58440.0,1.0799384726354844
58500.0,1.0788047315055502
58560.0,1.0776727656568375
58620.0,1.0765425721490292
58680.0,1.075414148045285
58740.0,1.0742874904122532
58800.0,1.0731625963200804
58860.0,1.0720394628424206
58920.0,1.0709180870564443
58980.0,1.0697984660428477
59040.0,1.0686805968858615
59100.0,1.0675644766732615
59160.0,1.0664501024963748
59220.0,1.0653374714500898
59280.0,1.0642265806328643
59340.0,1.063117427146736
59400.0,1.0620100080973238
59460.0,1.0609043205938462
59520.0,1.05980036174912
59580.0,1.0586981286795734
59640.0,1.05759761850525
59700.0,1.0564988283498193
59760.0,1.055401755340585
59820.0,1.054306396608582
59880.0,1.0532127492882326
59940.0,1.052120810518061
60000.0,1.051030577439873
60060.0,1.0499420471990404
60120.0,1.0488552169449459
60180.0,1.0477700838302182
60240.0,1.0466866450115473
60300.0,1.0456048976493595
60360.0,1.0445248389077955
60420.0,1.0434464659543767
60480.0,1.0423697759607802
60540.0,1.0412947661020353
60600.0,1.0402214335568996
60660.0,1.0391497755079162
60720.0,1.0380797891413982
60780.0,1.037011471647399
60840.0,1.0359448202197121
60900.0,1.0348798320558745
60960.0,1.0338165043571745
61020.0,1.0327548343286599
61080.0,1.031694819179141
61140.0,1.0306364561211947
61200.0,1.0295797423711701
61260.0,1.0285246751491912
61320.0,1.0274712516790614
61380.0,1.026419469188649
61440.0,1.0253693249091307
61500.0,1.0243208160758521
61560.0,1.0232739399280042
61620.0,1.022228693708604
61680.0,1.0211850746641384
61740.0,1.0201430800453553
61800.0,1.0191027071064411
61860.0,1.0180639531054034
61920.0,1.017026815304129
61980.0,1.0159912909683624
62040.0,1.0149573773676754
62100.0,1.013925071775464
62160.0,1.0128943714689502
62220.0,1.0118652737291864
62280.0,1.010837775841064
62340.0,1.0098118750933112
62400.0,1.0087875687784975
62460.0,1.0077648541930369
62520.0,1.0067437286371872
62580.0,1.0057241894150561
62640.0,1.004706233834602
62700.0,1.003689859207634
62760.0,1.0026750628498173
62820.0,1.0016618420806744
62880.0,1.0006501942235857
62940.0,0.9996401166057916
63000.0,0.9986316065583962
63060.0,0.9976246614163669
63120.0,0.9966192785185369
63180.0,0.995615455207607
63240.0,0.9946131888301458
63300.0,0.9936124767365933
63360.0,0.9926133162812599
63420.0,0.9916157048223297
63480.0,0.9906196397218598
63540.0,0.989625118345783
63600.0,0.9886321380639076
63660.0,0.98764069624992
63720.0,0.9866507902813829
63780.0,0.9856624175397395
63840.0,0.9846755754103116
63900.0,0.9836902612823016
63960.0,0.9827064725487924
64020.0,0.9817242066067493
64080.0,0.9807434608570187
64140.0,0.97976423270433
64200.0,0.9787865195572947
64260.0,0.9778103188284084
64320.0,0.9768356279340497
64380.0,0.9758624442944803
64440.0,0.9748907653338464
64500.0,0.9739205884801774
64560.0,0.9729519111653868
64620.0,0.9719847308252718
64680.0,0.9710190448995132
64740.0,0.9700548508316751
64800.0,0.9690921460689121
64860.0,0.968130934008975
64920.0,0.9671711999689604
64980.0,0.9662129474201795
65040.0,0.9652561739275705
65100.0,0.9643008770745612
65160.0,0.9633470544476745
65220.0,0.9623947033867474
65280.0,0.9614438215790481
65340.0,0.9604944063578008
65400.0,0.9595464551261369
65460.0,0.9585999653608209
65520.0,0.9576549345665414
65580.0,0.9567113602488716
65640.0,0.9557692399105978
65700.0,0.9548285710559562
65760.0,0.9538893511934902
65820.0,0.9529515778364227
65880.0,0.9520152485021496
65940.0,0.951080360711896
66000.0,0.9501469119906636
66060.0,0.9492148998672846
66120.0,0.9482843218743244
66180.0,0.9473551755485229
66240.0,0.9464274584300618
66300.0,0.9455011680633929
66360.0,0.9445763019967812
66420.0,0.9436528577822539
66480.0,0.9427308329756564
66540.0,0.9418102251367035
66600.0,0.9408910318289826
66660.0,0.9399732506199325
66720.0,0.9390568790808356
66780.0,0.9381419147868189
66840.0,0.9372283553168549
66900.0,0.9363161982537621
66960.0,0.9354054411842011
67020.0,0.9344960816986715
67080.0,0.9335881173915107
67140.0,0.9326815458608919
67200.0,0.9317763647088219
67260.0,0.9308725715411388
67320.0,0.929970163967511
67380.0,0.9290691396014334
67440.0,0.928169496060226
67500.0,0.927271230965032
67560.0,0.9263743419408142
67620.0,0.9254788266163547
67680.0,0.9245846826242499
67740.0,0.9236919076009107
67800.0,0.9228004991865592
67860.0,0.9219104550252246
67920.0,0.9210217727647433
67980.0,0.9201344500567546
68040.0,0.9192484845566992
68100.0,0.9183638739238155
68160.0,0.9174806158211378
68220.0,0.9165987079154939
68280.0,0.9157181478775013
68340.0,0.9148389333815657
68400.0,0.9139610621058776
68460.0,0.913084531732409
68520.0,0.9122093399469124
68580.0,0.9113354844389161
68640.0,0.9104629629017217
68700.0,0.9095917730324029
68760.0,0.9087219125317995
68820.0,0.9078533791045179
68880.0,0.9069861704589254
68940.0,0.9061202843071487
69000.0,0.9052557183650706
69060.0,0.9043924703523263
69120.0,0.9035305379923012
69180.0,0.9026699190121275
69240.0,0.9018106111426808
69300.0,0.9009526121185775
69360.0,0.900095919678171
69420.0,0.8992405315635488
69480.0,0.8983864455205294
69540.0,0.8975336592986597
69600.0,0.8966821706512094
69660.0,0.8958319773351704
69720.0,0.8949830771112525
69780.0,0.8941354677438795
69840.0,0.8932891470011864
69900.0,0.8924441126550161
69960.0,0.8916003624809159
70020.0,0.8907578942581331
70080.0,0.8899167057696141
70140.0,0.8890767948019979
70200.0,0.8882381591456147
70260.0,0.8874007965944812
70320.0,0.8865647049462984
70380.0,0.8857298820024467
70440.0,0.8848963255679826
70500.0,0.8840640334516364
70560.0,0.8832330034658065
70620.0,0.8824032334265577
70680.0,0.8815747211536162
70740.0,0.8807474644703668
70800.0,0.879921461203849
70860.0,0.8790967091847527
70920.0,0.8782732062474152
70980.0,0.8774509502298183
71040.0,0.8766299389735822
71100.0,0.8758101703239635
71160.0,0.8749916421298509
71220.0,0.8741743522437622
71280.0,0.8733582985218385
71340.0,0.872543478823843
71400.0,0.8717298910131553
71460.0,0.8709175329567673
71520.0,0.8701064025252816
71580.0,0.8692964975929048
71640.0,0.8684878160374456
71700.0,0.8676803557403094
71760.0,0.8668741145864964
71820.0,0.8660690904645953
71880.0,0.8652652812667806
71940.0,0.8644626848888088
72000.0,0.8636612992300142
72060.0,0.8628611221933042
72120.0,0.8620621516851558
72180.0,0.8612643856156122
72240.0,0.8604678218982781
72300.0,0.859672458450315
72360.0,0.8588782931924385
72420.0,0.8580853240489134
72480.0,0.8572935489475499
72540.0,0.8565029658196986
72600.0,0.8557135726002486
72660.0,0.8549253672276204
72720.0,0.854138347643764
72780.0,0.8533525117941544
72840.0,0.852567857627786
72900.0,0.8517843830971704
72960.0,0.8510020861583308
73020.0,0.8502209647707988
73080.0,0.8494410168976092
73140.0,0.8486622405052966
73200.0,0.8478846335638903
73260.0,0.8471081940469113
73320.0,0.8463329199313675
73380.0,0.8455588091977486
73440.0,0.8447858598300226
73500.0,0.8440140698156321
73560.0,0.843243437145489
73620.0,0.8424739598139706
73680.0,0.8417056358189151
73740.0,0.8409384631616179
73800.0,0.8401724398468272
73860.0,0.8394075638827377
73920.0,0.8386438332809901
73980.0,0.8378812460566631
74040.0,0.8371198002282707
74100.0,0.8363594938177575
74160.0,0.8356003248504956
74220.0,0.8348422913552783
74280.0,0.8340853913643157
74340.0,0.8333296229132324
74400.0,0.8325749840410616
74460.0,0.8318214727902404
74520.0,0.8310690872066062
74580.0,0.830317825339392
74640.0,0.8295676852412224
74700.0,0.8288186649681074
74760.0,0.8280707625794412
74820.0,0.8273239761379944
74880.0,0.8265783037099114
74940.0,0.8258337433647058
75000.0,0.8250902931752553
75060.0,0.824347951217798
75120.0,0.8236067155719272
75180.0,0.8228665843205877
75240.0,0.8221275555500707
75300.0,0.8213896273500089
75360.0,0.8206527978133733
75420.0,0.819917065036468
75480.0,0.8191824271189253
75540.0,0.8184488821637019
75600.0,0.8177164282770738
75660.0,0.8169850635686324
75720.0,0.816254786151279
75780.0,0.8155255941412216
75840.0,0.8147974856579695
75900.0,0.8140704588243284
75960.0,0.8133445117663969
76020.0,0.8126196426135615
76080.0,0.8118958494984915
76140.0,0.8111731305571356
76200.0,0.8104514839287161
76260.0,0.8097309077557251
76320.0,0.80901140018392
76380.0,0.8082929593623183
76440.0,0.8075755834431938
76500.0,0.8068592705820713
76560.0,0.8061440189377225
76620.0,0.8054298266721618
76680.0,0.8047166919506401
76740.0,0.8040046129416425
76800.0,0.8032935878168819
76860.0,0.802583614751295
76920.0,0.8018746919230383
76980.0,0.8011668175134825
77040.0,0.8004599897072083
77100.0,0.7997542066920021
77160.0,0.7990494666588511
77220.0,0.7983457678019391
77280.0,0.7976431083186409
77340.0,0.7969414864095188
77400.0,0.7962409002783176
77460.0,0.7955413481319594
77520.0,0.7948428281805401
77580.0,0.7941453386373243
77640.0,0.7934488777187396
77700.0,0.7927534436443741
77760.0,0.7920590346369701
77820.0,0.7913656489224203
77880.0,0.7906732847297624
77940.0,0.7899819402911757
78000.0,0.789291613841975
78060.0,0.7886023036206077
78120.0,0.787914007868647
78180.0,0.7872267248307894
78240.0,0.7865404527548491
78300.0,0.785855189891753
78360.0,0.7851709344955369
78420.0,0.7844876848233402
78480.0,0.7838054391354018
78540.0,0.7831241956950553
78600.0,0.7824439527687239
78660.0,0.7817647086259162
78720.0,0.7810864615392218
78780.0,0.7804092097843065
78840.0,0.7797329516399072
78900.0,0.7790576853878279
78960.0,0.7783834093129349
79020.0,0.7777101217031515
79080.0,0.7770378208494549
79140.0,0.7763665050458697
79200.0,0.7756961725894647
79260.0,0.7750268217803478
79320.0,0.7743584509216611
79380.0,0.7736910583195764
79440.0,0.7730246422832915
79500.0,0.7723592011250238
79560.0,0.7716947331600066
79620.0,0.7710312367065916
79680.0,0.7703687100859151
79740.0,0.7697071516223993
79800.0,0.7690465596431922
79860.0,0.7683869324784787
79920.0,0.767728268461481
79980.0,0.7670705659284224
80040.0,0.7664138232185029
80100.0,0.7657580386738927
80160.0,0.7651032106397295
80220.0,0.7644493374641167
80280.0,0.7637964174981183
80340.0,0.7631444490956508
80400.0,0.7624934306138121
80460.0,0.7618433604123213
80520.0,0.7611942368541527
80580.0,0.760546058305184
80640.0,0.7598988231342536
80700.0,0.7592525297128943
80760.0,0.7586071764158391
80820.0,0.7579627616204915
80880.0,0.7573192837072136
80940.0,0.7566767410593233
81000.0,0.7560351320630587
81060.0,0.7553944551075568
81120.0,0.7547547085848462
81180.0,0.7541158908898451
81240.0,0.7534780004203596
81300.0,0.7528410355770783
81360.0,0.7522049947635674
81420.0,0.7515698763862669
81480.0,0.750935678854485
81540.0,0.7503024005803939
81600.0,0.7496700399790255
81660.0,0.7490385954682662
81720.0,0.7484080654688529
81780.0,0.7477784484043682
81840.0,0.7471497427012365
81900.0,0.7465219467887177
81960.0,0.7458950590989047
82020.0,0.7452690780667176
82080.0,0.7446440021298992
82140.0,0.7440198297290114
82200.0,0.7433965593074295
82260.0,0.7427741893113382
82320.0,0.7421527181897271
82380.0,0.7415321443943859
82440.0,0.7409124663799
82500.0,0.7402936826036465
82560.0,0.7396757915257886
82620.0,0.7390587916092718
82680.0,0.7384426813198193
82740.0,0.7378274591259273
82800.0,0.7372131234988609
82860.0,0.7365996729126488
82920.0,0.7359871058440792
82980.0,0.7353754207726964
83040.0,0.7347646161807941
83100.0,0.7341546905534125
83160.0,0.7335456423783331
83220.0,0.7329374701460749
83280.0,0.7323301723498894
83340.0,0.7317237474857555
83400.0,0.7311181940523768
83460.0,0.7305135105511752
83520.0,0.7299096954862877
83580.0,0.7293067473645611
83640.0,0.7287046646955482
83700.0,0.7281034459915029
83760.0,0.7275030897673759
83820.0,0.7269035945408101
83880.0,0.7263049588321366
83940.0,0.7257071811643698
84000.0,0.7251102600632028
84060.0,0.7245141940570031
84120.0,0.723918981676809
84180.0,0.7233246214563239
84240.0,0.7227311119319125
84300.0,0.7221384516425963
84360.0,0.721546639130049
84420.0,0.7209556729385925
84480.0,0.7203655516151924
84540.0,0.7197762737094529
84600.0,0.7191878377736127
84660.0,0.718600242362542
84720.0,0.7180134860337354
84780.0,0.71742756734731
84840.0,0.7168424848659996
84900.0,0.7162582371551506
84960.0,0.7156748227827182
85020.0,0.7150922403192611
85080.0,0.7145104883379376
85140.0,0.7139295654145017
85200.0,0.7133494701272972
85260.0,0.7127702010572553
85320.0,0.7121917567878889
85380.0,0.7116141359052888
85440.0,0.711037336998119
85500.0,0.7104613586576125
85560.0,0.7098861994775673
85620.0,0.7093118580543414
85680.0,0.708738332986849
85740.0,0.7081656228765563
85800.0,0.707593726327476
85860.0,0.7070226419461647
85920.0,0.7064523683417172
85980.0,0.7058829041257632
86040.0,0.7053142479124622
86100.0,0.7047463983184992
86160.0,0.7041793539630811
86220.0,0.7036131134679319
86280.0,0.7030476754572885
86340.0,0.7024830385578965
86400.0,0.7019192013987761
86460.0,0.7013561668045166
86520.0,0.7007939250320008
86580.0,0.7002324785852796
86640.0,0.699671826441162
86700.0,0.6991119672563303
86760.0,0.6985528996741366
86820.0,0.6979946222996225
86880.0,0.6974371339098304
86940.0,0.6968804331241848
87000.0,0.6963245185347523
87060.0,0.6957693887673395
87120.0,0.6952150424779701
87180.0,0.6946614783331095
87240.0,0.6941086949995725
87300.0,0.693556691143847
87360.0,0.6930054654340383
87420.0,0.6924550165409524
87480.0,0.6919053431381573
87540.0,0.6913564439017468
87600.0,0.6908083175102077
87660.0,0.6902609626444041
87720.0,0.6897143779875846
87780.0,0.68916856222545
87840.0,0.6886235140459507
87900.0,0.6880792321395762
87960.0,0.6875357151992801
88020.0,0.6869929619203763
88080.0,0.686450971000514
88140.0,0.6859097411397117
88200.0,0.6853692710403763
88260.0,0.6848295594072966
88320.0,0.684290604947632
88380.0,0.683752406370904
88440.0,0.6832149623889936
88500.0,0.6826782717161406
88560.0,0.6821423330689385
88620.0,0.6816071451663306
88680.0,0.681072706729604
88740.0,0.6805390164823878
88800.0,0.6800060731506475
88860.0,0.6794738754626817
88920.0,0.6789424221491174
88980.0,0.6784117119429064
89040.0,0.6778817435793216
89100.0,0.6773525157959517
89160.0,0.6768240273326984
89220.0,0.676296276931771
89280.0,0.6757692633376847
89340.0,0.6752429852972538
89400.0,0.6747174415595889
89460.0,0.6741926308760932
89520.0,0.6736685520004586
89580.0,0.6731452036886602
89640.0,0.6726225846989538
89700.0,0.6721006937918711
89760.0,0.6715795297302166
89820.0,0.6710590912790622
89880.0,0.6705393772057441
89940.0,0.6700203862798593
90000.0,0.66950211727326
90060.0,0.6689845689600512
90120.0,0.6684677401165859
90180.0,0.6679516295214615
90240.0,0.6674362359555155
90300.0,0.6669215582018213
90360.0,0.6664075950456857
90420.0,0.6658943452746429
90480.0,0.6653818076784519
90540.0,0.6648699810490921
90600.0,0.6643588641807598
90660.0,0.6638484558698636
90720.0,0.6633387549150206
90780.0,0.6628297601170533
90840.0,0.6623214702789846
90900.0,0.6618138842060344
90960.0,0.6613070007056155
91020.0,0.6608008185873305
91080.0,0.6602953366629667
91140.0,0.6597905537464925
91200.0,0.6592864686540547
91260.0,0.6587830802039724
91320.0,0.6582803872167359
91380.0,0.6577783885150003
91440.0,0.6572770829235828
91500.0,0.6567764692694591
91560.0,0.6562765463817593
91620.0,0.6557773130917632
91680.0,0.6552787682328978
91740.0,0.6547809106407325
91800.0,0.6542837391529761
91860.0,0.6537872526094722
91920.0,0.6532914498521956
91980.0,0.652796329725248
92040.0,0.6523018910748563
92100.0,0.6518081327493654
92160.0,0.651315053599238
92220.0,0.6508226524770476
92280.0,0.6503309282374767
92340.0,0.6498398797373128
92400.0,0.6493495058354438
92460.0,0.6488598053928548
92520.0,0.6483707772726247
92580.0,0.6478824203399213
92640.0,0.6473947334619986
92700.0,0.6469077155081926
92760.0,0.6464213653499178
92820.0,0.645935681860663
92880.0,0.6454506639159883
92940.0,0.6449663103935201
93000.0,0.6444826201729491
93060.0,0.6439995921360252
93120.0,0.6435172251665545
93180.0,0.6430355181503945
93240.0,0.6425544699754527
93300.0,0.6420740795316804
93360.0,0.6415943457110704
93420.0,0.6411152674076526
93480.0,0.6406368435174914
93540.0,0.6401590729386806
93600.0,0.6396819545713406
93660.0,0.6392054873176151
93720.0,0.6387296700816659
93780.0,0.6382545017696711
93840.0,0.6377799812898205
93900.0,0.6373061075523118
93960.0,0.6368328794693471
94020.0,0.6363602959551292
94080.0,0.6358883559258593
94140.0,0.6354170582997309
94200.0,0.6349464019969282
94260.0,0.6344763859396215
94320.0,0.6340070090519639
94380.0,0.6335382702600879
94440.0,0.6330701684921014
94500.0,0.6326027026780844
94560.0,0.632135871750085
94620.0,0.6316696746421169
94680.0,0.6312041102901539
94740.0,0.6307391776321282
94800.0,0.6302748756079263
94860.0,0.6298112031593844
94920.0,0.6293481592302866
94980.0,0.6288857427663604
95040.0,0.6284239527152724
95100.0,0.6279627880266259
95160.0,0.6275022476519576
95220.0,0.6270423305447328
95280.0,0.6265830356603426
95340.0,0.6261243619561013
95400.0,0.6256663083912408
95460.0,0.6252088739269087
95520.0,0.6247520575261645
95580.0,0.6242958581539755
95640.0,0.6238402747772147
95700.0,0.6233853063646548
95760.0,0.6229309518869678
95820.0,0.6224772103167195
95880.0,0.6220240806283661
95940.0,0.6215715617982518
96000.0,0.6211196528046045
96060.0,0.6206683526275322
96120.0,0.6202176602490206
96180.0,0.6197675746529288
96240.0,0.6193180948249852
96300.0,0.6188692197527864
96360.0,0.6184209484257913
96420.0,0.6179732798353184
96480.0,0.6175262129745437
96540.0,0.6170797468384952
96600.0,0.6166338804240512
96660.0,0.6161886127299357
96720.0,0.6157439427567165
96780.0,0.6152998695067993
96840.0,0.6148563919844274
96900.0,0.614413509195676
96960.0,0.6139712201484494
97020.0,0.6135295238524786
97080.0,0.6130884193193162
97140.0,0.6126479055623355
97200.0,0.6122079815967236
97260.0,0.6117686464394824
97320.0,0.611329899109421
97380.0,0.6108917386271551
97440.0,0.6104541640151039
97500.0,0.6100171742974841
97560.0,0.6095807685003091
97620.0,0.609144945651385
97680.0,0.6087097047803068
97740.0,0.6082750449184556
97800.0,0.6078409650989948
97860.0,0.6074074643568682
97920.0,0.6069745417287937
97980.0,0.6065421962532641
98040.0,0.6061104269705404
98100.0,0.6056792329226497
98160.0,0.605248613153383
98220.0,0.6048185667082903
98280.0,0.6043890926346778
98340.0,0.6039601899816056
98400.0,0.6035318577998835
98460.0,0.6031040951420675
98520.0,0.6026769010624571
98580.0,0.6022502746170929
98640.0,0.6018242148637514
98700.0,0.6013987208619433
98760.0,0.6009737916729102
98820.0,0.6005494263596204
98880.0,0.6001256239867666
98940.0,0.5997023836207624
99000.0,0.5992797043297394
99060.0,0.5988575851835433
99120.0,0.5984360252537314
99180.0,0.5980150236135692
99240.0,0.5975945793380268
99300.0,0.5971746915037771
99360.0,0.5967553591891904
99420.0,0.5963365814743335
99480.0,0.5959183574409652
99540.0,0.5955006861725329
99600.0,0.5950835667541711
99660.0,0.5946669982726969
99720.0,0.5942509798166069
99780.0,0.5938355104760741
99840.0,0.5934205893429462
99900.0,0.59300621551074
99960.0,0.5925923880746401
100020.0,0.5921791061314957
100080.0,0.5917663687798165
100140.0,0.5913541751197703
100200.0,0.5909425242531805
100260.0,0.5905314152835209
100320.0,0.5901208473159156
100380.0,0.5897108194571332
100440.0,0.5893013308155856
100500.0,0.5888923805013238
100560.0,0.5884839676260352
100620.0,0.5880760913030407
100680.0,0.5876687506472921
100740.0,0.5872619447753676
100800.0,0.5868556728054702
100860.0,0.5864499338574238
100920.0,0.5860447270526709
100980.0,0.5856400515142688
101040.0,0.585235906366887
101100.0,0.5848322907368042
101160.0,0.5844292037519055
101220.0,0.5840266445416782
101280.0,0.5836246122372106
101340.0,0.5832231059711879
101400.0,0.5828221248778889
101460.0,0.5824216680931844
101520.0,0.5820217347545423
101580.0,0.5816223240009889
101640.0,0.5812234349732407
101700.0,0.5808250668134809
101760.0,0.5804272186654378
101820.0,0.5800298896744628
101880.0,0.5796330789873926
101940.0,0.5792367857527297
102000.0,0.5788410091205849
102060.0,0.5784457482426173
102120.0,0.5780510022719849
102180.0,0.5776567703634998
102240.0,0.5772630516734223
102300.0,0.5768698453595473
102360.0,0.5764771505812375
102420.0,0.5760849664994174
102480.0,0.575693292276558
102540.0,0.5753021270766665
102600.0,0.5749114700652839
102660.0,0.5745213204094833
102720.0,0.5741316772778676
102780.0,0.5737425398405565
102840.0,0.5733539072692212
102900.0,0.5729657787369536
102960.0,0.5725781534184511
103020.0,0.572191030489971
103080.0,0.5718044091292732
103140.0,0.5714182885155702
103200.0,0.5710326678296749
103260.0,0.5706475462538031
103320.0,0.5702629229716566
103380.0,0.5698787971684554
103440.0,0.5694951680309329
103500.0,0.5691120347473194
103560.0,0.5687293965073335
103620.0,0.5683472525021792
103680.0,0.5679656019245442
103740.0,0.567584443968597
103800.0,0.5672037778299858
103860.0,0.5668236027058337
103920.0,0.5664439177947374
103980.0,0.5660647222967633
104040.0,0.5656860154134453
104100.0,0.5653077963477824
104160.0,0.5649300643042342
104220.0,0.564552818488721
104280.0,0.5641760581086182
104340.0,0.563799782372755
104400.0,0.5634239904914122
104460.0,0.5630486816763179
104520.0,0.5626738551406454
104580.0,0.5622995100990115
104640.0,0.561925645767472
104700.0,0.5615522613635208
104760.0,0.561179356106085
104820.0,0.5608069292155248
104880.0,0.5604349799136282
104940.0,0.5600635074236109
105000.0,0.5596925109701106
105060.0,0.5593219897791872
105120.0,0.5589519430783182
105180.0,0.5585823700963972
105240.0,0.5582132700637301
105300.0,0.5578446422120334
105360.0,0.5574764857744309
105420.0,0.557108799985451
105480.0,0.5567415840810253
105540.0,0.5563748372984838
105600.0,0.5560085588765542
105660.0,0.5556427480553576
105720.0,0.5552774040764078
105780.0,0.5549125261826067
105840.0,0.5545481136182427
105900.0,0.5541841656289885
105960.0,0.5538206814618968
106020.0,0.5534576603653996
106080.0,0.5530951015893047
106140.0,0.5527330043847927
106200.0,0.5523713680044147
106260.0,0.5520101917020908
106320.0,0.5516494747331053
106380.0,0.5512892163541065
106440.0,0.550929415823102
106500.0,0.5505700723994572
106560.0,0.5502111853438932
106620.0,0.5498527539184829
106680.0,0.5494947773866499
106740.0,0.5491372550131643
106800.0,0.5487801860641414
106860.0,0.5484235698070389
106920.0,0.5480674055106545
106980.0,0.5477116924451219
107040.0,0.5473564298819107
107100.0,0.5470016170938218
107160.0,0.5466472533549862
107220.0,0.5462933379408613
107280.0,0.5459398701282294
107340.0,0.545586849195195
107400.0,0.545234274421181
107460.0,0.5448821450869286
107520.0,0.5445304604744927
107580.0,0.5441792198672402
107640.0,0.5438284225498474
107700.0,0.5434780678082979
107760.0,0.5431281549298795
107820.0,0.5427786832031819
107880.0,0.5424296519180942
107940.0,0.5420810603658031
108000.0,0.5417329078387654
108060.0,0.5413851967306287
108120.0,0.5410379201312293
108180.0,0.5406910802506686
108240.0,0.5403446766050207
108300.0,0.5399987084992012
108360.0,0.53965317521455
108420.0,0.5393080760754396
108480.0,0.5389634103551952
108540.0,0.5386191774115545
108600.0,0.5382753765099986
108660.0,0.5379320069347742
108720.0,0.5375890679900843
108780.0,0.5372465589878729
108840.0,0.5369044792405567
108900.0,0.5365628280600226
108960.0,0.5362216047587585
109020.0,0.5358808086506205
109080.0,0.5355404390509324
109140.0,0.5352004952763477
109200.0,0.5348609766447558
109260.0,0.5345218824752653
109320.0,0.5341832120882166
109380.0,0.5338449648051492
109440.0,0.5335071399489273
109500.0,0.5331697368435294
109560.0,0.5328327548142897
109620.0,0.5324961931877572
109680.0,0.532160051291677
109740.0,0.5318243284550083
109800.0,0.5314890240079368
109860.0,0.5311541372818755
109920.0,0.5308196676094543
109980.0,0.5304856143245175
110040.0,0.5301519767621213
110100.0,0.5298187542585326
110160.0,0.529485946151228
110220.0,0.5291535517788903
110280.0,0.5288215704814055
110340.0,0.5284900015998614
110400.0,0.5281588444765455
110460.0,0.5278280984549418
110520.0,0.5274977628797293
110580.0,0.527167837096779
110640.0,0.5268383204531528
110700.0,0.5265092122971
110760.0,0.5261805119780554
110820.0,0.5258522188466372
110880.0,0.5255243322546448
110940.0,0.5251968515550564
111000.0,0.5248697761020267
111060.0,0.5245431052508844
111120.0,0.5242168383581313
111180.0,0.5238909747814372
111240.0,0.5235655138796409
111300.0,0.5232404550127463
111360.0,0.5229157975419197
111420.0,0.5225915408294893
111480.0,0.5222676842389414
111540.0,0.5219442271349184
111600.0,0.5216211688832172
111660.0,0.5212985088507869
111720.0,0.520976246405726
111780.0,0.5206543809172814
111840.0,0.5203329117558443
111900.0,0.5200118382929493
111960.0,0.5196911599012732
112020.0,0.5193708759546298
112080.0,0.5190509858279712
112140.0,0.5187314888973825
112200.0,0.518412384540082
112260.0,0.5180936721344179
112320.0,0.5177753510598666
112380.0,0.5174574206970295
112440.0,0.5171398804276325
112500.0,0.5168227296345222
112560.0,0.5165059677016653
112620.0,0.516189594014145
112680.0,0.51587360795816
112740.0,0.5155580089210212
112800.0,0.515242796291151
112860.0,0.5149279694580802
112920.0,0.5146135278124462
112980.0,0.5142994707459905
113040.0,0.5139857976515564
113100.0,0.5136725079230883
113160.0,0.5133596009556286
113220.0,0.5130470761453146
113280.0,0.512734932889378
113340.0,0.512423170586143
113400.0,0.5121117886350219
113460.0,0.5118007864365155
113520.0,0.5114901633922103
113580.0,0.5111799189047748
113640.0,0.5108700523779603
113700.0,0.5105605632165969
113760.0,0.5102514508265906
113820.0,0.5099427146149246
113880.0,0.5096343539896532
113940.0,0.5093263683599024
114000.0,0.5090187571358673
114060.0,0.5087115197288097
114120.0,0.5084046555510556
114180.0,0.5080981640159945
114240.0,0.5077920445380764
114300.0,0.5074862965328092
114360.0,0.5071809194167586
114420.0,0.5068759126075442
114480.0,0.506571275523838
114540.0,0.5062670075853631
114600.0,0.5059631082128909
114660.0,0.5056595768282389
114720.0,0.5053564128542699
114780.0,0.5050536157148879
114840.0,0.504751184835039
114900.0,0.5044491196407067
114960.0,0.5041474195589111
115020.0,0.5038460840177071
115080.0,0.5035451124461822
115140.0,0.5032445042744537
115200.0,0.5029442589336678
115260.0,0.502644375855998
115320.0,0.5023448544746416
115380.0,0.5020456942238183
115440.0,0.5017468945387691
115500.0,0.5014484548557535
115560.0,0.5011503746120473
115620.0,0.5008526532459417
115680.0,0.5005552901967405
115740.0,0.5002582849047581
115800.0,0.49996163681131817
115860.0,0.49966534535875123
115920.0,0.49936940999039287
115980.0,0.4990738301505818
116040.0,0.4987786052846581
116100.0,0.49848373483896063
116160.0,0.498189218260826
116220.0,0.49789505499858644
116280.0,0.49760124450156695
116340.0,0.49730778622008476
116400.0,0.4970146796054469
116460.0,0.4967219241099474
116520.0,0.4964295191868669
116580.0,0.4961374642904699
116640.0,0.49584575887600274
116700.0,0.4955544023996921
116760.0,0.49526339431874317
116820.0,0.4949727340913372
116880.0,0.49468242117663025
116940.0,0.4943924550347511
117000.0,0.4941028351267992
117060.0,0.493813560914843
117120.0,0.49352463186191803
117180.0,0.4932360474320249
117240.0,0.49294780709012803
117300.0,0.4926599103021527
117360.0,0.4923723565349842
117420.0,0.49208514525646574
117480.0,0.4917982759353962
117540.0,0.49151174804152886
117600.0,0.49122556104556897
117660.0,0.4909397144191725
117720.0,0.49065420763494416
117780.0,0.4903690401664348
117840.0,0.4900842114881409
117900.0,0.4897997210755021
117960.0,0.48951556840489885
118020.0,0.48923175295365157
118080.0,0.48894827420001835
118140.0,0.48866513162319297
118200.0,0.4883823247033036
118260.0,0.48809985292141034
118320.0,0.4878177157595042
118380.0,0.4875359127005049
118440.0,0.48725444322825867
118500.0,0.4869733068275373
118560.0,0.4866925029840359
118620.0,0.48641203118437104
118680.0,0.4861318909160792
118740.0,0.4858520816676147
118800.0,0.4855726029283486
118860.0,0.4852934541885659
118920.0,0.48501463493946473
118980.0,0.4847361446731543
119040.0,0.48445798288265257
119100.0,0.48418014906188556
119160.0,0.4839026427056845
119220.0,0.4836254633097852
119280.0,0.48334861037082516
119340.0,0.48307208338634267
119400.0,0.48279588185477507
119460.0,0.48252000527545613
119520.0,0.48224445314861536
119580.0,0.481969224975376
119640.0,0.4816943202577527
119700.0,0.48141973849865066
119760.0,0.4811454792018634
119820.0,0.48087154187207115
119880.0,0.4805979260148392
119940.0,0.48032463113661616
120000.0,0.4800516567447323
120060.0,0.4797790023473978
120120.0,0.479506667453701
120180.0,0.4792346515736069
120240.0,0.4789629542179551
120300.0,0.47869157489845876
120360.0,0.4784205131277022
120420.0,0.4781497684191396
120480.0,0.4778793402870935
120540.0,0.47760922824675256
120600.0,0.4773394318141705
120660.0,0.47706995050626394
120720.0,0.4768007838408111
120780.0,0.47653193133645005
120840.0,0.4762633925126768
120900.0,0.4759951668898442
120960.0,0.47572725398915955
121020.0,0.47545965333268336
121080.0,0.47519236444332824
121140.0,0.474925386844856
121200.0,0.47465872006187726
121260.0,0.474392363619849
121320.0,0.4741263170450732
121380.0,0.4738605798646955
121440.0,0.47359515160670296
121500.0,0.47333003179992283
121560.0,0.4730652199740212
121620.0,0.4728007156595007
121680.0,0.47253651838769944
121740.0,0.4722726276907892
121800.0,0.47200904310177383
121860.0,0.47174576415448743
121920.0,0.4714827903835934
121980.0,0.4712201213245822
122040.0,0.47095775651376975
122100.0,0.4706956954882966
122160.0,0.47043393778612536
122220.0,0.47017248294603964
122280.0,0.4699113305076426
122340.0,0.46965048001135495
122400.0,0.46938993099841375
122460.0,0.46912968301087066
122520.0,0.4688697355915902
122580.0,0.46861008828424855
122640.0,0.46835074063333193
122700.0,0.46809169218413454
122760.0,0.4678329424827579
122820.0,0.4675744910761084
122880.0,0.4673163375118962
122940.0,0.46705848133863365
123000.0,0.4668009221056338
123060.0,0.4665436593630087
123120.0,0.4662866926616679
123180.0,0.46603002155331685
123240.0,0.465773645590456
123300.0,0.46551756432637786
123360.0,0.4652617773151671
123420.0,0.4650062841116978
123480.0,0.4647510842716328
123540.0,0.46449617735142146
123600.0,0.46424156290829854
123660.0,0.46398724050028284
123720.0,0.46373320968617515
123780.0,0.46347947002555717
123840.0,0.4632260210787902
123900.0,0.46297286240701296
123960.0,0.46271999357214055
124020.0,0.4624674141368629
124080.0,0.46221512366464357
124140.0,0.4619631217197174
124200.0,0.46171140786709
124260.0,0.46145998167253566
124320.0,0.46120884270259604
124380.0,0.4609579905245788
124440.0,0.46070742470655607
124500.0,0.4604571448173628
124560.0,0.46020715042659543
124620.0,0.45995744110461073
124680.0,0.45970801642252357
124740.0,0.4594588759522061
124800.0,0.4592100192662865
124860.0,0.45896144593814664
124920.0,0.4587131555419212
124980.0,0.4584651476524966
125040.0,0.45821742184550857
125100.0,0.4579699776973413
125160.0,0.4577228147851265
125220.0,0.4574759326867409
125280.0,0.45722933098082974
125340.0,0.4569830092467332
125400.0,0.4567369670645938
125460.0,0.4564912040152311
125520.0,0.4562457196802138
125580.0,0.4560005136418597
125640.0,0.4557555854832262
125700.0,0.45551093478810445
125760.0,0.455266561141017
125820.0,0.4550224641272174
125880.0,0.4547786433326893
125940.0,0.45453509834414463
126000.0,0.4542918287490228
126060.0,0.4540488341354889
126120.0,0.45380611409243227
126180.0,0.4535636682094651
126240.0,0.4533214960768974
126300.0,0.45307959728580927
126360.0,0.4528379714279284
126420.0,0.4525966180957726
126480.0,0.45235553688256713
126540.0,0.45211472738225694
126600.0,0.4518741891894497
126660.0,0.4516339218995244
126720.0,0.45139392510851356
126780.0,0.45115419841316995
126840.0,0.45091474141096505
126900.0,0.45067555370008017
126960.0,0.45043663487940117
127020.0,0.4501979845485168
127080.0,0.4499596023077175
127140.0,0.4497214877579948
127200.0,0.44948364050104045
127260.0,0.4492460601392212
127320.0,0.4490087462756489
127380.0,0.44877169851406273
127440.0,0.44853491645896615
127500.0,0.4482983997155472
127560.0,0.4480621478896909
127620.0,0.44782616058792335
127680.0,0.44759043741751725
127740.0,0.4473549779863781
127800.0,0.44711978190310775
127860.0,0.44688484877700446
127920.0,0.4466501782180531
127980.0,0.44641576983692033
128040.0,0.44618162324495325
128100.0,0.44594773805417814
128160.0,0.4457141138772999
128220.0,0.4454807503277009
128280.0,0.44524764701943903
128340.0,0.44501480356724693
128400.0,0.44478221958653064
128460.0,0.444549894693368
128520.0,0.44431782850448565
128580.0,0.44408602063732566
128640.0,0.44385447070993256
128700.0,0.4436231783410853
128760.0,0.44339214315021974
128820.0,0.44316136475744167
128880.0,0.44293084278347233
128940.0,0.4427005768497502
129000.0,0.44247056657832123
129060.0,0.44224081159190076
129120.0,0.44201131151387246
129180.0,0.4417820659682795
129240.0,0.44155307457982046
129300.0,0.4413243369738468
129360.0,0.4410958527763626
129420.0,0.4408676216140237
129480.0,0.4406396431141366
129540.0,0.4404119169046567
129600.0,0.44018444261413225
129660.0,0.43995722216543115
129720.0,0.43973025062474064
129780.0,0.4395035297574238
129840.0,0.4392770593452942
129900.0,0.43905083902617614
129960.0,0.43882486842046425
130020.0,0.4385991471783403
130080.0,0.4383736748964569
130140.0,0.43814845125598595
130200.0,0.4379234758706908
130260.0,0.4376987483622128
130320.0,0.4374742683635851
130380.0,0.4372500355130038
130440.0,0.43702604944928164
130500.0,0.4368023098108729
130560.0,0.43657881623640366
130620.0,0.4363555683651452
130680.0,0.4361325658371154
130740.0,0.43590980829301296
130800.0,0.4356872953741599
130860.0,0.4354650267224872
130920.0,0.4352430019805403
130980.0,0.43502122079145883
131040.0,0.43479968279906966
131100.0,0.4345783876477224
131160.0,0.43435733498245965
131220.0,0.4341365244489358
131280.0,0.4339159556934039
131340.0,0.4336956283627223
131400.0,0.4334755421043624
131460.0,0.4332556965664093
131520.0,0.4330360913975581
131580.0,0.4328167262471116
131640.0,0.43259760076497844
131700.0,0.4323787146016736
131760.0,0.4321600674083168
131820.0,0.4319416588366316
131880.0,0.4317234885389435
131940.0,0.43150555616817987
132000.0,0.43128786137786745
132060.0,0.4310704038221324
132120.0,0.4308531831556988
132180.0,0.4306361990338868
132240.0,0.43041945111261254
132300.0,0.43020293904838663
132360.0,0.4299866624983125
132420.0,0.4297706211200862
132480.0,0.42955481457199396
132540.0,0.42933924251291317
132600.0,0.42912390460230854
132660.0,0.42890880050023317
132720.0,0.42869392986732674
132780.0,0.4284792923648137
132840.0,0.4282648876545032
132900.0,0.42805071539878764
132960.0,0.4278367752606406
133020.0,0.4276230669036178
133080.0,0.42740958999185363
133140.0,0.42719634419006164
133200.0,0.42698332916353327
133260.0,0.42677054457813574
133320.0,0.42655799010031226
133380.0,0.42634566539707996
133440.0,0.42613357013602915
133500.0,0.42592170398532264
133560.0,0.4257100666136935
133620.0,0.4254986576904456
133680.0,0.42528747688545093
133740.0,0.4250765238691493
133800.0,0.42486579831254756
133860.0,0.42465529988721773
133920.0,0.4244450282652968
133980.0,0.42423498311948427
134040.0,0.4240251641230431
134100.0,0.4238155709497966
134160.0,0.4236062032741289
134220.0,0.423397060770983
134280.0,0.42318814311585995
134340.0,0.42297944998481757
134400.0,0.4227709810544701
134460.0,0.42256273600198657
134520.0,0.42235471450508927
134580.0,0.4221469162420541
134640.0,0.4219393408917081
134700.0,0.421731988133429
134760.0,0.42152485764714426
134820.0,0.42131794911333004
134880.0,0.4211112622130098
134940.0,0.42090479662775365
135000.0,0.420698552039677
135060.0,0.42049252813143945
135120.0,0.4202867245862445
135180.0,0.4200811410878378
135240.0,0.41987577732050574
135300.0,0.41967063296907553
135360.0,0.41946570771891395
135420.0,0.41926100125592497
135480.0,0.41905651326655063
135540.0,0.41885224343776867
135600.0,0.4186481914570922
135660.0,0.4184443570125682
135720.0,0.4182407397927772
135780.0,0.4180373394868314
135840.0,0.41783415578437405
135900.0,0.41763118837557894
135960.0,0.41742843695114856
136020.0,0.41722590120231334
136080.0,0.4170235808208312
136140.0,0.4168214754989857
136200.0,0.4166195849295856
136260.0,0.41641790880596397
136320.0,0.4162164468219764
136380.0,0.41601519867200093
136440.0,0.41581416405093663
136500.0,0.41561334265420263
136560.0,0.415412734177737
136620.0,0.41521233831799614
136680.0,0.4150121547719534
136740.0,0.4148121832370984
136800.0,0.41461242341143584
136860.0,0.4144128749934845
136920.0,0.4142135376822767
136980.0,0.41401441117735677
137040.0,0.41381549517878
137100.0,0.41361678938711266
137160.0,0.41341829350342973
137220.0,0.41322000722931485
137280.0,0.41302193026685896
137340.0,0.41282406231865937
137400.0,0.41262640308781884
137460.0,0.41242895227794507
137520.0,0.4122317095931486
137580.0,0.41203467473804284
137640.0,0.4118378474177435
137700.0,0.41164122733786557
137760.0,0.41144481420452517
137820.0,0.4112486077243364
137880.0,0.4110526076044117
137940.0,0.41085681355235987
138000.0,0.41066122527628607
138060.0,0.4104658424847904
138120.0,0.4102706648869672
138180.0,0.4100756921924033
138240.0,0.4098809241111787
138300.0,0.4096863603538638
138360.0,0.40949200063152014
138420.0,0.40929784465569796
138480.0,0.40910389213843634
138540.0,0.4089101427922621
138600.0,0.4087165963301885
138660.0,0.4085232524657144
138720.0,0.40833011091282356
138780.0,0.40813717138598393
138840.0,0.4079444336001459
138900.0,0.40775189727074224
138960.0,0.40755956211368694
139020.0,0.4073674278453738
139080.0,0.4071754941826766
139140.0,0.40698376084294724
139200.0,0.40679222754401456
139260.0,0.4066008940041849
139320.0,0.4064097599422399
139380.0,0.40621882507743606
139440.0,0.4060280891295036
139500.0,0.4058375518186461
139560.0,0.40564721286553906
139620.0,0.40545707199132935
139680.0,0.4052671289176339
139740.0,0.4050773833665395
139800.0,0.40488783506060083
139860.0,0.40469848372284123
139920.0,0.40450932907674997
139980.0,0.40432037084628264
140040.0,0.40413160875585996
140100.0,0.4039430425303661
140160.0,0.40375467189514974
140220.0,0.4035664965760208
140280.0,0.4033785162992514
140340.0,0.4031907307915741
140400.0,0.4030031397801812
140460.0,0.40281574299272394
140520.0,0.40262854015731186
140580.0,0.40244153100251134
140640.0,0.4022547152573455
140700.0,0.40206809265129234
140760.0,0.401881662914285
140820.0,0.40169542577671036
140880.0,0.4015093809694077
140940.0,0.4013235282236689
141000.0,0.40113786727123685
141060.0,0.40095239784430453
141120.0,0.4007671196755147
141180.0,0.4005820324979589
141240.0,0.400397136045176
141300.0,0.4002124300511522
141360.0,0.40002791425031975
141420.0,0.39984358837755607
141480.0,0.39965945216818316
141540.0,0.3994755053579663
141600.0,0.39929174768311404
141660.0,0.3991081788802764
141720.0,0.3989247986865449
141780.0,0.3987416068394509
141840.0,0.3985586030769657
141900.0,0.3983757871374985
141960.0,0.3981931587598971
142020.0,0.39801071768344576
142080.0,0.39782846364786495
142140.0,0.3976463963933107
142200.0,0.39746451566037316
142260.0,0.39728282119007624
142320.0,0.3971013127238772
142380.0,0.3969199900036649
142440.0,0.39673885277175935
142500.0,0.3965579007709113
142560.0,0.3963771337443012
142620.0,0.396196551435538
142680.0,0.3960161535886585
142740.0,0.3958359399481273
142800.0,0.3956559102588354
142860.0,0.3954760642660985
142920.0,0.395296401715658
142980.0,0.3951169223536791
143040.0,0.39493762592675025
143100.0,0.3947585121818817
143160.0,0.3945795808665063
143220.0,0.39440083172847706
143280.0,0.3942222645160673
143340.0,0.39404387897796944
143400.0,0.39386567486329466
143460.0,0.39368765192157124
143520.0,0.39350980990274526
143580.0,0.39333214855717796
143640.0,0.39315466763564644
143700.0,0.3929773668893424
143760.0,0.39280024606987124
143820.0,0.3926233049292511
143880.0,0.39244654321991274
143940.0,0.3922699606946981
144000.0,0.39209355710686
144060.0,0.39191733221006125
144120.0,0.3917412857583733
144180.0,0.3915654175062767
144240.0,0.39138972720865906
144300.0,0.391214214620815
144360.0,0.39103887949844557
144420.0,0.39086372159765653
144480.0,0.39068874067495896
144540.0,0.390513936487267
144600.0,0.3903393087918983
144660.0,0.3901648573465729
144720.0,0.3899905819094121
144780.0,0.38981648223893806
144840.0,0.3896425580940733
144900.0,0.3894688092341392
144960.0,0.389295235418856
145020.0,0.3891218364083417
145080.0,0.38894861196311115
145140.0,0.38877556184407613
145200.0,0.38860268581254326
145260.0,0.38842998363021436
145320.0,0.3882574550591857
145380.0,0.38808509986194606
145440.0,0.38791291780137777
145500.0,0.3877409086407546
145560.0,0.38756907214374153
145620.0,0.38739740807439405
145680.0,0.3872259161971574
145740.0,0.38705459627686567
145800.0,0.3868834480787412
145860.0,0.3867124713683944
145920.0,0.3865416659118215
145980.0,0.3863710314754058
146040.0,0.3862005678259155
146100.0,0.3860302747305032
146160.0,0.3858601519567062
146220.0,0.38569019927244436
146280.0,0.38552041644602003
146340.0,0.3853508032461181
146400.0,0.38518135944180365
146460.0,0.38501208480252264
146520.0,0.38484297909810045
146580.0,0.38467404209874184
146640.0,0.384505273575029
146700.0,0.3843366732979226
146760.0,0.3841682410387595
146820.0,0.38399997656925317
146880.0,0.3838318796614919
146940.0,0.38366395008793946
147000.0,0.3834961876214331
147060.0,0.38332859203518366
147120.0,0.3831611631027746
147180.0,0.3829939005981614
147240.0,0.3828268042956705
147300.0,0.38265987396999956
147360.0,0.38249310939621534
147420.0,0.3823265103497542
147480.0,0.3821600766064213
147540.0,0.38199380794238896
147600.0,0.38182770413419725
147660.0,0.3816617649587525
147720.0,0.38149599019332664
147780.0,0.3813303796155567
147840.0,0.38116493300344473
147900.0,0.38099965013535564
147960.0,0.38083453079001783
148020.0,0.38066957474652235
148080.0,0.38050478178432184
148140.0,0.3803401516832295
148200.0,0.3801756842234196
148260.0,0.3800113791854255
148320.0,0.3798472363501402
148380.0,0.3796832554988149
148440.0,0.37951943641305796
148500.0,0.3793557788748357
148560.0,0.3791922826664702
148620.0,0.3790289475706394
148680.0,0.37886577337037636
148740.0,0.37870275984906865
148800.0,0.3785399067904574
148860.0,0.37837721397863694
148920.0,0.378214681198054
148980.0,0.3780523082335071
149040.0,0.37789009487014613
149100.0,0.377728040893471
149160.0,0.37756614608933187
149220.0,0.3774044102439279
149280.0,0.37724283314380674
149340.0,0.3770814145758643
149400.0,0.3769201543273433
149460.0,0.3767590521858332
149520.0,0.3765981079392698
149580.0,0.3764373213759335
149640.0,0.3762766922844499
149700.0,0.3761162204537888
149760.0,0.37595590567326315
149820.0,0.37579574773252844
149880.0,0.3756357464215829
149940.0,0.37547590153076604
150000.0,0.37531621285075767
150060.0,0.3751566801725788
150120.0,0.3749973032875896
150180.0,0.37483808198748925
150240.0,0.37467901606431514
150300.0,0.37452010531044305
150360.0,0.3743613495185851
150420.0,0.3742027484817901
150480.0,0.3740443019934433
150540.0,0.37388600984726467
150600.0,0.37372787183730893
150660.0,0.3735698877579648
150720.0,0.37341205740395444
150780.0,0.37325438057033306
150840.0,0.37309685705248763
150900.0,0.3729394866461508
150960.0,0.37278226914735146
151020.0,0.3726252043524957
151080.0,0.37246829205828214
151140.0,0.3723115320617283
151200.0,0.37215492416021845
151260.0,0.3719984699262939
151320.0,0.37184216561327216
151380.0,0.37168601272533597
151440.0,0.3715300111282519
151500.0,0.3713741606307446
151560.0,0.3712184610254947
151620.0,0.37106291211869763
151680.0,0.37090751369045166
151740.0,0.37075226556814783
151800.0,0.37059716754272815
151860.0,0.37044221940655414
151920.0,0.3702874209580463
151980.0,0.3701327719991313
152040.0,0.36997827233246683
152100.0,0.36982392176053913
152160.0,0.36966972008583276
152220.0,0.3695156671111141
152280.0,0.36936176263952797
152340.0,0.36920800647457486
152400.0,0.36905439842007837
152460.0,0.3689009382801705
152520.0,0.3687476258592947
152580.0,0.3685944609621987
152640.0,0.3684414433939728
152700.0,0.3682885729599771
152760.0,0.3681358494659198
152820.0,0.3679832727178243
152880.0,0.36783084252201836
152940.0,0.36767855868513694
153000.0,0.36752642101412536
153060.0,0.3673744293162408
153120.0,0.3672225833990509
153180.0,0.36707088307043245
153240.0,0.3669193281385701
153300.0,0.3667679184119564
153360.0,0.3666166536993922
153420.0,0.3664655338099845
153480.0,0.3663145585531471
153540.0,0.36616372773859934
153600.0,0.3660130411763662
153660.0,0.3658624986767766
153720.0,0.36571210005046434
153780.0,0.3655618451083662
153840.0,0.3654117336617225
153900.0,0.36526176552207557
153960.0,0.36511194050126955
154020.0,0.36496225841145047
154080.0,0.3648127190650648
154140.0,0.36466332227485915
154200.0,0.3645140678538798
154260.0,0.3643649556154729
154320.0,0.364215985373282
154380.0,0.36406715694124947
154440.0,0.36391847013361533
154500.0,0.36376992476491593
154560.0,0.3636215206499846
154620.0,0.36347325760395016
154680.0,0.3633251354422371
154740.0,0.3631771539805644
154800.0,0.3630293130349455
154860.0,0.3628816124216875
154920.0,0.3627340519573907
154980.0,0.362586631458948
155040.0,0.3624393507435447
155100.0,0.3622922096286573
155160.0,0.3621452079320533
155220.0,0.3619983454717913
155280.0,0.36185162206621935
155340.0,0.36170503753397504
155400.0,0.3615585916939851
155460.0,0.3614122843654648
155520.0,0.36126611536791664
155580.0,0.36112008452113126
155640.0,0.3609741916451855
155700.0,0.3608284365604431
155760.0,0.36068281908755306
155820.0,0.36053733904744995
155880.0,0.36039199626135315
155940.0,0.360246790550766
156000.0,0.36010172173747595
156060.0,0.3599567896435532
156120.0,0.35981199409135095
156180.0,0.3596673349035044
156240.0,0.35952281190293073
156300.0,0.3593784249128276
156360.0,0.3592341737566743
156420.0,0.35909005825822937
156480.0,0.35894607824153135
156540.0,0.35880223353089763
156600.0,0.35865852395092473
156660.0,0.35851494932648686
156720.0,0.35837150948273566
156780.0,0.3582282042451004
156840.0,0.3580850334392866
156900.0,0.3579419968912756
156960.0,0.35779909442732494
157020.0,0.35765632587396695
157080.0,0.35751369105800834
157140.0,0.35737118980653
157200.0,0.35722882194688677
157260.0,0.35708658730670606
157320.0,0.3569444857138883
157380.0,0.35680251699660576
157440.0,0.3566606809833023
157500.0,0.3565189775026931
157560.0,0.35637740638376403
157620.0,0.35623596745577063
157680.0,0.3560946605482384
157740.0,0.35595348549096223
157800.0,0.35581244211400537
157860.0,0.35567153024769915
157920.0,0.355530749722643
157980.0,0.3553901003697031
158040.0,0.3552495820200126
158100.0,0.35510919450497125
158160.0,0.35496893765624377
158220.0,0.3548288113057609
158280.0,0.3546888152857176
158340.0,0.3545489494285739
158400.0,0.35440921356705274
158460.0,0.3542696075341412
158520.0,0.35413013116308906
158580.0,0.35399078428740827
158640.0,0.35385156674087304
158700.0,0.3537124783575186
158760.0,0.35357351897164196
158820.0,0.35343468841779996
158880.0,0.35329598653080974
158940.0,0.35315741314574806
159000.0,0.35301896809795086
159060.0,0.35288065122301254
159120.0,0.3527424623567859
159180.0,0.35260440133538123
159240.0,0.35246646799516657
159300.0,0.3523286621727661
159360.0,0.3521909837050605
159420.0,0.352053432429187
159480.0,0.3519160081825372
159540.0,0.35177871080275847
159600.0,0.35164154012775223
159660.0,0.35150449599567385
159720.0,0.3513675782449331
159780.0,0.3512307867141915
159840.0,0.3510941212423644
159900.0,0.35095758166861885
159960.0,0.35082116783237377
160020.0,0.35068487957329947
160080.0,0.35054871673131677
160140.0,0.35041267914659713
160200.0,0.350276766659562
160260.0,0.35014097911088243
160320.0,0.3500053163414782
160380.0,0.34986977819251763
160440.0,0.3497343645054179
160500.0,0.34959907512184296
160560.0,0.3494639098837049
160620.0,0.34932886863316165
160680.0,0.3491939512126187
160740.0,0.3490591574647265
160800.0,0.34892448723238123
160860.0,0.34878994035872457
160920.0,0.3486555166871423
160980.0,0.34852121606126435
161040.0,0.348387038324965
161100.0,0.3482529833223612
161160.0,0.34811905089781287
161220.0,0.3479852408959228
161280.0,0.34785155316153493
161340.0,0.3477179875397357
161400.0,0.3475845438758522
161460.0,0.34745122201545203
161520.0,0.34731802180434357
161580.0,0.3471849430885743
161640.0,0.34705198571443213
161700.0,0.3469191495284429
161760.0,0.3467864343773716
161820.0,0.3466538401082212
161880.0,0.34652136656823257
161940.0,0.34638901360488317
162000.0,0.3462567810658882
162060.0,0.34612466879919856
162120.0,0.34599267665300165
162180.0,0.3458608044757201
162240.0,0.34572905211601196
162300.0,0.3455974194227698
162360.0,0.3454659062451204
162420.0,0.345334512432425
162480.0,0.34520323783427775
162540.0,0.34507208230050584
162600.0,0.34494104568116973
162660.0,0.3448101278265614
162720.0,0.3446793285872051
162780.0,0.34454864781385625
162840.0,0.34441808535750135
162900.0,0.3442876410693574
162960.0,0.3441573148008717
163020.0,0.3440271064037212
163080.0,0.34389701572981224
163140.0,0.3437670426312799
163200.0,0.34363718696048834
163260.0,0.34350744857002913
163320.0,0.3433778273127222
163380.0,0.3432483230416141
163440.0,0.3431189356099791
163500.0,0.3429896648713171
163560.0,0.34286051067935475
163620.0,0.34273147288804434
163680.0,0.3426025513515629
163740.0,0.3424737459243131
163800.0,0.34234505646092145
163860.0,0.3422164828162391
163920.0,0.3420880248453405
163980.0,0.3419596824035235
164040.0,0.3418314553463089
164100.0,0.34170334352944004
164160.0,0.3415753468088823
164220.0,0.34144746504082263
164280.0,0.34131969808166984
164340.0,0.3411920457880527
164400.0,0.3410645080168216
164460.0,0.3409370846250461
164520.0,0.34080977547001645
164580.0,0.3406825804092415
164640.0,0.34055549930044915
164700.0,0.3404285320015866
164760.0,0.3403016783708182
164820.0,0.3401749382665271
164880.0,0.34004831154731313
164940.0,0.3399217980719933
165000.0,0.33979539769960154
165060.0,0.33966911028938823
165120.0,0.3395429357008188
165180.0,0.33941687379357494
165240.0,0.3392909244275532
165300.0,0.33916508746286494
165360.0,0.33903936275983554
165420.0,0.338913750179005
165480.0,0.33878824958112624
165540.0,0.33866286082716596
165600.0,0.3385375837783033
165660.0,0.3384124182959301
165720.0,0.3382873642416502
165780.0,0.3381624214772793
165840.0,0.3380375898648439
165900.0,0.3379128692665825
165960.0,0.3377882595449431
166020.0,0.3376637605625846
166080.0,0.3375393721823757
166140.0,0.3374150942673942
166200.0,0.3372909266809272
166260.0,0.33716686928647105
166320.0,0.3370429219477295
166380.0,0.3369190845286151
166440.0,0.3367953568932476
166500.0,0.33667173890595437
166560.0,0.3365482304312695
166620.0,0.3364248313339334
166680.0,0.33630154147889324
166740.0,0.3361783607313012
166800.0,0.33605528895651576
166860.0,0.3359323260200999
166920.0,0.3358094717878215
166980.0,0.3356867261256529
167040.0,0.33556408889977035
167100.0,0.3354415599765536
167160.0,0.33531913922258616
167220.0,0.33519682650465393
167280.0,0.3350746216897458
167340.0,0.3349525246450524
167400.0,0.3348305352379668
167460.0,0.3347086533360831
167520.0,0.334586878807197
167580.0,0.33446521151930436
167640.0,0.33434365134060223
167700.0,0.33422219813948717
167760.0,0.3341008517845558
167820.0,0.3339796121446039
167880.0,0.3338584790886266
167940.0,0.3337374524858174
168000.0,0.3336165322055684
168060.0,0.3334957181174693
168120.0,0.3333750100913081
168180.0,0.33325440799706935
168240.0,0.333133911704935
168300.0,0.33301352108528376
168360.0,0.33289323600869025
168420.0,0.33277305634592474
168480.0,0.332652981967954
168540.0,0.3325330127459392
168600.0,0.3324131485512365
168660.0,0.3322933892553972
168720.0,0.33217373473016604
168780.0,0.3320541848474821
168840.0,0.33193473947947794
168900.0,0.33181539849847896
168960.0,0.33169616177700406
169020.0,0.3315770291877639
169080.0,0.33145800060366176
169140.0,0.33133907589779277
169200.0,0.3312202549434434
169260.0,0.33110153761409145
169320.0,0.33098292378340516
169380.0,0.3308644133252439
169440.0,0.3307460061136566
169500.0,0.33062770202288233
169560.0,0.3305095009273499
169620.0,0.3303914027016766
169680.0,0.3302734072206692
169740.0,0.3301555143593228
169800.0,0.3300377239928203
169860.0,0.3299200359965331
169920.0,0.32980245024601956
169980.0,0.32968496661702573
170040.0,0.329567584985484
170100.0,0.3294503052275138
170160.0,0.32933312721942043
170220.0,0.32921605083769523
170280.0,0.32909907595901494
170340.0,0.3289822024602421
170400.0,0.3288654302184233
170460.0,0.3287487591107905
170520.0,0.32863218901475955
170580.0,0.32851571980793015
170640.0,0.3283993513680862
170700.0,0.32828308357319413
170760.0,0.32816691630140415
170820.0,0.32805084943104845
170880.0,0.32793488284064226
170940.0,0.3278190164088821
171000.0,0.32770325001464695
171060.0,0.3275875835369969
171120.0,0.32747201685517274
171180.0,0.3273565498485968
171240.0,0.32724118239687117
171300.0,0.3271259143797788
171360.0,0.3270107456772817
171420.0,0.3268956761695219
171480.0,0.3267807057368207
171540.0,0.3266658342596781
171600.0,0.3265510616187727
171660.0,0.3264363876949612
171720.0,0.3263218123692789
171780.0,0.3262073355229381
171840.0,0.3260929570373287
171900.0,0.325978676794018
171960.0,0.32586449467474926
172020.0,0.3257504105614428
172080.0,0.3256364243361951
172140.0,0.325522535881278
172200.0,0.3254087450791392
172260.0,0.3252950518124014
172320.0,0.3251814559638627
172380.0,0.32506795741649513
172440.0,0.3249545560534455
172500.0,0.32484125175803447
172560.0,0.3247280444137563
172620.0,0.3246149339042788
172680.0,0.3245019201134431
172740.0,0.3243890029252624
172800.0,0.32427618222392335
172860.0,0.3241634592704207
172920.0,0.32405083122468287
172980.0,0.32393829926247397
173040.0,0.323825863320116
173100.0,0.32371352329556735
173160.0,0.32360127907088865
173220.0,0.32348913053118783
173280.0,0.3233770775562219
173340.0,0.32326512004397967
173400.0,0.32315325787698895
173460.0,0.3230414909361274
173520.0,0.32292981910524704
173580.0,0.3228182422706056
173640.0,0.32270676031920403
173700.0,0.32259537313800857
173760.0,0.32248408061392947
173820.0,0.3223728826339861
173880.0,0.3222617790853909
173940.0,0.3221507698555502
174000.0,0.32203985483204417
174060.0,0.3219290339026169
174120.0,0.3218183069551752
174180.0,0.3217076738777894
174240.0,0.3215971345587004
174300.0,0.3214866888863015
174360.0,0.32137633674916244
174420.0,0.32126607803602125
174480.0,0.3211559126357786
174540.0,0.32104584043749507
174600.0,0.32093586133039526
174660.0,0.3208259752038672
174720.0,0.320716181947463
174780.0,0.32060648145089776
174840.0,0.32049687360404916
174900.0,0.32038735829695686
174960.0,0.32027793541982286
175020.0,0.3201686048630111
175080.0,0.32005936651704686
175140.0,0.319950220272617
175200.0,0.3198411660205693
175260.0,0.31973220365191174
175320.0,0.319623333057814
175380.0,0.31951455412960444
175440.0,0.3194058667587725
175500.0,0.31929727083696635
175560.0,0.31918876625599446
175620.0,0.3190803529078236
175680.0,0.3189720306845795
175740.0,0.318863799478547
175800.0,0.31875565918216825
175860.0,0.3186476096880443
175920.0,0.3185396508889334
175980.0,0.3184317826777514
176040.0,0.3183240049475713
176100.0,0.31821631759162317
176160.0,0.31810872050329364
176220.0,0.31800121357612543
176280.0,0.31789379670381773
176340.0,0.31778646978022584
176400.0,0.3176792326993598
176460.0,0.3175720853553859
176520.0,0.3174650276426245
176580.0,0.3173580594555517
176640.0,0.3172511806887975
176700.0,0.31714439123714644
176760.0,0.3170376909955369
176820.0,0.31693107985906105
176880.0,0.31682455772296453
176940.0,0.3167181244826463
177000.0,0.316611780033658
177060.0,0.31650552427170414
177120.0,0.31639935709264166
177180.0,0.31629327839247956
177240.0,0.31618728806737867
177300.0,0.31608138601365177
177360.0,0.31597557212776295
177420.0,0.31586984630632714
177480.0,0.31576420844611036
177540.0,0.31565865844402935
177600.0,0.31555319619715083
177660.0,0.3154478216026919
177720.0,0.31534253455801964
177780.0,0.3152373349606505
177840.0,0.31513222270825014
177900.0,0.3150271976986337
177960.0,0.3149222598297649
178020.0,0.3148174089997558
178080.0,0.3147126451068673
178140.0,0.3146079680495081
178200.0,0.31450337772623466
178260.0,0.3143988740357511
178320.0,0.3142944568769089
178380.0,0.31419012614870634
178440.0,0.31408588175028884
178500.0,0.31398172358094845
178560.0,0.3138776515401232
178620.0,0.3137736655273973
178680.0,0.313669765442501
178740.0,0.31356595118530983
178800.0,0.3134622226558449
178860.0,0.3133585797542721
178920.0,0.3132550223809026
178980.0,0.31315155043619153
179040.0,0.31304816382073924
179100.0,0.3129448624352892
179160.0,0.31284164618072957
179220.0,0.3127385149580916
179280.0,0.3126354686685501
179340.0,0.31253250721342307
179400.0,0.3124296304941714
179460.0,0.31232683841239817
179520.0,0.3122241308698497
179580.0,0.31212150776841363
179640.0,0.3120189690101202
179700.0,0.3119165144971409
179760.0,0.3118141441317888
179820.0,0.3117118578165182
179880.0,0.31160965545392416
179940.0,0.311507536946743
180000.0,0.31140550219785085
180060.0,0.3113035511102646
180120.0,0.31120168358714073
180180.0,0.3110998995317761
180240.0,0.3109981988476064
180300.0,0.31089658143820703
180360.0,0.31079504720729273
180420.0,0.3106935960587164
180480.0,0.31059222789646984
180540.0,0.3104909426246837
180600.0,0.31038974014762605
180660.0,0.31028862036970306
180720.0,0.3101875831954588
180780.0,0.31008662852957475
180840.0,0.3099857562768694
180900.0,0.30988496634229834
180960.0,0.3097842586309537
181020.0,0.30968363304806457
181080.0,0.3095830894989958
181140.0,0.30948262788924885
181200.0,0.3093822481244603
181260.0,0.30928195011040316
181320.0,0.30918173375298524
181380.0,0.30908159895824966
181440.0,0.3089815456323744
181500.0,0.30888157368167213
181560.0,0.3087816830125902
181620.0,0.30868187353170995
181680.0,0.30858214514574667
181740.0,0.30848249776154985
181800.0,0.3083829312861019
181860.0,0.3082834456265193
181920.0,0.3081840406900512
181980.0,0.3080847163840796
182040.0,0.3079854726161193
182100.0,0.3078863092938177
182160.0,0.30778722632495414
182220.0,0.30768822361744
182280.0,0.3075893010793188
182340.0,0.30749045861876506
182400.0,0.3073916961440852
182460.0,0.3072930135637163
182520.0,0.3071944107862265
182580.0,0.3070958877203147
182640.0,0.3069974442748103
182700.0,0.30689908035867264
182760.0,0.30680079588099174
182820.0,0.3067025907509864
182880.0,0.3066044648780061
182940.0,0.30650641817152896
183000.0,0.3064084505411625
183060.0,0.30631056189664313
183120.0,0.3062127521478361
183180.0,0.30611502120473516
183240.0,0.3060173689774623
183300.0,0.30591979537626757
183360.0,0.3058223003115289
183420.0,0.30572488369375184
183480.0,0.30562754543356946
183540.0,0.3055302854417421
183600.0,0.305433103629157
183660.0,0.3053359999068282
183720.0,0.3052389741858965
183780.0,0.3051420263776289
183840.0,0.30504515639341867
183900.0,0.30494836414478493
183960.0,0.3048516495433729
184020.0,0.30475501250095277
184080.0,0.3046584529294205
184140.0,0.3045619707407971
184200.0,0.30446556584722834
184260.0,0.304369238160985
184320.0,0.30427298759446186
184380.0,0.3041768140601786
184440.0,0.3040807174707784
184500.0,0.303984697739029
184560.0,0.3038887547778209
184620.0,0.3037928885001691
184680.0,0.303697098819211
184740.0,0.3036013856482075
184800.0,0.30350574890054227
184860.0,0.3034101884897218
184920.0,0.30331470432937463
184980.0,0.30321929633325184
185040.0,0.3031239644152264
185100.0,0.3030287084892932
185160.0,0.3029335284695691
185220.0,0.30283842427029145
185280.0,0.30274339580581994
185340.0,0.3026484429906346
185400.0,0.3025535657393363
185460.0,0.30245876396664706
185520.0,0.3023640375874087
185580.0,0.3022693865165837
185640.0,0.3021748106692544
185700.0,0.3020803099606229
185760.0,0.3019858843060112
185820.0,0.3018915336208605
185880.0,0.3017972578207312
185940.0,0.30170305682130294
186000.0,0.30160893053837406
186060.0,0.3015148788878617
186120.0,0.3014209017858013
186180.0,0.3013269991483465
186240.0,0.30123317089176915
186300.0,0.301139416932459
186360.0,0.3010457371869233
186420.0,0.30095213157178685
186480.0,0.300858600003792
186540.0,0.3007651423997974
186600.0,0.3006717586767796
186660.0,0.30057844875183104
186720.0,0.3004852125421614
186780.0,0.3003920499650958
186840.0,0.30029896093807623
186900.0,0.3002059453786604
186960.0,0.30011300320452144
187020.0,0.30002013433344865
187080.0,0.2999273386833461
187140.0,0.2998346161722332
187200.0,0.29974196671824443
187260.0,0.29964939023962933
187320.0,0.29955688665475133
187380.0,0.29946445588208886
187440.0,0.2993720978402346
187500.0,0.2992798124478948
187560.0,0.29918759962388997
187620.0,0.299095459287154
187680.0,0.29900339135673437
187740.0,0.29891139575179215
187800.0,0.29881947239160084
187860.0,0.2987276211955477
187920.0,0.29863584208313176
187980.0,0.2985441349739654
188040.0,0.29845249978777305
188100.0,0.2983609364443912
188160.0,0.29826944486376866
188220.0,0.29817802496596557
188280.0,0.29808667667115407
188340.0,0.29799539989961776
188400.0,0.29790419457175127
188460.0,0.29781306060806034
188520.0,0.2977219979291618
188580.0,0.2976310064557829
188640.0,0.2975400861087616
188700.0,0.29744923680904634
188760.0,0.2973584584776953
188820.0,0.29726775103587716
188880.0,0.29717711440487005
188940.0,0.297086548506062
189000.0,0.2969960532609501
189060.0,0.2969056285911408
189120.0,0.2968152744183502
189180.0,0.29672499066440255
189240.0,0.29663477725123133
189300.0,0.2965446341008783
189360.0,0.29645456113549384
189420.0,0.2963645582773362
189480.0,0.2962746254487718
189540.0,0.2961847625722753
189600.0,0.29609496957042825
189660.0,0.29600524636592035
189720.0,0.2959155928815485
189780.0,0.2958260090402164
189840.0,0.2957364947649349
189900.0,0.295647049978822
189960.0,0.2955576746051018
190020.0,0.29546836856710496
190080.0,0.2953791317882687
190140.0,0.29528996419213605
190200.0,0.29520086570235604
190260.0,0.2951118362426836
190320.0,0.2950228757369788
190380.0,0.2949339841092077
190440.0,0.2948451612834414
190500.0,0.29475640718385565
190560.0,0.2946677217347317
190620.0,0.2945791048604551
190680.0,0.2944905564855162
190740.0,0.29440207653450945
190800.0,0.294313664932134
190860.0,0.29422532160319254
190920.0,0.2941370464725918
190980.0,0.29404883946534227
191040.0,0.29396070050655804
191100.0,0.2938726295214563
191160.0,0.2937846264353579
191220.0,0.2936966911736862
191280.0,0.2936088236619676
191340.0,0.2935210238258315
191400.0,0.29343329159100945
191460.0,0.2933456268833353
191520.0,0.2932580296287457
191580.0,0.29317049975327875
191640.0,0.2930830371830744
191700.0,0.2929956418443747
191760.0,0.2929083136635231
191820.0,0.2928210525669643
191880.0,0.292733858481244
191940.0,0.2926467313330095
192000.0,0.2925596710490086
192060.0,0.2924726775560897
192120.0,0.2923857507812024
192180.0,0.29229889065139575
192240.0,0.2922120970938198
192300.0,0.29212537003572425
192360.0,0.2920387094044589
192420.0,0.2919521151274731
192480.0,0.2918655871323161
192540.0,0.2917791253466362
192600.0,0.2916927296981811
192660.0,0.2916064001147978
192720.0,0.291520136524432
192780.0,0.29143393885512825
192840.0,0.29134780703502955
192900.0,0.2912617409923776
192960.0,0.29117574065551227
193020.0,0.2910898059528718
193080.0,0.291003936812992
193140.0,0.290918133164507
193200.0,0.290832394936148
193260.0,0.29074672205674423
193320.0,0.29066111445522197
193380.0,0.2905755720606048
193440.0,0.29049009480201354
193500.0,0.29040468260866553
193560.0,0.2903193354098748
193620.0,0.2902340531350525
193680.0,0.2901488357137057
193740.0,0.2900636830754377
193800.0,0.28997859514994817
193860.0,0.28989357186703274
193920.0,0.2898086131565825
193980.0,0.2897237189485846
194040.0,0.28963888917312147
194100.0,0.28955412376037065
194160.0,0.28946942264060516
194220.0,0.28938478574419313
194280.0,0.2893002130015974
194340.0,0.2892157043433753
194400.0,0.2891312597001791
194460.0,0.28904688008239887
194520.0,0.2889625633296069
194580.0,0.28887831029650307
194640.0,0.28879412099736507
194700.0,0.28870999537472547
194760.0,0.2886259333568794
194820.0,0.2885419348725342
194880.0,0.2884579998542346
194940.0,0.28837412823353376
195000.0,0.28829031994506427
195060.0,0.28820657491685586
195120.0,0.28812289307868844
195180.0,0.2880392743621357
195240.0,0.2879557186994309
195300.0,0.28787222602281376
195360.0,0.2877887962644516
195420.0,0.28770542935654586
195480.0,0.28762212523140185
195540.0,0.28753888382143666
195600.0,0.28745570505916596
195660.0,0.28737258887719586
195720.0,0.2872895352082214
195780.0,0.28720654398502793
195840.0,0.28712361514049006
195900.0,0.287040748607576
195960.0,0.28695794431934063
196020.0,0.286875202208936
196080.0,0.286792522209604
196140.0,0.28670990425467424
196200.0,0.28662734827756564
196260.0,0.2865448542117879
196320.0,0.2864624219909407
196380.0,0.2863800515487133
196440.0,0.28629774281888465
196500.0,0.286215495735323
196560.0,0.28613331023198585
196620.0,0.2860511862429197
196680.0,0.28596912370226013
196740.0,0.2858871225442318
196800.0,0.2858051827031478
196860.0,0.28572330411340985
196920.0,0.285641486709508
196980.0,0.2855597304260208
197040.0,0.2854780351976148
197100.0,0.2853964009590444
197160.0,0.28531482764515204
197220.0,0.285233315190868
197280.0,0.2851518635312098
197340.0,0.28507047260128277
197400.0,0.2849891423362792
197460.0,0.2849078726714786
197520.0,0.2848266635422479
197580.0,0.2847455148840405
197640.0,0.2846644266323964
197700.0,0.2845833987229426
197760.0,0.2845024310913926
197820.0,0.2844215236735459
197880.0,0.2843406764052884
197940.0,0.28425988922259193
198000.0,0.28417916206151433
198060.0,0.2840984948581995
198120.0,0.2840178875488764
198180.0,0.28393734006985993
198240.0,0.28385685235755026
198300.0,0.28377642434843287
198360.0,0.28369605597907815
198420.0,0.28361574718614174
198480.0,0.28353549790636395
198540.0,0.2834553080765696
198600.0,0.28337517763366854
198660.0,0.2832951065146548
198720.0,0.28321509465660666
198780.0,0.2831351419966865
198840.0,0.28305524847214114
198900.0,0.282975414020301
198960.0,0.28289563857858013
199020.0,0.2828159220844765
199080.0,0.2827362644755716
199140.0,0.28265666568952996
199200.0,0.2825771256640998
199260.0,0.282497644337112
199320.0,0.2824182216464808
199380.0,0.282338857530203
199440.0,0.2822595519263583
199500.0,0.2821803047731091
199560.0,0.28210111600869997
199620.0,0.2820219855714579
199680.0,0.281942913399792
199740.0,0.28186389943219387
199800.0,0.2817849436072365
199860.0,0.2817060458635749
199920.0,0.281627206139946
199980.0,0.28154842437516786
200040.0,0.2814697005081402
200100.0,0.2813910344778441
200160.0,0.28131242622334157
200220.0,0.28123387568377606
200280.0,0.2811553827983713
200340.0,0.2810769475064325
200400.0,0.2809985697473451
200460.0,0.2809202494605751
200520.0,0.28084198658566895
200580.0,0.2807637810622536
200640.0,0.2806856328300358
200700.0,0.2806075418288025
200760.0,0.28052950799842047
200820.0,0.2804515312788366
200880.0,0.2803736116100769
200940.0,0.280295748932247
201000.0,0.28021794318553234
201060.0,0.2801401943101974
201120.0,0.28006250224658547
201180.0,0.2799848669351194
201240.0,0.2799072883163008
201300.0,0.2798297663307098
201360.0,0.2797523009190053
201420.0,0.279674892021925
201480.0,0.27959753958028477
201540.0,0.2795202435349786
201600.0,0.279443003826979
201660.0,0.2793658203973362
201720.0,0.27928869318717875
201780.0,0.2792116221377126
201840.0,0.27913460719022143
201900.0,0.27905764828606666
201960.0,0.2789807453666871
202020.0,0.27890389837359875
202080.0,0.2788271072483949
202140.0,0.27875037193274577
202200.0,0.2786736923683988
202260.0,0.27859706849717797
202320.0,0.278520500260984
202380.0,0.27844398760179456
202440.0,0.27836753046166324
202500.0,0.27829112878272044
202560.0,0.2782147825071725
202620.0,0.2781384915773021
202680.0,0.2780622559354676
202740.0,0.2779860755241034
202800.0,0.27790995028572
202860.0,0.27783388016290295
202920.0,0.2777578650983135
202980.0,0.27768190503468854
203040.0,0.2776059999148401
203100.0,0.2775301496816551
203160.0,0.2774543542780963
203220.0,0.27737861364720046
203280.0,0.2773029277320795
203340.0,0.2772272964759203
203400.0,0.2771517198219841
203460.0,0.27707619771360664
203520.0,0.27700073009419784
203580.0,0.2769253169072421
203640.0,0.27684995809629803
203700.0,0.2767746536049978
203760.0,0.27669940337704796
203820.0,0.27662420735622845
203880.0,0.2765490654863931
203940.0,0.2764739777114693
204000.0,0.2763989439754576
204060.0,0.2763239642224323
204120.0,0.2762490383965406
204180.0,0.2761741664420026
204240.0,0.27609934830311184
204300.0,0.2760245839242347
204360.0,0.27594987324980985
204420.0,0.27587521622434885
204480.0,0.2758006127924361
204540.0,0.2757260628987279
204600.0,0.2756515664879531
204660.0,0.27557712350491265
204720.0,0.27550273389447977
204780.0,0.2754283976015996
204840.0,0.2753541145712887
204900.0,0.27527988474863596
204960.0,0.27520570807880174
205020.0,0.2751315845070176
205080.0,0.2750575139785869
205140.0,0.27498349643888426
205200.0,0.27490953183335504
205260.0,0.27483562010751633
205320.0,0.27476176120695583
205380.0,0.274687955077332
205440.0,0.2746142016643743
205500.0,0.2745405009138827
205560.0,0.2744668527717278
205620.0,0.27439325718385044
205680.0,0.27431971409626194
205740.0,0.2742462234550438
205800.0,0.2741727852063476
205860.0,0.27409939929639476
205920.0,0.2740260656714769
205980.0,0.27395278427795505
206040.0,0.2738795550622602
206100.0,0.27380637797089286
206160.0,0.27373325295042267
206220.0,0.27366017994748915
206280.0,0.27358715890880064
206340.0,0.2735141897811347
206400.0,0.2734412725113379
206460.0,0.273368407046326
206520.0,0.2732955933330831
206580.0,0.2732228313186624
206640.0,0.27315012095018554
206700.0,0.27307746217484274
206760.0,0.27300485493989246
206820.0,0.27293229919266143
206880.0,0.27285979488054485
206940.0,0.2727873419510057
207000.0,0.272714940351575
207060.0,0.27264259002985175
207120.0,0.2725702909335026
207180.0,0.27249804301026176
207240.0,0.2724258462079313
207300.0,0.2723537004743806
207360.0,0.27228160575754606
207420.0,0.2722095620054318
207480.0,0.27213756916610893
207540.0,0.2720656271877154
207600.0,0.2719937360184563
207660.0,0.27192189560660357
207720.0,0.27185010590049574
207780.0,0.27177836684853807
207840.0,0.27170667839920226
207900.0,0.2716350405010265
207960.0,0.27156345310261537
208020.0,0.27149191615263946
208080.0,0.27142042959983553
208140.0,0.2713489933930066
208200.0,0.2712776074810215
208260.0,0.27120627181281454
208320.0,0.27113498633738614
208380.0,0.27106375100380226
208440.0,0.27099256576119424
208500.0,0.27092143055875884
208560.0,0.27085034534575836
208620.0,0.2707793100715201
208680.0,0.2707083246854366
208740.0,0.2706373891369652
208800.0,0.2705665033756284
208860.0,0.2704956673510134
208920.0,0.2704248810127721
208980.0,0.27035414431062116
209040.0,0.2702834571943415
209100.0,0.27021281961377885
209160.0,0.27014223151884287
209220.0,0.2700716928595075
209280.0,0.2700012035858111
209340.0,0.2699307636478558
209400.0,0.26986037299580784
209460.0,0.269790031579897
209520.0,0.26971973935041715
209580.0,0.26964949625772555
209640.0,0.2695793022522431
209700.0,0.2695091572844542
209760.0,0.2694390613049066
209820.0,0.26936901426421117
209880.0,0.2692990161130419
209940.0,0.26922906680213615
210000.0,0.26915916628229386
210060.0,0.26908931450437823
210120.0,0.2690195114193149
210180.0,0.2689497569780924
210240.0,0.2688800511317618
210300.0,0.2688103938314365
210360.0,0.2687407850282926
210420.0,0.2686712246735681
210480.0,0.26860171271856365
210540.0,0.2685322491146417
210600.0,0.26846283381322683
210660.0,0.2683934667658056
210720.0,0.26832414792392606
210780.0,0.2682548772391985
210840.0,0.2681856546632946
210900.0,0.2681164801479474
210960.0,0.26804735364495186
211020.0,0.26797827510616395
211080.0,0.2679092444835008
211140.0,0.2678402617289411
211200.0,0.26777132679452437
211260.0,0.2677024396323512
211320.0,0.2676336001945831
211380.0,0.26756480843344227
211440.0,0.26749606430121164
211500.0,0.267427367750235
211560.0,0.26735871873291644
211620.0,0.2672901172017204
211680.0,0.26722156310917206
211740.0,0.2671530564078564
211800.0,0.2670845970504189
211860.0,0.2670161849895651
211920.0,0.26694782017806007
211980.0,0.2668795025687294
212040.0,0.2668112321144581
212100.0,0.2667430087681911
212160.0,0.2666748324829328
212220.0,0.2666067032117472
212280.0,0.26653862090775765
212340.0,0.26647058552414704
212400.0,0.2664025970141574
212460.0,0.2663346553310899
212520.0,0.2662667604283049
212580.0,0.26619891225922165
212640.0,0.26613111077731855
212700.0,0.2660633559361324
212760.0,0.26599564768925893
212820.0,0.26592798599035294
212880.0,0.26586037079312713
212940.0,0.26579280205135286
213000.0,0.26572527971886006
213060.0,0.2656578037495369
213120.0,0.26559037409732955
213180.0,0.2655229907162424
213240.0,0.2654556535603382
213300.0,0.26538836258373705
213360.0,0.2653211177406171
213420.0,0.2652539189852147
213480.0,0.26518676627182347
213540.0,0.2651196595547945
213600.0,0.26505259878853676
213660.0,0.2649855839275164
213720.0,0.26491861492625696
213780.0,0.26485169173933926
213840.0,0.2647848143214014
213900.0,0.2647179826271382
213960.0,0.2646511966113019
214020.0,0.2645844562287013
214080.0,0.26451776143420214
214140.0,0.2644511121827271
214200.0,0.26438450842925515
214260.0,0.26431795012882214
214320.0,0.2642514372365203
214380.0,0.26418496970749805
214440.0,0.26411854749696045
214500.0,0.2640521705601686
214560.0,0.2639858388524398
214620.0,0.2639195523291473
214680.0,0.2638533109457206
214740.0,0.263787114657645
214800.0,0.26372096342046103
214860.0,0.263654857189766
214920.0,0.2635887959212121
214980.0,0.2635227795705071
215040.0,0.2634568080934148
215100.0,0.2633908814457538
215160.0,0.2633249995833982
215220.0,0.2632591624622776
215280.0,0.26319337003837634
215340.0,0.263127622267734
215400.0,0.2630619191064452
215460.0,0.2629962605106595
215520.0,0.262930646436581
215580.0,0.26286507684046884
215640.0,0.2627995516786367
215700.0,0.2627340709074528
215760.0,0.2626686344833399
215820.0,0.2626032423627751
215880.0,0.26253789450229
215940.0,0.2624725908584703
216000.0,0.2624073313879559
216060.0,0.26234211690687936
216120.0,0.26227694575239213
216180.0,0.2622118185261265
216240.0,0.2621467352970642
216300.0,0.2620816960318424
216360.0,0.2620167006844911
216420.0,0.26195174920958764
216480.0,0.2618868415660229
216540.0,0.26182197770679716
216600.0,0.2617571575943915
216660.0,0.2616923811835441
216720.0,0.2616276484299401
216780.0,0.2615629592905626
216840.0,0.2614983137229568
216900.0,0.2614337116847104
216960.0,0.2613691531333495
217020.0,0.2613046380264016
217080.0,0.26124016632144953
217140.0,0.26117573797614335
217200.0,0.2611113529481917
217260.0,0.26104701119535584
217320.0,0.26098271267544765
217380.0,0.26091845734633085
217440.0,0.260854245165919
217500.0,0.26079007609218363
217560.0,0.26072595008314103
217620.0,0.2606618670968652
217680.0,0.26059782709148244
217740.0,0.26053383002516933
217800.0,0.2604698758561536
217860.0,0.26040596454271464
217920.0,0.26034209604318437
217980.0,0.2602782703159458
218040.0,0.26021448731943375
218100.0,0.260150747012134
218160.0,0.260087049352584
218220.0,0.26002339429937255
218280.0,0.25995978181113927
218340.0,0.25989621184657546
218400.0,0.25983268436442297
218460.0,0.2597691993234748
218520.0,0.2597057566825751
218580.0,0.25964235640061833
218640.0,0.2595789984365503
218700.0,0.25951568274936687
218760.0,0.2594524092981149
218820.0,0.2593891780418918
218880.0,0.2593259889398453
218940.0,0.2592628419511736
219000.0,0.2591997370351249
219060.0,0.25913667415099817
219120.0,0.25907365325814186
219180.0,0.2590106743159553
219240.0,0.25894773728388704
219300.0,0.25888484212143625
219360.0,0.2588219887881513
219420.0,0.258759177243631
219480.0,0.25869640744752326
219540.0,0.2586336793595263
219600.0,0.2585709929393873
219660.0,0.25850834814690316
219720.0,0.2584457449419202
219780.0,0.2583831832843343
219840.0,0.25832066313409036
219900.0,0.25825818445118237
219960.0,0.2581957471956541
220020.0,0.2581333513275975
220080.0,0.25807099680715395
220140.0,0.258008683594514
220200.0,0.2579464116499166
220260.0,0.25788418093364956
220320.0,0.2578219914060498
220380.0,0.2577598430275025
220440.0,0.25769773575844107
220500.0,0.2576356695593483
220560.0,0.2575736443907546
220620.0,0.2575116602132391
220680.0,0.25744971698742924
220740.0,0.2573878146740004
220800.0,0.2573259532336766
220860.0,0.2572641326272291
220920.0,0.2572023528154778
220980.0,0.2571406137592907
221040.0,0.257078915419583
221100.0,0.25701725775731804
221160.0,0.256955640733507
221220.0,0.2568940643092083
221280.0,0.25683252844552856
221340.0,0.2567710331036213
221400.0,0.25670957824468754
221460.0,0.25664816382997624
221520.0,0.256586789820783
221580.0,0.256525456178451
221640.0,0.2564641628643705
221700.0,0.25640290983997877
221760.0,0.25634169706676035
221820.0,0.2562805245062464
221880.0,0.25621939212001504
221940.0,0.25615829986969185
222000.0,0.25609724771694803
222060.0,0.2560362356235022
222120.0,0.2559752635511196
222180.0,0.25591433146161163
222240.0,0.2558534393168367
222300.0,0.2557925870786992
222360.0,0.2557317747091498
222420.0,0.255671002170186
222480.0,0.2556102694238509
222540.0,0.2555495764322341
222600.0,0.2554889231574711
222660.0,0.2554283095617435
222720.0,0.25536773560727904
222780.0,0.25530720125635076
222840.0,0.255246706471278
222900.0,0.25518625121442595
222960.0,0.25512583544820494
223020.0,0.2550654591350713
223080.0,0.2550051222375268
223140.0,0.25494482471811875
223200.0,0.2548845665394397
223260.0,0.2548243476641277
223320.0,0.25476416805486624
223380.0,0.25470402767438344
223440.0,0.2546439264854534
223500.0,0.2545838644508945
223560.0,0.25452384153357066
223620.0,0.25446385769639057
223680.0,0.2544039129023078
223740.0,0.2543440071143207
223800.0,0.2542841402954727
223860.0,0.25422431240885135
223920.0,0.2541645234175893
223980.0,0.2541047732848638
224040.0,0.25404506197389587
224100.0,0.2539853894479522
224160.0,0.2539257556703426
224220.0,0.2538661606044221
224280.0,0.25380660421358925
224340.0,0.2537470864612874
224400.0,0.253687607311004
224460.0,0.2536281667262698
224520.0,0.2535687646706603
224580.0,0.2535094011077948
224640.0,0.2534500760013361
224700.0,0.2533907893149913
224760.0,0.25333154101251065
224820.0,0.25327233105768854
224880.0,0.25321315941436295
224940.0,0.2531540260464152
225000.0,0.25309493091777
225060.0,0.25303587399239597
225120.0,0.2529768552343044
225180.0,0.25291787460755055
225240.0,0.25285893207623233
225300.0,0.2528000276044914
225360.0,0.2527411611565121
225420.0,0.25268233269652185
225480.0,0.2526235421887913
225540.0,0.2525647895976337
225600.0,0.25250607488740556
225660.0,0.2524473980225058
225720.0,0.2523887589673763
225780.0,0.2523301576865016
225840.0,0.2522715941444087
225900.0,0.25221306830566737
225960.0,0.25215458013488984
226020.0,0.2520961295967304
226080.0,0.25203771665588637
226140.0,0.251979341277097
226200.0,0.25192100342514345
226260.0,0.2518627030648499
226320.0,0.2518044401610821
226380.0,0.25174621467874775
226440.0,0.2516880265827969
226500.0,0.25162987583822133
226560.0,0.25157176241005513
226620.0,0.25151368626337356
226680.0,0.251455647363294
226740.0,0.2513976456749758
226800.0,0.25133968116361943
226860.0,0.2512817537944672
226920.0,0.25122386353280296
226980.0,0.25116601034395214
227040.0,0.2511081941932813
227100.0,0.2510504150461986
227160.0,0.2509926728681534
227220.0,0.25093496762463624
227280.0,0.250877299281179
227340.0,0.2508196678033545
227400.0,0.2507620731567766
227460.0,0.25070451530710036
227520.0,0.2506469942200217
227580.0,0.25058950986127715
227640.0,0.25053206219664453
227700.0,0.25047465119194223
227760.0,0.25041727681302905
227820.0,0.2503599390258049
227880.0,0.25030263779621004
227940.0,0.2502453730902252
228000.0,0.2501881448738719
228060.0,0.2501309531132117
228120.0,0.25007379777434674
228180.0,0.2500166788234192
228240.0,0.24995959622661215
228300.0,0.24990254995014802
228360.0,0.24984553996028988
228420.0,0.2497885662233409
228480.0,0.2497316287056439
228540.0,0.249674727373582
228600.0,0.24961786219357804
228660.0,0.24956103313209488
228720.0,0.24950424015563494
228780.0,0.2494474832307405
228840.0,0.24939076232399365
228900.0,0.2493340774020157
228960.0,0.24927742843146808
229020.0,0.2492208153790512
229080.0,0.24916423821150524
229140.0,0.24910769689560966
229200.0,0.24905119139818335
229260.0,0.2489947216860843
229320.0,0.24893828772621002
229380.0,0.2488818894854968
229440.0,0.24882552693092044
229500.0,0.24876920002949557
229560.0,0.24871290874827587
229620.0,0.24865665305435394
229680.0,0.24860043291486147
229740.0,0.2485442482969687
229800.0,0.24848809916788478
229860.0,0.24843198549485776
229920.0,0.2483759072451741
229980.0,0.24831986438615894
230040.0,0.2482638568851761
230100.0,0.24820788470962798
230160.0,0.2481519478269551
230220.0,0.2480960462046367
230280.0,0.24804017981019028
230340.0,0.2479843486111715
230400.0,0.24792855257517443
230460.0,0.24787279166983134
230520.0,0.2478170658628125
230580.0,0.2477613751218263
230640.0,0.24770571941461927
230700.0,0.2476500987089757
230760.0,0.247594512972718
230820.0,0.24753896217370636
230880.0,0.24748344627983865
230940.0,0.24742796525905075
231000.0,0.2473725190793162
231060.0,0.24731710770864593
231120.0,0.24726173111508878
231180.0,0.24720638926673086
231240.0,0.24715108213169612
231300.0,0.24709580967814554
231360.0,0.24704057187427783
231420.0,0.24698536868832885
231480.0,0.2469302000885718
231540.0,0.24687506604331705
231600.0,0.24681996652091237
231660.0,0.2467649014897422
231720.0,0.24670987091822844
231780.0,0.24665487477483
231840.0,0.24659991302804257
231900.0,0.2465449856463988
231960.0,0.24649009259846832
232020.0,0.24643523385285745
232080.0,0.2463804093782094
232140.0,0.2463256191432039
232200.0,0.2462708631165575
232260.0,0.24621614126702326
232320.0,0.24616145356339086
232380.0,0.2461067999744865
232440.0,0.2460521804691727
232500.0,0.2459975950163485
232560.0,0.24594304358494937
232620.0,0.2458885261439468
232680.0,0.24583404266234873
232740.0,0.24577959310919936
232800.0,0.24572517745357883
232860.0,0.24567079566460356
232920.0,0.24561644771142593
232980.0,0.24556213356323425
233040.0,0.24550785318925297
233100.0,0.2454536065587422
233160.0,0.24539939364099808
233220.0,0.24534521440535242
233280.0,0.24529106882117283
233340.0,0.24523695685786268
233400.0,0.24518287848486078
233460.0,0.2451288336716418
233520.0,0.24507482238771575
233580.0,0.2450208446026282
233640.0,0.2449669002859602
233700.0,0.24491298940732806
233760.0,0.24485911193638374
233820.0,0.24480526784281412
233880.0,0.24475145709634155
233940.0,0.24469767966672357
234000.0,0.2446439355237528
234060.0,0.24459022463725694
234120.0,0.24453654697709887
234180.0,0.24448290251317636
234240.0,0.2444292912154222
234300.0,0.2443757130538041
234360.0,0.2443221679983244
234420.0,0.24426865601902056
234480.0,0.24421517708596466
234540.0,0.24416173116926346
234600.0,0.2441083182390584
234660.0,0.2440549382655256
234720.0,0.24400159121887574
234780.0,0.24394827706935385
234840.0,0.2438949957872396
234900.0,0.24384174734284708
234960.0,0.24378853170652467
235020.0,0.2437353488486552
235080.0,0.24368219873965552
235140.0,0.2436290813499771
235200.0,0.2435759966501052
235260.0,0.24352294461055948
235320.0,0.2434699252018937
235380.0,0.24341693839469536
235440.0,0.2433639841595863
235500.0,0.2433110624672221
235560.0,0.24325817328829238
235620.0,0.24320531659352046
235680.0,0.24315249235366354
235740.0,0.24309970053951271
235800.0,0.24304694112189246
235860.0,0.24299421407166127
235920.0,0.24294151935971103
235980.0,0.24288885695696733
236040.0,0.24283622683438913
236100.0,0.24278362896296912
236160.0,0.24273106331373312
236220.0,0.2426785298577405
236280.0,0.242626028566084
236340.0,0.24257355940988964
236400.0,0.24252112236031664
236460.0,0.24246871738855733
236520.0,0.24241634446583749
236580.0,0.24236400356341564
236640.0,0.24231169465258365
236700.0,0.24225941770466636
236760.0,0.24220717269102138
236820.0,0.2421549595830396
236880.0,0.24210277835214442
236940.0,0.24205062896979235
237000.0,0.24199851140747244
237060.0,0.24194642563670687
237120.0,0.24189437162905011
237180.0,0.24184234935608961
237240.0,0.24179035878944513
237300.0,0.2417383999007692
237360.0,0.24168647266174692
237420.0,0.24163457704409566
237480.0,0.24158271301956535
237540.0,0.24153088055993827
237600.0,0.24147907963702914
237660.0,0.24142731093048453
237720.0,0.24137557309785715
237780.0,0.24132386660916652
237840.0,0.24127219153787352
237900.0,0.24122054786748673
237960.0,0.24116893556839436
238020.0,0.24111735461067255
238080.0,0.24106580496707375
238140.0,0.24101428660693217
238200.0,0.24096279950618096
238260.0,0.24091134363566472
238320.0,0.24085991896638803
238380.0,0.24080852547017984
238440.0,0.2407571631193472
238500.0,0.24070583188628933
238560.0,0.24065453174336968
238620.0,0.24060326266293813
238680.0,0.24055202461737105
238740.0,0.2405008175790843
238800.0,0.2404496415205307
238860.0,0.24039849641419556
238920.0,0.2403473822325943
238980.0,0.24029629894827323
239040.0,0.24024524653380896
239100.0,0.24019422496181195
239160.0,0.24014323420491962
239220.0,0.2400922742358043
239280.0,0.2400413450271691
239340.0,0.23999044655174803
239400.0,0.23993957878230543
239460.0,0.23988874169163654
239520.0,0.239837935252568
239580.0,0.239787159437957
239640.0,0.239736414220692
239700.0,0.23968569957369185
239760.0,0.23963501546990665
239820.0,0.23958436188231663
239880.0,0.23953373878393336
239940.0,0.23948314614779867
240000.0,0.23943258394698505
240060.0,0.23938205215459565
240120.0,0.23933155074376428
240180.0,0.23928107968765489
240240.0,0.23923063895946212
240300.0,0.23918022853241097
240360.0,0.23912984837975682
240420.0,0.23907949847478524
240480.0,0.23902917879081242
240540.0,0.2389788893011844
240600.0,0.23892862997927763
240660.0,0.23887840079849867
240720.0,0.23882820173228425
240780.0,0.238778032754101
240840.0,0.23872789383744586
240900.0,0.23867778495584552
240960.0,0.23862770608285683
241020.0,0.23857765719206628
241080.0,0.23852763825709047
241140.0,0.23847764925157589
241200.0,0.23842769014919848
241260.0,0.23837776092366425
241320.0,0.23832786154870883
241380.0,0.2382779919980975
241440.0,0.23822815224562502
241500.0,0.23817834226511608
241560.0,0.23812856203042465
241620.0,0.23807881151543428
241680.0,0.2380290906940579
241740.0,0.23797939954023817
241800.0,0.23792973802794679
241860.0,0.23788010613118493
241920.0,0.23783050382398316
241980.0,0.23778093108040124
242040.0,0.23773138787452822
242100.0,0.2376818741804821
242160.0,0.2376323899724103
242220.0,0.23758293522448948
242280.0,0.23753350991092484
242340.0,0.23748411400595112
242400.0,0.23743474748383187
242460.0,0.23738541031885949
242520.0,0.23733610248535553
242580.0,0.23728682395767003
242640.0,0.2372375747101824
242700.0,0.2371883547173004
242760.0,0.23713916395346077
242820.0,0.2370900023931288
242880.0,0.23704087001079877
242940.0,0.2369917667809933
243000.0,0.23694269267826357
243060.0,0.23689364767718965
243120.0,0.23684463175237988
243180.0,0.23679564487847113
243240.0,0.23674668703012894
243300.0,0.23669775818204686
243360.0,0.236648858308947
243420.0,0.23659998738558002
243480.0,0.23655114538672456
243540.0,0.23650233228718762
243600.0,0.23645354806180444
243660.0,0.23640479268543854
243720.0,0.23635606613298132
243780.0,0.2363073683793526
243840.0,0.23625869939949998
243900.0,0.2362100591683993
243960.0,0.23616144766105435
244020.0,0.23611286485249672
244080.0,0.2360643107177861
244140.0,0.23601578523201008
244200.0,0.23596728837028383
244260.0,0.23591882010775064
244320.0,0.2358703804195814
244380.0,0.23582196928097465
244440.0,0.2357735866671568
244500.0,0.23572523255338193
244560.0,0.23567690691493146
244620.0,0.23562860972711477
244680.0,0.23558034096526848
244740.0,0.23553210060475688
244800.0,0.23548388862097155
244860.0,0.23543570498933183
244920.0,0.23538754968528408
244980.0,0.23533942268430233
245040.0,0.23529132396188768
245100.0,0.2352432534935687
245160.0,0.23519521125490112
245220.0,0.23514719722146793
245280.0,0.2350992113688792
245340.0,0.23505125367277235
245400.0,0.23500332410881153
245460.0,0.23495542265268837
245520.0,0.23490754928012134
245580.0,0.23485970396685582
245640.0,0.23481188668866432
245700.0,0.23476409742134619
245760.0,0.2347163361407276
245820.0,0.23466860282266164
245880.0,0.2346208974430284
245940.0,0.23457321997773423
246000.0,0.23452557040271282
246060.0,0.2344779486939243
246120.0,0.23443035482735528
246180.0,0.2343827887790193
246240.0,0.23433525052495646
246300.0,0.23428774004123323
246360.0,0.23424025730394288
246420.0,0.23419280228920497
246480.0,0.23414537497316545
246540.0,0.23409797533199705
246600.0,0.23405060334189853
246660.0,0.2340032589790952
246720.0,0.23395594221983848
246780.0,0.23390865304040637
246840.0,0.2338613914171029
246900.0,0.2338141573262583
246960.0,0.23376695074422915
247020.0,0.23371977164739802
247080.0,0.2336726200121737
247140.0,0.2336254958149908
247200.0,0.2335783990323104
247260.0,0.23353132964061918
247320.0,0.23348428761642995
247380.0,0.23343727293628155
247440.0,0.23339028557673858
247500.0,0.23334332551439146
247560.0,0.2332963927258567
247620.0,0.23324948718777622
247680.0,0.233202608876818
247740.0,0.23315575776967573
247800.0,0.2331089338430687
247860.0,0.23306213707374182
247920.0,0.2330153674384657
247980.0,0.23296862491403664
248040.0,0.23292190947727628
248100.0,0.2328752211050319
248160.0,0.2328285597741762
248220.0,0.2327819254616076
248280.0,0.2327353181442495
248340.0,0.23268873779905105
248400.0,0.23264218440298667
248460.0,0.232595657933056
248520.0,0.23254915836628393
248580.0,0.2325026856797209
248640.0,0.23245623985044223
248700.0,0.23240982085554862
248760.0,0.23236342867216583
248820.0,0.23231706327744486
248880.0,0.23227072464856166
248940.0,0.2322244127627173
249000.0,0.23217812759713785
249060.0,0.2321318691290744
249120.0,0.232085637335803
249180.0,0.23203943219462456
249240.0,0.23199325368286491
249300.0,0.23194710177787475
249360.0,0.2319009764570296
249420.0,0.2318548776977297
249480.0,0.2318088054774003
249540.0,0.23176275977349095
249600.0,0.2317167405634762
249660.0,0.23167074782485528
249720.0,0.23162478153515187
249780.0,0.23157884167191423
249840.0,0.23153292821271548
249900.0,0.23148704113515292
249960.0,0.23144118041684858
250020.0,0.23139534603544884
250080.0,0.2313495379686245
250140.0,0.2313037561940708
250200.0,0.2312580006895074
250260.0,0.2312122714326782
250320.0,0.23116656840135152
250380.0,0.23112089157331975
250440.0,0.2310752409263997
250500.0,0.23102961643843248
250560.0,0.23098401808728297
250620.0,0.23093844585084072
250680.0,0.23089289970701896
250740.0,0.23084737963375523
250800.0,0.230801885609011
250860.0,0.2307564176107719
250920.0,0.23071097561704745
250980.0,0.230665559605871
251040.0,0.23062016955530018
251100.0,0.23057480544341613
251160.0,0.23052946724832413
251220.0,0.23048415494815305
251280.0,0.23043886852105575
251340.0,0.23039360794520872
251400.0,0.23034837319881232
251460.0,0.23030316426009054
251520.0,0.23025798110729095
251580.0,0.230212823718685
251640.0,0.2301676920725675
251700.0,0.23012258614725697
251760.0,0.23007750592109547
251820.0,0.23003245137244863
251880.0,0.22998742247970527
251940.0,0.2299424192212782
252000.0,0.22989744157560313
252060.0,0.22985248952113946
252120.0,0.22980756303636998
252180.0,0.22976266209980054
252240.0,0.2297177866899606
252300.0,0.2296729367854027
252360.0,0.22962811236470276
252420.0,0.22958331340645963
252480.0,0.2295385398892959
252540.0,0.22949379179185658
252600.0,0.2294490690928104
252660.0,0.229404371770849
252720.0,0.22935969980468696
252780.0,0.2293150531730619
252840.0,0.22927043185473456
252900.0,0.22922583582848866
252960.0,0.22918126507313086
253020.0,0.22913671956749043
253080.0,0.22909219929042007
253140.0,0.2290477042207948
253200.0,0.22900323433751274
253260.0,0.22895878961949478
253320.0,0.22891437004568455
253380.0,0.22886997559504843
253440.0,0.22882560624657536
253500.0,0.22878126197927715
253560.0,0.2287369427721881
253620.0,0.22869264860436533
253680.0,0.22864837945488825
253740.0,0.22860413530285909
253800.0,0.22855991612740242
253860.0,0.22851572190766542
253920.0,0.2284715526228177
253980.0,0.22842740825205132
254040.0,0.22838328877458067
254100.0,0.22833919416964274
254160.0,0.2282951244164965
254220.0,0.2282510794944236
254280.0,0.2282070593827278
254340.0,0.22816306406073517
254400.0,0.228119093507794
254460.0,0.2280751477032748
254520.0,0.22803122662657027
254580.0,0.2279873302570951
254640.0,0.2279434585742864
254700.0,0.22789961155760313
254760.0,0.22785578918652652
254820.0,0.22781199144055939
254880.0,0.22776821829922717
254940.0,0.2277244697420768
255000.0,0.22768074574867742
255060.0,0.22763704629861997
255120.0,0.2275933713715174
255180.0,0.22754972094700435
255240.0,0.22750609500473734
255300.0,0.22746249352439482
255360.0,0.22741891648567691
255420.0,0.2273753638683055
255480.0,0.2273318356520243
255540.0,0.22728833181659922
255600.0,0.22724485234181602
255660.0,0.22720139720748514
255720.0,0.22715796639343613
255780.0,0.22711455987952034
255840.0,0.22707117764561083
255900.0,0.22702781967160254
255960.0,0.22698448593741188
256020.0,0.22694117642297612
256080.0,0.22689789110825556
256140.0,0.22685462997322933
256200.0,0.2268113929978998
256260.0,0.2267681801622913
256320.0,0.22672499144644942
256380.0,0.22668182683043908
256440.0,0.22663868629434925
256500.0,0.22659556981828793
256560.0,0.22655247738238438
256620.0,0.2265094089667894
256680.0,0.22646636455167538
256740.0,0.22642334411723555
256800.0,0.22638034764368378
256860.0,0.22633737511125676
256920.0,0.22629442650020934
256980.0,0.2262515017908195
257040.0,0.2262086009633867
257100.0,0.22616572399823137
257160.0,0.22612287087569288
257220.0,0.22608004157613434
257280.0,0.22603723607993742
257340.0,0.22599445436750493
257400.0,0.22595169641926072
257460.0,0.22590896221564974
257520.0,0.22586625173713765
257580.0,0.22582356496421038
257640.0,0.22578090187737623
257700.0,0.22573826245716125
257760.0,0.2256956466841147
257820.0,0.2256530545388063
257880.0,0.22561048600182684
257940.0,0.22556794105378566
258000.0,0.22552541967531534
258060.0,0.22548292184706684
258120.0,0.22544044754971182
258180.0,0.2253979967639427
258240.0,0.2253555694704725
258300.0,0.22531316565003492
258360.0,0.22527078528338326
258420.0,0.2252284283512929
258480.0,0.22518609483455682
258540.0,0.2251437847139907
258600.0,0.22510149797043041
258660.0,0.2250592345847325
258720.0,0.2250169945377719
258780.0,0.224974777810446
258840.0,0.2249325843836707
258900.0,0.2248904142383821
258960.0,0.22484826735553665
259020.0,0.2248061437161112
259080.0,0.22476404330110278
259140.0,0.22472196609152784
259200.0,0.22467991206842422
259260.0,0.22463788180898886
259320.0,0.22459587419942378
259380.0,0.22455388962140332
259440.0,0.22451192814507834
259500.0,0.22446998976327476
259560.0,0.22442807445710503
259620.0,0.22438618220623263
259680.0,0.22434431299140886
259740.0,0.22430246679306626
259800.0,0.2242606435943294
259860.0,0.22421884337598724
259920.0,0.22417706611846713
259980.0,0.22413531180265195
260040.0,0.22409358040982041
260100.0,0.2240518719213769
260160.0,0.22401018631871536
260220.0,0.22396852358321218
260280.0,0.22392688369625233
260340.0,0.2238852666392441
260400.0,0.22384367239362007
260460.0,0.2238021009408335
260520.0,0.22376055226235686
260580.0,0.22371902633968163
260640.0,0.2236775231543185
260700.0,0.22363604268779755
260760.0,0.22359458492166856
260820.0,0.2235531498375005
260880.0,0.2235117374168817
260940.0,0.22347034764142001
261000.0,0.22342898049274226
261060.0,0.22338763595249495
261120.0,0.22334631400234342
261180.0,0.2233050146239725
261240.0,0.2232637377990863
261300.0,0.22322248350940782
261360.0,0.2231812517366794
261420.0,0.22314004246266259
261480.0,0.22309885566913787
261540.0,0.22305769133790485
261600.0,0.2230165494507823
261660.0,0.222975429989608
261720.0,0.22293433293623857
261780.0,0.22289325827254985
261840.0,0.22285220598043656
261900.0,0.22281117604181225
261960.0,0.22277016843860956
262020.0,0.22272918315277984
262080.0,0.2226882201662936
262140.0,0.2226472794611398
262200.0,0.2226063610193265
262260.0,0.2225654648228805
262320.0,0.2225245908538474
262380.0,0.2224837390942914
262440.0,0.22244290952629553
262500.0,0.22240210213196163
262560.0,0.22236131689341
262620.0,0.22232055379277973
262680.0,0.22227981281222853
262740.0,0.22223909393393274
262800.0,0.2221983971400871
262860.0,0.22215772241290524
262920.0,0.22211706973461898
262980.0,0.2220764390874789
263040.0,0.222035830453754
263100.0,0.22199524381573169
263160.0,0.22195467915571795
263220.0,0.22191413645603694
263280.0,0.2218736156990315
263340.0,0.2218331168670626
263400.0,0.22179263994250992
263460.0,0.22175218490777096
263520.0,0.22171175174526192
263580.0,0.22167134043741715
263640.0,0.22163095096668922
263700.0,0.22159058331554904
263760.0,0.22155023746648567
263820.0,0.2215099134020063
263880.0,0.22146961110463637
263940.0,0.2214293305569195
264000.0,0.22138907174141728
264060.0,0.22134883464070954
264120.0,0.22130861923739414
264180.0,0.22126842551408704
264240.0,0.22122825345342215
264300.0,0.22118810303805134
264360.0,0.22114797425064464
264420.0,0.22110786707388996
264480.0,0.22106778149049303
264540.0,0.2210277174831778
264600.0,0.22098767503468572
264660.0,0.2209476541277764
264720.0,0.22090765474522717
264780.0,0.2208676768698334
264840.0,0.22082772048440794
264900.0,0.22078778557178155
264960.0,0.2207478721148029
265020.0,0.22070798009633827
265080.0,0.22066810949927163
265140.0,0.22062826030650465
265200.0,0.22058843250095678
265260.0,0.22054862606556502
265320.0,0.220508840983284
265380.0,0.22046907723708598
265440.0,0.22042933480996085
265500.0,0.220389613684916
265560.0,0.22034991384497638
265620.0,0.2203102352731844
265680.0,0.22027057795260002
265740.0,0.22023094186630088
265800.0,0.22019132699738161
265860.0,0.2201517333289546
265920.0,0.22011216084414964
265980.0,0.22007260952611382
266040.0,0.22003307935801164
266100.0,0.21999357032302486
266160.0,0.21995408240435263
266220.0,0.21991461558521141
266280.0,0.2198751698488351
266340.0,0.21983574517847443
266400.0,0.21979634155739772
266460.0,0.21975695896889044
266520.0,0.21971759739625515
266580.0,0.21967825682281178
266640.0,0.21963893723189712
266700.0,0.21959963860686527
266760.0,0.21956036093108755
266820.0,0.2195211041879521
266880.0,0.21948186836086434
266940.0,0.21944265343324654
267000.0,0.21940345938853836
267060.0,0.21936428621019588
267120.0,0.21932513388169264
267180.0,0.21928600238651907
267240.0,0.21924689170818235
267300.0,0.2192078018302066
267360.0,0.21916873273613308
267420.0,0.21912968440951971
267480.0,0.2190906568339413
267540.0,0.21905164999298957
267600.0,0.2190126638702728
267660.0,0.21897369844941647
267720.0,0.21893475371406249
267780.0,0.2188958296478697
267840.0,0.21885692623451367
267900.0,0.21881804345768643
267960.0,0.218779181301097
268020.0,0.21874033974847104
268080.0,0.21870151878355068
268140.0,0.2186627183900947
268200.0,0.21862393855187875
268260.0,0.21858517925269463
268320.0,0.21854644047635113
268380.0,0.21850772220667325
268440.0,0.21846902442750274
268500.0,0.2184303471226978
268560.0,0.21839169027613292
268620.0,0.2183530538716994
268680.0,0.21831443789330474
268740.0,0.21827584232487282
268800.0,0.21823726715034414
268860.0,0.21819871235367527
268920.0,0.21816017791883954
268980.0,0.2181216638298263
269040.0,0.21808317007064132
269100.0,0.21804469662530668
269160.0,0.21800624347786077
269220.0,0.21796781061235812
269280.0,0.21792939801286976
269340.0,0.2178910056634825
269400.0,0.21785263354829976
269460.0,0.21781428165144098
269520.0,0.21777594995704175
269580.0,0.21773763844925384
269640.0,0.2176993471122451
269700.0,0.21766107593019945
269760.0,0.217622824887317
269820.0,0.21758459396781385
269880.0,0.21754638315592215
269940.0,0.21750819243588995
270000.0,0.2174700217919816
270060.0,0.2174318712084771
270120.0,0.21739374066967265
270180.0,0.2173556301598802
270240.0,0.2173175396634278
270300.0,0.21727946916465934
270360.0,0.21724141864793445
270420.0,0.2172033880976289
270480.0,0.21716537749813408
270540.0,0.21712738683385727
270600.0,0.21708941608922158
270660.0,0.21705146524866586
270720.0,0.21701353429664477
270780.0,0.21697562321762875
270840.0,0.21693773199610383
270900.0,0.21689986061657188
270960.0,0.21686200906355044
271020.0,0.21682417732157264
271080.0,0.21678636537518725
271140.0,0.21674857320895896
271200.0,0.2167108008074676
271260.0,0.21667304815530897
271320.0,0.21663531523709423
271380.0,0.21659760203745027
271440.0,0.2165599085410194
271500.0,0.21652223473245935
271560.0,0.21648458059644365
271620.0,0.21644694611766102
271680.0,0.2164093312808157
271740.0,0.21637173607062749
271800.0,0.21633416047183152
271860.0,0.2162966044691783
271920.0,0.21625906804743375
271980.0,0.2162215511913793
272040.0,0.2161840538858115
272100.0,0.21614657611554225
272160.0,0.21610911786539894
272220.0,0.21607167912022404
272280.0,0.21603425986487546
272340.0,0.2159968600842263
272400.0,0.21595947976316482
272460.0,0.21592211888659463
272520.0,0.21588477743943438
272580.0,0.21584745540661812
272640.0,0.21581015277309482
272700.0,0.21577286952382876
272760.0,0.21573560564379926
272820.0,0.21569836111800067
272880.0,0.2156611359314427
272940.0,0.21562393006914982
273000.0,0.2155867435161617
273060.0,0.21554957625753307
273120.0,0.21551242827833356
273180.0,0.2154752995636478
273240.0,0.21543819009857562
273300.0,0.2154010998682315
273360.0,0.21536402885774505
273420.0,0.21532697705226075
273480.0,0.21528994443693797
273540.0,0.21525293099695095
273600.0,0.2152159367174889
273660.0,0.2151789615837557
273720.0,0.2151420055809703
273780.0,0.21510506869436616
273840.0,0.21506815090919182
273900.0,0.21503125221071043
273960.0,0.21499437258419998
274020.0,0.21495751201495314
274080.0,0.21492067048827734
274140.0,0.21488384798949464
274200.0,0.21484704450394193
274260.0,0.21481026001697073
274320.0,0.21477349451394706
274380.0,0.21473674798025172
274440.0,0.21470002040128017
274500.0,0.21466331176244235
274560.0,0.21462662204916272
274620.0,0.21458995124688054
274680.0,0.21455329934104939
274740.0,0.21451666631713753
274800.0,0.21448005216062757
274860.0,0.2144434568570169
274920.0,0.21440688039181702
274980.0,0.21437032275055407
275040.0,0.21433378391876867
275100.0,0.21429726388201575
275160.0,0.21426076262586485
275220.0,0.21422428013589967
275280.0,0.2141878163977183
275340.0,0.2141513713969333
275400.0,0.2141149451191716
275460.0,0.21407853755007422
275520.0,0.2140421486752967
275580.0,0.21400577848050878
275640.0,0.21396942695139437
275700.0,0.21393309407365188
275760.0,0.21389677983299377
275820.0,0.21386048421514664
275880.0,0.21382420720585155
275940.0,0.21378794879086346
276000.0,0.2137517089559516
276060.0,0.21371548768689946
276120.0,0.21367928496950447
276180.0,0.2136431007895784
276240.0,0.21360693513294682
276300.0,0.2135707879854496
276360.0,0.21353465933294058
276420.0,0.21349854916128772
276480.0,0.21346245745637293
276540.0,0.21342638420409216
276600.0,0.21339032939035532
276660.0,0.21335429300108635
276720.0,0.21331827502222314
276780.0,0.21328227543971748
276840.0,0.21324629423953512
276900.0,0.21321033140765575
276960.0,0.21317438693007287
277020.0,0.21313846079279383
277080.0,0.2131025529818401
277140.0,0.21306666348324665
277200.0,0.2130307922830625
277260.0,0.21299493936735034
277320.0,0.21295910472218674
277380.0,0.21292328833366203
277440.0,0.21288749018788036
277500.0,0.21285171027095948
277560.0,0.212815948569031
277620.0,0.2127802050682401
277680.0,0.2127444797547458
277740.0,0.21270877261472065
277800.0,0.21267308363435108
277860.0,0.21263741279983692
277920.0,0.21260176009739185
277980.0,0.21256612551324292
278040.0,0.21253050903363085
278100.0,0.21249491064481027
278160.0,0.21245933033304884
278220.0,0.21242376808462807
278280.0,0.21238822388584297
278340.0,0.21235269772300208
278400.0,0.21231718958242737
278460.0,0.2122816994504543
278520.0,0.21224622731343187
278580.0,0.2122107731577224
278640.0,0.21217533696970176
278700.0,0.21213991873575924
278760.0,0.2121045184422974
278820.0,0.21206913607573244
278880.0,0.21203377162249354
278940.0,0.21199842506902355
279000.0,0.21196309640177868
279060.0,0.21192778560722814
279120.0,0.21189249267185475
279180.0,0.2118572175821546
279240.0,0.21182196032463682
279300.0,0.21178672088582398
279360.0,0.21175149925225198
279420.0,0.21171629541046968
279480.0,0.21168110934703935
279540.0,0.21164594104853648
279600.0,0.21161079050154954
279660.0,0.2115756576926803
279720.0,0.21154054260854374
279780.0,0.21150544523576784
279840.0,0.21147036556099372
279900.0,0.2114353035708757
279960.0,0.21140025925208109
280020.0,0.21136523259129025
280080.0,0.21133022357519662
280140.0,0.2112952321905068
280200.0,0.2112602584239402
280260.0,0.21122530226222938
280320.0,0.21119036369211983
280380.0,0.2111554427003701
280440.0,0.2111205392737516
280500.0,0.21108565339904875
280560.0,0.2110507850630589
280620.0,0.21101593425259219
280680.0,0.21098110095447184
280740.0,0.21094628515553382
280800.0,0.21091148684262676
280860.0,0.21087670650806842
280920.0,0.21084194323280658
280980.0,0.2108071972991175
281040.0,0.2107724687885145
281100.0,0.21073775770196695
281160.0,0.21070306402586159
281220.0,0.2106683877452564
281280.0,0.2106337288462162
281340.0,0.21059908731603907
281400.0,0.21056446314123856
281460.0,0.210529856309773
281520.0,0.21049526680791777
281580.0,0.21046069462227715
281640.0,0.21042613973981075
281700.0,0.21039160214761077
281760.0,0.21035708183276813
281820.0,0.21032257878235341
281880.0,0.21028809298343776
281940.0,0.210253624423107
282000.0,0.21021917308846333
282060.0,0.21018473896662318
282120.0,0.2101503220447152
282180.0,0.2101159223098802
282240.0,0.21008153974927132
282300.0,0.21004717435005418
282360.0,0.21001282609940694
282420.0,0.20997849498452023
282480.0,0.20994418099259707
282540.0,0.2099098841108531
282600.0,0.20987560432651617
282660.0,0.20984134162682658
282720.0,0.20980709599903716
282780.0,0.20977286743041298
282840.0,0.20973865590823149
282900.0,0.20970446141978247
282960.0,0.20967028395236806
283020.0,0.20963612349330277
283080.0,0.2096019800299133
283140.0,0.2095678535495387
283200.0,0.20953374403953035
283260.0,0.20949965148725178
283320.0,0.20946557588007883
283380.0,0.20943151720539951
283440.0,0.20939747545061416
283500.0,0.20936345060313513
283560.0,0.2093294426503872
283620.0,0.20929545157980714
283680.0,0.20926147737884396
283740.0,0.20922752003495873
283800.0,0.2091935795356248
283860.0,0.2091596558683275
283920.0,0.2091257490205643
283980.0,0.20909185897984475
284040.0,0.2090579857336905
284100.0,0.20902412926963523
284160.0,0.2089902895752247
284220.0,0.20895646663801667
284280.0,0.20892266044558092
284340.0,0.20888887098549924
284400.0,0.20885509824536544
284460.0,0.20882134221278512
284520.0,0.20878760287537615
284580.0,0.20875388022076816
284640.0,0.20872017423660266
284700.0,0.20868648491053318
284760.0,0.20865281223022514
284820.0,0.2086191561833558
284880.0,0.20858551675761433
284940.0,0.20855189394070184
285000.0,0.2085182877203311
285060.0,0.20848469808422693
285120.0,0.20845112502012578
285180.0,0.20841756851577603
285240.0,0.20838402855893776
285300.0,0.20835050513738293
285360.0,0.20831699823889527
285420.0,0.2082835078512701
285480.0,0.2082500339623146
285540.0,0.2082165765598477
285600.0,0.20818313563169993
285660.0,0.20814971116571374
285720.0,0.20811630314974294
285780.0,0.20808291157165323
285840.0,0.20804953641932192
285900.0,0.20801617768063793
285960.0,0.2079828353435019
286020.0,0.2079495093958259
286080.0,0.20791619982553378
286140.0,0.20788290662056097
286200.0,0.2078496297688543
286260.0,0.20781636925837232
286320.0,0.20778312507708513
286380.0,0.20774989721297424
286440.0,0.20771668565403287
286500.0,0.2076834903882655
286560.0,0.20765031140368828
286620.0,0.20761714868832887
286680.0,0.20758400223022624
286740.0,0.20755087201743092
286800.0,0.20751775803800487
286860.0,0.20748466028002138
286920.0,0.20745157873156536
286980.0,0.20741851338073294
287040.0,0.2073854642156317
287100.0,0.20735243122438055
287160.0,0.20731941439510976
287220.0,0.20728641371596104
287280.0,0.2072534291750874
287340.0,0.20722046076065312
287400.0,0.20718750846083378
287460.0,0.20715457226381623
287520.0,0.2071216521577988
287580.0,0.2070887481309909
287640.0,0.20705586017161315
287700.0,0.20702298826789753
287760.0,0.20699013240808734
287820.0,0.20695729258043682
287880.0,0.2069244687732116
287940.0,0.20689166097468856
288000.0,0.20685886917315557
288060.0,0.20682609335691177
288120.0,0.20679333351426749
288180.0,0.20676058963354405
288240.0,0.20672786170307403
288300.0,0.20669514971120112
288360.0,0.20666245364628003
288420.0,0.2066297734966766
288480.0,0.20659710925076774
288540.0,0.20656446089694147
288600.0,0.20653182842359674
288660.0,0.2064992118191436
288720.0,0.20646661107200318
288780.0,0.2064340261706075
288840.0,0.20640145710339972
288900.0,0.20636890385883383
288960.0,0.20633636642537484
289020.0,0.20630384479149885
289080.0,0.20627133894569274
289140.0,0.20623884887645438
289200.0,0.2062063745722926
289260.0,0.20617391602172705
289320.0,0.2061414732132883
289380.0,0.20610904613551792
289440.0,0.2060766347769682
289500.0,0.2060442391262024
289560.0,0.2060118591717945
289620.0,0.2059794949023294
289680.0,0.20594714630640282
289740.0,0.20591481337262127
289800.0,0.2058824960896021
289860.0,0.20585019444597333
289920.0,0.20581790843037384
289980.0,0.2057856380314533
290040.0,0.20575338323787198
290100.0,0.20572114403830102
290160.0,0.20568892042142226
290220.0,0.2056567123759282
290280.0,0.20562451989052205
290340.0,0.20559234295391773
290400.0,0.20556018155483982
290460.0,0.20552803568202352
290520.0,0.20549590532421472
290580.0,0.20546379047017002
290640.0,0.2054316911086565
290700.0,0.20539960722845182
290760.0,0.2053675388183444
290820.0,0.2053354858671332
290880.0,0.20530344836362774
290940.0,0.20527142629664805
291000.0,0.20523941965502468
291060.0,0.20520742842759887
291120.0,0.20517545260322229
291180.0,0.20514349217075706
291240.0,0.20511154711907592
291300.0,0.20507961743706213
291360.0,0.2050477031136092
291420.0,0.20501580413762133
291480.0,0.2049839204980131
291540.0,0.20495205218370946
291600.0,0.20492019918364596
291660.0,0.20488836148676837
291720.0,0.20485653908203297
291780.0,0.20482473195840648
291840.0,0.20479294010486582
291900.0,0.2047611635103985
291960.0,0.20472940216400232
292020.0,0.20469765605468526
292080.0,0.20466592517146578
292140.0,0.20463420950337274
292200.0,0.2046025090394452
292260.0,0.20457082376873248
292320.0,0.20453915368029427
292380.0,0.20450749876320046
292440.0,0.2044758590065313
292500.0,0.20444423439937723
292560.0,0.20441262493083892
292620.0,0.20438103059002735
292680.0,0.20434945136606353
292740.0,0.2043178872480789
292800.0,0.2042863382252149
292860.0,0.2042548042866233
292920.0,0.20422328542146595
292980.0,0.2041917816189149
293040.0,0.20416029286815235
293100.0,0.20412881915837058
293160.0,0.20409736047877206
293220.0,0.20406591681856934
293280.0,0.20403448816698502
293340.0,0.2040030745132519
293400.0,0.20397167584661272
293460.0,0.20394029215632045
293520.0,0.203908923431638
293580.0,0.20387756966183831
293640.0,0.2038462308362044
293700.0,0.20381490694402932
293760.0,0.2037835979746161
293820.0,0.2037523039172777
293880.0,0.20372102476133727
293940.0,0.20368976049612772
294000.0,0.203658511110992
294060.0,0.20362727659528307
294120.0,0.20359605693836372
294180.0,0.20356485212960673
294240.0,0.2035336621583948
294300.0,0.20350248701412058
294360.0,0.20347132668618648
294420.0,0.20344018116400495
294480.0,0.2034090504369982
294540.0,0.2033779344945983
294600.0,0.20334683332624723
294660.0,0.20331574692139687
294720.0,0.20328467526950875
294780.0,0.20325361836005434
294840.0,0.20322257618251494
294900.0,0.20319154872638154
294960.0,0.20316053598115494
295020.0,0.20312953793634575
295080.0,0.20309855458147438
295140.0,0.20306758590607094
295200.0,0.20303663189967522
295260.0,0.20300569255183676
295320.0,0.20297476785211493
295380.0,0.20294385779007876
295440.0,0.20291296235530684
295500.0,0.20288208153738757
295560.0,0.20285121532591904
295620.0,0.20282036371050893
295680.0,0.20278952668077457
295740.0,0.20275870422634307
295800.0,0.20272789633685095
295860.0,0.20269710300194446
295920.0,0.20266632421127956
295980.0,0.20263555995452157
296040.0,0.20260481022134558
296100.0,0.20257407500143623
296160.0,0.20254335428448764
296220.0,0.2025126480602036
296280.0,0.20248195631829738
296340.0,0.20245127904849167
296400.0,0.2024206162405189
296460.0,0.20238996788412095
296520.0,0.20235933396904893
296580.0,0.20232871448506393
296640.0,0.2022981094219361
296700.0,0.20226751876944518
296760.0,0.2022369425173805
296820.0,0.20220638065554067
296880.0,0.20217583317373375
296940.0,0.2021453000617773
297000.0,0.2021147813094983
297060.0,0.20208427690673306
297120.0,0.2020537868433273
297180.0,0.2020233111091362
297240.0,0.2019928496940242
297300.0,0.20196240258786513
297360.0,0.20193196978054223
297420.0,0.20190155126194803
297480.0,0.20187114702198442
297540.0,0.20184075705056256
297600.0,0.20181038133760298
297660.0,0.20178001987303548
297720.0,0.20174967264679908
297780.0,0.20171933964884217
297840.0,0.20168902086912244
297900.0,0.20165871629760668
297960.0,0.20162842592427105
298020.0,0.20159814973910098
298080.0,0.201567887732091
298140.0,0.20153763989324486
298200.0,0.20150740621257565
298260.0,0.20147718668010559
298320.0,0.20144698128586602
298380.0,0.20141679001989746
298440.0,0.2013866128722497
298500.0,0.20135644983298162
298560.0,0.2013263008921612
298620.0,0.20129616603986558
298680.0,0.20126604526618108
298740.0,0.20123593856120306
298800.0,0.20120584591503596
298860.0,0.2011757673177934
298920.0,0.20114570275959806
298980.0,0.20111565223058164
299040.0,0.20108561572088499
299100.0,0.2010555932206578
299160.0,0.20102558472005908
299220.0,0.20099559020925672
299280.0,0.20096560967842764
299340.0,0.20093564311775775
299400.0,0.2009056905174421
299460.0,0.2008757518676845
299520.0,0.20084582715869786
299580.0,0.20081591638070415
299640.0,0.20078601952393418
299700.0,0.20075613657862776
299760.0,0.2007262675350336
299820.0,0.2006964123834093
299880.0,0.20066657111402153
299940.0,0.20063674371714582
300000.0,0.2006069301830664
300060.0,0.20057713050207665
300120.0,0.20054734466447882
300180.0,0.20051757266058381
300240.0,0.20048781448071154
300300.0,0.20045807011519082
300360.0,0.20042833955435918
300420.0,0.20039862278856302
300480.0,0.2003689198081576
300540.0,0.20033923060350697
300600.0,0.200309555164984
300660.0,0.20027989348297037
300720.0,0.20025024554785636
300780.0,0.2002206113500413
300840.0,0.20019099087993306
300900.0,0.2001613841279484
300960.0,0.20013179108451276
301020.0,0.2001022117400603
301080.0,0.20007264608503397
301140.0,0.20004309410988538
301200.0,0.20001355580507482
301260.0,0.19998403116107138
301320.0,0.1999545201683527
301380.0,0.19992502281740515
301440.0,0.19989553909872385
301500.0,0.19986606900281245
301560.0,0.19983661252018325
301620.0,0.19980716964135734
301680.0,0.19977774035686424
301740.0,0.1997483246572422
301800.0,0.19971892253303808
301860.0,0.1996895339748073
301920.0,0.19966015897311387
301980.0,0.19963079751853038
302040.0,0.19960144960163806
302100.0,0.1995721152130266
302160.0,0.19954279434329417
302220.0,0.19951348698304774
302280.0,0.19948419312290264
302340.0,0.19945491275348268
302400.0,0.1994256458654196
302460.0,0.19939639287500482
302520.0,0.19936715301874872
302580.0,0.1993379265215024
302640.0,0.1993087134559932
302700.0,0.19927951382844572
302760.0,0.19925032762911116
302820.0,0.19922115484690986
302880.0,0.19919199547169947
302940.0,0.1991628494945216
303000.0,0.19913371690528264
303060.0,0.19910459769579542
303120.0,0.19907549185625698
303180.0,0.1990463993770752
303240.0,0.19901732024893057
303300.0,0.19898825446261664
303360.0,0.19895920200893127
303420.0,0.19893016287865592
303480.0,0.19890113706256998
303540.0,0.19887212455146194
303600.0,0.19884312533613177
303660.0,0.19881413940738882
303720.0,0.19878516675605087
303780.0,0.1987562073729437
303840.0,0.19872726124890103
303900.0,0.19869832837476503
303960.0,0.19866940874138606
304020.0,0.19864050233962294
304080.0,0.1986116091603426
304140.0,0.19858272919442016
304200.0,0.19855386243273912
304260.0,0.19852500886619118
304320.0,0.1984961684856761
304380.0,0.1984673412821021
304440.0,0.1984385272463854
304500.0,0.19840972636945042
304560.0,0.19838093864222991
304620.0,0.19835216405566466
304680.0,0.19832340260070358
304740.0,0.198294654268304
304800.0,0.19826591904943103
304860.0,0.19823719693505812
304920.0,0.19820848791616694
304980.0,0.19817979198374697
305040.0,0.1981511091287962
305100.0,0.19812243934232038
305160.0,0.19809378261533342
305220.0,0.1980651389388575
305280.0,0.1980365083039227
305340.0,0.1980078907015672
305400.0,0.19797928612283722
305460.0,0.1979506945587871
305520.0,0.19792211600047915
305580.0,0.19789355043898368
305640.0,0.19786499786537917
305700.0,0.19783645827075189
305760.0,0.19780793164619637
305820.0,0.19777941798281487
305880.0,0.19775091727171784
305940.0,0.19772242950402363
306000.0,0.19769395467085857
306060.0,0.19766549276335682
306120.0,0.19763704377266073
306180.0,0.19760860768992047
306240.0,0.19758018450629403
306300.0,0.1975517742129475
306360.0,0.1975233768010549
306420.0,0.19749499226179798
306480.0,0.1974666205863665
306540.0,0.1974382617659581
306600.0,0.19740991579177836
306660.0,0.1973815826550406
306720.0,0.19735326234696607
306780.0,0.1973249548587839
306840.0,0.19729666018173111
306900.0,0.19726837830705238
306960.0,0.1972401092260004
307020.0,0.19721185292983565
307080.0,0.1971836094098262
307140.0,0.19715537865724836
307200.0,0.19712716066338587
307260.0,0.19709895541953038
307320.0,0.1970707629169813
307380.0,0.19704258314704579
307440.0,0.1970144161010389
307500.0,0.19698626177028328
307560.0,0.1969581201461094
307620.0,0.19692999121985538
307680.0,0.19690187498286713
307740.0,0.19687377142649842
307800.0,0.19684568054211052
307860.0,0.19681760232107245
307920.0,0.19678953675476094
307980.0,0.1967614838345605
308040.0,0.19673344355186312
308100.0,0.19670541589806864
308160.0,0.19667740086458455
308220.0,0.19664939844282578
308280.0,0.19662140862421518
308340.0,0.1965934314001831
308400.0,0.1965654667621675
308460.0,0.196537514701614
308520.0,0.19650957520997583
308580.0,0.19648164827871384
308640.0,0.1964537338992964
308700.0,0.19642583206319952
308760.0,0.19639794276190684
308820.0,0.19637006598690943
308880.0,0.19634220172970607
308940.0,0.196314349981803
309000.0,0.19628651073471398
309060.0,0.19625868397996046
309120.0,0.19623086970907128
309180.0,0.19620306791358277
309240.0,0.1961752785850389
309300.0,0.1961475017149911
309360.0,0.1961197372949982
309420.0,0.1960919853166267
309480.0,0.1960642457714504
309540.0,0.19603651865105062
309600.0,0.1960088039470163
309660.0,0.19598110165094362
309720.0,0.19595341175443623
309780.0,0.19592573424910542
309840.0,0.1958980691265697
309900.0,0.1958704163784551
309960.0,0.195842775996395
310020.0,0.19581514797203023
310080.0,0.19578753229700907
310140.0,0.1957599289629871
310200.0,0.19573233796162734
310260.0,0.1957047592846002
310320.0,0.19567719292358338
310380.0,0.195649638870262
310440.0,0.19562209711632844
310500.0,0.1955945676534826
310560.0,0.19556705047343156
310620.0,0.19553954556788983
310680.0,0.19551205292857915
310740.0,0.19548457254722865
310800.0,0.19545710441557468
310860.0,0.19542964852536096
310920.0,0.19540220486833842
310980.0,0.19537477343626536
311040.0,0.19534735422090738
311100.0,0.19531994721403717
311160.0,0.19529255240743482
311220.0,0.1952651697928876
311280.0,0.19523779936219013
311340.0,0.1952104411071441
311400.0,0.19518309501955863
311460.0,0.19515576109124977
311520.0,0.19512843931404109
311580.0,0.1951011296797632
311640.0,0.1950738321802538
311700.0,0.19504654680735803
311760.0,0.19501927355292809
311820.0,0.19499201240882325
311880.0,0.19496476336691007
311940.0,0.19493752641906228
312000.0,0.19491030155716066
312060.0,0.19488308877309315
312120.0,0.1948558880587549
312180.0,0.19482869940604816
312240.0,0.19480152280688223
312300.0,0.1947743582531736
312360.0,0.19474720573684567
312420.0,0.19472006524982932
312480.0,0.19469293678406216
312540.0,0.194665820331489
312600.0,0.19463871588406176
312660.0,0.1946116234337394
312720.0,0.19458454297248792
312780.0,0.19455747449228025
312840.0,0.19453041798509668
312900.0,0.1945033734429243
312960.0,0.19447634085775714
313020.0,0.19444932022159653
313080.0,0.1944223115264506
313140.0,0.19439531476433441
313200.0,0.19436832992727038
313260.0,0.19434135700728755
313320.0,0.19431439599642208
313380.0,0.19428744688671712
313440.0,0.1942605096702227
313500.0,0.19423358433899604
313560.0,0.19420667088510093
313620.0,0.19417976930060846
313680.0,0.19415287957759655
313740.0,0.19412600170814986
313800.0,0.19409913568436027
313860.0,0.1940722814983264
313920.0,0.1940454391421537
313980.0,0.19401860860795478
314040.0,0.19399178988784893
314100.0,0.1939649829739623
314160.0,0.1939381878584281
314220.0,0.1939114045333863
314280.0,0.19388463299098369
314340.0,0.193857873223374
314400.0,0.19383112522271778
314460.0,0.19380438898118243
314520.0,0.1937776644909422
314580.0,0.19375095174417806
314640.0,0.1937242507330779
314700.0,0.19369756144983644
314760.0,0.19367088388665507
314820.0,0.19364421803574214
314880.0,0.1936175638893127
314940.0,0.19359092143958861
315000.0,0.19356429067879855
315060.0,0.19353767159917776
315120.0,0.19351106419296857
315180.0,0.1934844684524198
315240.0,0.19345788436978703
315300.0,0.19343131193733276
315360.0,0.19340475114732616
315420.0,0.19337820199204298
315480.0,0.19335166446376578
315540.0,0.19332513855478395
315600.0,0.19329862425739336
315660.0,0.19327212156389678
315720.0,0.1932456304666035
315780.0,0.19321915095782966
315840.0,0.19319268302989784
315900.0,0.19316622667513758
315960.0,0.19313978188588493
316020.0,0.1931133486544825
316080.0,0.19308692697327967
316140.0,0.19306051683463252
316200.0,0.1930341182309036
316260.0,0.1930077311544622
316320.0,0.19298135559768412
316380.0,0.19295499155295204
316440.0,0.19292863901265478
316500.0,0.1929022979691882
316560.0,0.1928759684149546
316620.0,0.1928496503423627
316680.0,0.192823343743828
316740.0,0.1927970486117726
316800.0,0.1927707649386249
316860.0,0.19274449271682015
316920.0,0.19271823193880006
316980.0,0.1926919825970127
317040.0,0.19266574468391287
317100.0,0.1926395181919619
317160.0,0.19261330311362757
317220.0,0.1925870994413842
317280.0,0.1925609071677126
317340.0,0.1925347262851001
317400.0,0.1925085567860405
317460.0,0.19248239866303407
317520.0,0.19245625190858764
317580.0,0.19243011651521452
317640.0,0.19240399247543427
317700.0,0.1923778797817732
317760.0,0.19235177842676396
317820.0,0.1923256884029455
317880.0,0.19229960970286342
317940.0,0.1922735423190697
318000.0,0.19224748624412272
318060.0,0.19222144147058712
318120.0,0.19219540799103427
318180.0,0.19216938579804174
318240.0,0.19214337488419347
318300.0,0.19211737524207997
318360.0,0.19209138686429797
318420.0,0.19206540974345052
318480.0,0.19203944387214736
318540.0,0.19201348924300424
318600.0,0.19198754584864344
318660.0,0.19196161368169365
318720.0,0.19193569273478972
318780.0,0.191909783000573
318840.0,0.19188388447169102
318900.0,0.19185799714079788
318960.0,0.19183212100055375
319020.0,0.19180625604362514
319080.0,0.19178040226268506
319140.0,0.19175455965041252
319200.0,0.19172872819949316
319260.0,0.19170290790261865
319320.0,0.1916770987524871
319380.0,0.1916513007418026
319440.0,0.1916255138632759
319500.0,0.1915997381096238
319560.0,0.19157397347356933
319620.0,0.19154821994784182
319680.0,0.1915224775251769
319740.0,0.19149674619831625
319800.0,0.1914710259600079
319860.0,0.19144531680300614
319920.0,0.1914196187200714
319980.0,0.1913939317039704
320040.0,0.1913682557474759
320100.0,0.19134259084336694
320160.0,0.19131693698442875
320220.0,0.1912912941634528
320280.0,0.1912656623732367
320340.0,0.1912400416065841
320400.0,0.1912144318563049
320460.0,0.1911888331152153
320520.0,0.1911632453761375
320580.0,0.19113766863189974
320640.0,0.19111210287533653
320700.0,0.19108654809928852
320760.0,0.19106100429660253
320820.0,0.19103547146013128
320880.0,0.1910099495827338
320940.0,0.19098443865727516
321000.0,0.19095893867662656
321060.0,0.19093344963366513
321120.0,0.1909079715212743
321180.0,0.19088250433234347
321240.0,0.19085704805976814
321300.0,0.1908316026964498
321360.0,0.19080616823529614
321420.0,0.19078074466922074
321480.0,0.19075533199114333
321540.0,0.19072993019398968
321600.0,0.19070453927069156
321660.0,0.19067915921418674
321720.0,0.19065379001741906
321780.0,0.19062843167333834
321840.0,0.1906030841749005
321900.0,0.1905777475150673
321960.0,0.19055242168680653
322020.0,0.1905271066830922
322080.0,0.19050180249690404
322140.0,0.1904765091212277
322200.0,0.1904512265490552
322260.0,0.19042595477338406
322320.0,0.19040069378721802
322380.0,0.1903754435835667
322440.0,0.19035020415544573
322500.0,0.19032497549587662
322560.0,0.19029975759788675
322620.0,0.19027455045450953
322680.0,0.1902493540587843
322740.0,0.19022416840375622
322800.0,0.1901989934824764
322860.0,0.19017382928800192
322920.0,0.1901486758133957
322980.0,0.1901235330517265
323040.0,0.19009840099606903
323100.0,0.19007327963950388
323160.0,0.19004816897511745
323220.0,0.19002306899600208
323280.0,0.18999797969525592
323340.0,0.189972901065983
323400.0,0.1899478331012932
323460.0,0.18992277579430225
323520.0,0.18989772913813155
323580.0,0.18987269312590865
323640.0,0.1898476677507667
323700.0,0.18982265300584458
323760.0,0.1897976488842873
323820.0,0.18977265537924543
323880.0,0.18974767248387533
323940.0,0.18972270019133922
324000.0,0.1896977384948046
324060.0,0.18967278774568042
324120.0,0.18964784730408232
324180.0,0.189622917357888
324240.0,0.18959799796965052
324300.0,0.18957308914596988
324360.0,0.1895481908798134
324420.0,0.18952330316293126
324480.0,0.18949842598783184
324540.0,0.1894735593479571
324600.0,0.18944870323590618
324660.0,0.18942385764573103
324720.0,0.1893990225702787
324780.0,0.18937419800254462
324840.0,0.18934938393572362
324900.0,0.18932458036309444
324960.0,0.18929978727793922
325020.0,0.18927500467352798
325080.0,0.18925023254312853
325140.0,0.18922547088001496
325200.0,0.1892007196774691
325260.0,0.18917597892877944
325320.0,0.18915124862724006
325380.0,0.18912652876615058
325440.0,0.18910181933881606
325500.0,0.18907712033854715
325560.0,0.1890524317586603
325620.0,0.18902775359247748
325680.0,0.18900308583332628
325740.0,0.18897842847454002
325800.0,0.18895378150945755
325860.0,0.18892914493142332
325920.0,0.1889045187337873
325980.0,0.18887990290990525
326040.0,0.18885529745313842
326100.0,0.18883070235685354
326160.0,0.18880611761442306
326220.0,0.18878154321922494
326280.0,0.18875697916464262
326340.0,0.18873242544406532
326400.0,0.18870788205088765
326460.0,0.18868334897850975
326520.0,0.1886588262203374
326580.0,0.18863431376978174
326640.0,0.18860981162025972
326700.0,0.18858531976519358
326760.0,0.1885608381980111
326820.0,0.18853636691214576
326880.0,0.18851190590103625
326940.0,0.1884874551581271
327000.0,0.18846301467686807
327060.0,0.18843858445071449
327120.0,0.18841416447312723
327180.0,0.18838975473757255
327240.0,0.18836535523752224
327300.0,0.18834096596645356
327360.0,0.18831658691784917
327420.0,0.18829221808519733
327480.0,0.1882678594619916
327540.0,0.18824351104173095
327600.0,0.18821917281792006
327660.0,0.18819484478406875
327720.0,0.18817052693369235
327780.0,0.18814621926031172
327840.0,0.18812192175745304
327900.0,0.18809763441864794
327960.0,0.18807335723743338
328020.0,0.18804909020735183
328080.0,0.18802483332195113
328140.0,0.18800058657478438
328200.0,0.18797634995941023
328260.0,0.18795212346939277
328320.0,0.18792790709830115
328380.0,0.18790370083971014
328440.0,0.18787950468719988
328500.0,0.1878553186343557
328560.0,0.18783114267476841
328620.0,0.18780697680203418
328680.0,0.18778282100975444
328740.0,0.1877586752915359
328800.0,0.18773453964099085
328860.0,0.18771041405173666
328920.0,0.1876862985173961
328980.0,0.18766219303159726
329040.0,0.18763809758797353
329100.0,0.1876140121801636
329160.0,0.18758993680181152
329220.0,0.18756587144656647
329280.0,0.18754181610808307
329340.0,0.1875177707800212
329400.0,0.18749373545604592
329460.0,0.1874697101298276
329520.0,0.18744569479504197
329580.0,0.18742168944536997
329640.0,0.18739769407449766
329700.0,0.18737370867611655
329760.0,0.18734973324392323
329820.0,0.18732576777161972
329880.0,0.18730181225291304
329940.0,0.18727786668151553
330000.0,0.1872539310511448
330060.0,0.18723000535552373
330120.0,0.18720608958838025
330180.0,0.1871821837434476
330240.0,0.18715828781446414
330300.0,0.1871344017951735
330360.0,0.18711052567932454
330420.0,0.18708665946067116
330480.0,0.18706280313297258
330540.0,0.18703895668999312
330600.0,0.18701512012550228
330660.0,0.1869912934332747
330720.0,0.18696747660709023
330780.0,0.18694366964073392
330840.0,0.18691987252799575
330900.0,0.18689608526267112
330960.0,0.1868723078385604
331020.0,0.18684854024946906
331080.0,0.1868247824892079
331140.0,0.18680103455159258
331200.0,0.18677729643044405
331260.0,0.18675356811958838
331320.0,0.18672984961285663
331380.0,0.18670614090408505
331440.0,0.18668244198711495
331500.0,0.18665875285579275
331560.0,0.18663507350396988
331620.0,0.18661140392550304
331680.0,0.18658774411425377
331740.0,0.18656409406408886
331800.0,0.1865404537688801
331860.0,0.18651682322250424
331920.0,0.18649320241884326
331980.0,0.18646959135178412
332040.0,0.18644599001521883
332100.0,0.18642239840304436
332160.0,0.18639881650916273
332220.0,0.18637524432748118
332280.0,0.18635168185191178
332340.0,0.1863281290763716
332400.0,0.1863045859947829
332460.0,0.18628105260107275
332520.0,0.18625752888917338
332580.0,0.1862340148530219
332640.0,0.18621051048656054
332700.0,0.1861870157837364
332760.0,0.18616353073850161
332820.0,0.18614005534481332
332880.0,0.18611658959663352
332940.0,0.18609313348792944
333000.0,0.1860696870126729
333060.0,0.18604625016484097
333120.0,0.1860228229384156
333180.0,0.1859994053273836
333240.0,0.18597599732573689
333300.0,0.18595259892747207
333360.0,0.18592921012659094
333420.0,0.18590583091710014
333480.0,0.18588246129301114
333540.0,0.18585910124834049
333600.0,0.1858357507771095
333660.0,0.18581240987334446
333720.0,0.18578907853107657
333780.0,0.1857657567443419
333840.0,0.18574244450718147
333900.0,0.18571914181364116
333960.0,0.1856958486577717
334020.0,0.18567256503362867
334080.0,0.18564929093527266
334140.0,0.18562602635676903
334200.0,0.18560277129218802
334260.0,0.18557952573560468
334320.0,0.18555628968109905
334380.0,0.1855330631227559
334440.0,0.18550984605466486
334500.0,0.18548663847092045
334560.0,0.18546344036562198
334620.0,0.1854402517328736
334680.0,0.1854170725667843
334740.0,0.18539390286146795
334800.0,0.18537074261104305
334860.0,0.18534759180963312
334920.0,0.1853244504513664
334980.0,0.18530131853037582
335040.0,0.18527819604079934
335100.0,0.1852550829767795
335160.0,0.18523197933246374
335220.0,0.1852088851020043
335280.0,0.18518580027955808
335340.0,0.1851627248592869
335400.0,0.1851396588353572
335460.0,0.18511660220194034
335520.0,0.18509355495321228
335580.0,0.1850705170833538
335640.0,0.1850474885865505
335700.0,0.18502446945699264
335760.0,0.18500145968887519
335820.0,0.18497845927639794
335880.0,0.1849554682137654
335940.0,0.18493248649518676
336000.0,0.18490951411487594
336060.0,0.18488655106705154
336120.0,0.18486359734593702
336180.0,0.18484065294576035
336240.0,0.18481771786075432
336300.0,0.18479479208515642
336360.0,0.18477187561320876
336420.0,0.18474896843915822
336480.0,0.18472607055725623
336540.0,0.18470318196175914
336600.0,0.18468030264692772
336660.0,0.18465743260702744
336720.0,0.1846345718363287
336780.0,0.18461172032910622
336840.0,0.18458887807963953
336900.0,0.18456604508221292
336960.0,0.18454322133111506
337020.0,0.18452040682063942
337080.0,0.18449760154508416
337140.0,0.18447480549875203
337200.0,0.18445201867595026
337260.0,0.1844292410709909
337320.0,0.18440647267819055
337380.0,0.18438371349187038
337440.0,0.1843609635063562
337500.0,0.18433822271597844
337560.0,0.18431549111507206
337620.0,0.18429276869797678
337680.0,0.18427005545903674
337740.0,0.18424735139260073
337800.0,0.18422465649302208
337860.0,0.18420197075465877
337920.0,0.18417929417187343
337980.0,0.1841566267390329
338040.0,0.18413396845050897
338100.0,0.1841113193006778
338160.0,0.18408867928392023
338220.0,0.18406604839462146
338280.0,0.18404342662717138
338340.0,0.18402081397596443
338400.0,0.18399821043539946
338460.0,0.18397561599988002
338520.0,0.18395303066381397
338580.0,0.1839304544216139
338640.0,0.18390788726769686
338700.0,0.18388532919648434
338760.0,0.18386278020240238
338820.0,0.18384024027988158
338880.0,0.18381770942335693
338940.0,0.183795187627268
339000.0,0.18377267488605886
339060.0,0.18375017119417802
339120.0,0.1837276765460784
339180.0,0.1837051909362176
339240.0,0.18368271435905756
339300.0,0.18366024680906465
339360.0,0.18363778828070976
339420.0,0.1836153387684683
339480.0,0.1835928982668201
339540.0,0.18357046677024924
339600.0,0.18354804427324461
339660.0,0.18352563077029932
339720.0,0.18350322625591084
339780.0,0.18348083072458132
339840.0,0.18345844417081714
339900.0,0.18343606658912914
339960.0,0.18341369797403273
340020.0,0.18339133832004745
340080.0,0.1833689876216975
340140.0,0.1833466458735115
340200.0,0.18332431307002223
340260.0,0.18330198920576707
340320.0,0.18327967427528774
340380.0,0.18325736827313038
340440.0,0.18323507119384544
340500.0,0.1832127830319878
340560.0,0.1831905037821167
340620.0,0.18316823343879587
340680.0,0.18314597199659322
340740.0,0.1831237194500811
340800.0,0.18310147579383623
340860.0,0.18307924102243966
340920.0,0.18305701513047692
340980.0,0.18303479811253773
341040.0,0.18301258996321612
341100.0,0.18299039067711062
341160.0,0.18296820024882407
341220.0,0.1829460186729635
341280.0,0.1829238459441403
341340.0,0.18290168205697033
341400.0,0.18287952700607368
341460.0,0.18285738078607464
341520.0,0.18283524339160204
341580.0,0.18281311481728876
341640.0,0.18279099505777216
341700.0,0.18276888410769387
341760.0,0.1827467819616997
341820.0,0.18272468861443986
341880.0,0.18270260406056887
341940.0,0.1826805282947454
342000.0,0.18265846131163252
342060.0,0.18263640310589743
342120.0,0.1826143536722117
342180.0,0.18259231300525125
342240.0,0.18257028109969603
342300.0,0.1825482579502304
342360.0,0.182526243551543
342420.0,0.1825042378983265
342480.0,0.18248224098527807
342540.0,0.18246025280709902
342600.0,0.18243827335849483
342660.0,0.18241630263417524
342720.0,0.1823943406288543
342780.0,0.18237238733725017
342840.0,0.18235044275408527
342900.0,0.18232850687408617
342960.0,0.1823065796919838
343020.0,0.1822846612025132
343080.0,0.1822627514004136
343140.0,0.1822408502804284
343200.0,0.18221895783730524
343260.0,0.18219707406579602
343320.0,0.18217519896065662
343380.0,0.18215333251664723
343440.0,0.18213147472853228
343500.0,0.18210962559108024
343560.0,0.1820877850990639
343620.0,0.18206595324725997
343680.0,0.18204413003044956
343740.0,0.1820223154434178
343800.0,0.18200050948095395
343860.0,0.1819787121378516
343920.0,0.18195692340890832
343980.0,0.1819351432889258
344040.0,0.18191337177271
344100.0,0.18189160885507086
344160.0,0.18186985453082258
344220.0,0.1818481087947834
344280.0,0.18182637164177565
344340.0,0.18180464306662586
344400.0,0.18178292306416463
344460.0,0.18176121162922668
344520.0,0.18173950875665085
344580.0,0.18171781444127996
344640.0,0.18169612867796112
344700.0,0.18167445146154532
344760.0,0.18165278278688782
344820.0,0.1816311226488479
344880.0,0.1816094710422888
344940.0,0.181587827962078
345000.0,0.181566193403087
345060.0,0.1815445673601914
345120.0,0.18152294982827058
345180.0,0.1815013408022085
345240.0,0.1814797402768928
345300.0,0.18145814824721518
345360.0,0.1814365647080715
345420.0,0.18141498965436165
345480.0,0.1813934230809896
345540.0,0.18137186498286312
345600.0,0.1813503153548939
345660.0,0.18132877449744686
345720.0,0.18130724186701325
345780.0,0.18128571762251228
345840.0,0.18126420181826675
345900.0,0.1812426944609038
345960.0,0.1812211955452671
346020.0,0.18119970506508082
346080.0,0.18117822301469028
346140.0,0.1811567493891904
346200.0,0.1811352841830423
346260.0,0.18111382739183204
346320.0,0.18109237901023084
346380.0,0.1810709390330162
346440.0,0.1810495074551143
346500.0,0.18102808427151493
346560.0,0.18100666947721086
346620.0,0.18098526306718551
346680.0,0.1809638650364204
346740.0,0.18094247537990119
346800.0,0.1809210940926192
346860.0,0.18089972116957037
346920.0,0.18087835660575466
346980.0,0.18085700039617567
347040.0,0.18083565253584097
347100.0,0.18081431301976197
347160.0,0.18079298184295414
347220.0,0.1807716590004368
347280.0,0.1807503444872332
347340.0,0.1807290382983705
347400.0,0.18070774042887988
347460.0,0.18068645087379628
347520.0,0.18066516962815865
347580.0,0.18064389668700975
347640.0,0.1806226320453964
347700.0,0.18060137569836912
347760.0,0.18058012764098252
347820.0,0.1805588878682949
347880.0,0.18053765637536864
347940.0,0.18051643315726984
348000.0,0.18049521820906855
348060.0,0.18047401152583864
348120.0,0.180452813102658
348180.0,0.18043162293460827
348240.0,0.18041044101677486
348300.0,0.18038926734424726
348360.0,0.18036810191211863
348420.0,0.18034694471548615
348480.0,0.18032579574945057
348540.0,0.18030465500911685
348600.0,0.18028352248959353
348660.0,0.18026239818599302
348720.0,0.18024128209343163
348780.0,0.18022017420702952
348840.0,0.18019907452191053
348900.0,0.18017798303320254
348960.0,0.18015689973603705
349020.0,0.18013582462554945
349080.0,0.18011475769687899
349140.0,0.18009369894516863
349200.0,0.18007264836556522
349260.0,0.18005160595321937
349320.0,0.18003057170328543
349380.0,0.1800095456109217
349440.0,0.17998852767129017
349500.0,0.1799675178795565
349560.0,0.1799465162308903
349620.0,0.179925522720465
349680.0,0.17990453734345765
349740.0,0.17988356009504905
349800.0,0.17986259097042395
349860.0,0.17984162996477074
349920.0,0.17982067707328156
349980.0,0.17979973229115234
350040.0,0.17977879561358287
350100.0,0.17975786703577643
350160.0,0.17973694655294026
350220.0,0.17971603416028525
350280.0,0.1796951298530261
350340.0,0.17967423362638119
350400.0,0.1796533454755726
350460.0,0.17963246539582625
350520.0,0.1796115933823716
350580.0,0.17959072943044205
350640.0,0.1795698735352746
350700.0,0.17954902569210987
350760.0,0.17952818589619243
350820.0,0.17950735414277033
350880.0,0.17948653042709545
350940.0,0.17946571474442333
351000.0,0.17944490709001315
351060.0,0.1794241074591279
351120.0,0.17940331584703414
351180.0,0.17938253224900222
351240.0,0.17936175666030615
351300.0,0.17934098907622353
351360.0,0.17932022949203572
351420.0,0.1792994779030277
351480.0,0.1792787343044881
351540.0,0.1792579986917094
351600.0,0.1792372710599875
351660.0,0.17921655140462195
351720.0,0.17919583972091627
351780.0,0.17917513600417734
351840.0,0.17915444024971572
351900.0,0.1791337524528456
351960.0,0.179113072608885
352020.0,0.17909240071315535
352080.0,0.17907173676098184
352140.0,0.17905108074769321
352200.0,0.17903043266862198
352260.0,0.179009792519104
352320.0,0.17898916029447903
352380.0,0.17896853599009044
352440.0,0.17894791960128487
352500.0,0.1789273111234129
352560.0,0.1789067105518287
352620.0,0.17888611788188982
352680.0,0.17886553310895764
352740.0,0.17884495622839702
352800.0,0.17882438723557645
352860.0,0.17880382612586795
352920.0,0.17878327289464724
352980.0,0.17876272753729341
353040.0,0.17874219004918934
353100.0,0.1787216604257214
353160.0,0.1787011386622796
353220.0,0.17868062475425736
353280.0,0.17866011869705178
353340.0,0.17863962048606355
353400.0,0.17861913011669678
353460.0,0.17859864758435928
353520.0,0.17857817288446232
353580.0,0.17855770601242082
353640.0,0.17853724696365306
353700.0,0.17851679573358098
353760.0,0.17849635231763009
353820.0,0.17847591671122948
353880.0,0.17845548890981147
353940.0,0.17843506890881225
354000.0,0.17841465670367138
354060.0,0.17839425228983197
354120.0,0.17837385566274058
354180.0,0.1783534668178474
354240.0,0.17833308575060608
354300.0,0.17831271245647368
354360.0,0.17829234693091092
354420.0,0.17827198916938197
354480.0,0.17825163916735443
354540.0,0.1782312969202994
354600.0,0.17821096242369155
354660.0,0.17819063567300908
354720.0,0.1781703166637335
354780.0,0.17815000539134984
354840.0,0.17812970185134677
354900.0,0.17810940603921624
354960.0,0.1780891179504538
355020.0,0.1780688375805584
355080.0,0.1780485649250325
355140.0,0.1780282999793819
355200.0,0.17800804273911602
355260.0,0.17798779319974767
355320.0,0.1779675513567931
355380.0,0.17794731720577192
355440.0,0.17792709074220744
355500.0,0.17790687196162613
355560.0,0.17788666085955804
355620.0,0.1778664574315366
355680.0,0.17784626167309872
355740.0,0.17782607357978475
355800.0,0.17780589314713838
355860.0,0.17778572037070678
355920.0,0.1777655552460406
355980.0,0.17774539776869375
356040.0,0.17772524793422367
356100.0,0.17770510573819115
356160.0,0.17768497117616044
356220.0,0.1776648442436992
356280.0,0.17764472493637828
356340.0,0.1776246132497723
356400.0,0.17760450917945905
356460.0,0.17758441272101966
356520.0,0.17756432387003868
356580.0,0.1775442426221041
356640.0,0.17752416897280734
356700.0,0.17750410291774307
356760.0,0.17748404445250937
356820.0,0.17746399357270773
356880.0,0.17744395027394302
356940.0,0.17742391455182338
357000.0,0.17740388640196036
357060.0,0.17738386581996898
357120.0,0.17736385280146738
357180.0,0.17734384734207725
357240.0,0.17732384943742355
357300.0,0.1773038590831346
357360.0,0.17728387627484202
357420.0,0.17726390100818082
357480.0,0.17724393327878937
357540.0,0.17722397308230936
357600.0,0.17720402041438563
357660.0,0.1771840752706666
357720.0,0.17716413764680392
357780.0,0.17714420753845256
357840.0,0.17712428494127078
357900.0,0.17710436985092004
357960.0,0.17708446226306543
358020.0,0.17706456217337507
358080.0,0.17704466957752052
358140.0,0.1770247844711765
358200.0,0.1770049068500212
358260.0,0.17698503670973606
358320.0,0.17696517404600565
358380.0,0.17694531885451806
358440.0,0.17692547113096452
358500.0,0.17690563087103955
358560.0,0.17688579807044105
358620.0,0.1768659727248701
358680.0,0.1768461548300311
358740.0,0.1768263443816317
358800.0,0.17680654137538276
358860.0,0.17678674580699857
358920.0,0.17676695767219655
358980.0,0.17674717696669737
359040.0,0.17672740368622497
359100.0,0.1767076378265066
359160.0,0.17668787938327266
359220.0,0.17666812835225693
359280.0,0.17664838472919633
359340.0,0.17662864850983107
359400.0,0.17660891968990458
359460.0,0.17658919826516342
359520.0,0.17656948423135757
359580.0,0.17654977758424015
359640.0,0.1765300783195675
359700.0,0.17651038643309913
359760.0,0.17649070192059788
359820.0,0.17647102477782972
359880.0,0.1764513550005639
359940.0,0.17643169258457275
360000.0,0.17641203752563195
360060.0,0.17639238981952035
360120.0,0.17637274946201997
360180.0,0.176353116448916
360240.0,0.17633349077599692
360300.0,0.1763138724390543
360360.0,0.17629426143388302
360420.0,0.17627465775628096
360480.0,0.1762550614020493
360540.0,0.17623547236699252
360600.0,0.17621589064691803
360660.0,0.17619631623763662
360720.0,0.17617674913496204
360780.0,0.1761571893347114
360840.0,0.17613763683270492
360900.0,0.176118091624766
360960.0,0.17609855370672106
361020.0,0.1760790230743999
361080.0,0.1760594997236353
361140.0,0.17603998365026324
361200.0,0.17602047485012284
361260.0,0.1760009733190565
361320.0,0.1759814790529095
361380.0,0.1759619920475304
361440.0,0.17594251229877098
361500.0,0.17592303980248603
361560.0,0.17590357455453356
361620.0,0.17588411655077457
361680.0,0.17586466578707327
361740.0,0.17584522225929708
361800.0,0.17582578596331636
361860.0,0.17580635689500468
361920.0,0.17578693505023876
361980.0,0.17576752042489843
362040.0,0.17574811301486648
362100.0,0.1757287128160289
362160.0,0.17570931982427487
362220.0,0.17568993403549657
362280.0,0.17567055544558927
362340.0,0.17565118405045133
362400.0,0.17563181984598422
362460.0,0.1756124628280926
362520.0,0.17559311299268396
362580.0,0.17557377033566907
362640.0,0.17555443485296182
362700.0,0.17553510654047902
362760.0,0.17551578539414062
362820.0,0.17549647140986968
362880.0,0.17547716458359217
362940.0,0.17545786491123735
363000.0,0.17543857238873742
363060.0,0.17541928701202755
363120.0,0.1754000087770462
363180.0,0.1753807376797347
363240.0,0.1753614737160374
363300.0,0.17534221688190185
363360.0,0.17532296717327853
363420.0,0.17530372458612106
363480.0,0.1752844891163859
363540.0,0.1752652607600328
363600.0,0.17524603951302442
363660.0,0.17522682537132636
363720.0,0.17520761833090742
363780.0,0.17518841838773938
363840.0,0.17516922553779682
363900.0,0.1751500397770578
363960.0,0.17513086110150294
364020.0,0.17511168950711603
364080.0,0.175092524989884
364140.0,0.1750733675457966
364200.0,0.17505421717084677
364260.0,0.17503507386103023
364320.0,0.1750159376123459
364380.0,0.1749968084207956
364440.0,0.1749776862823841
364500.0,0.17495857119311928
364560.0,0.17493946314901196
364620.0,0.17492036214607587
364680.0,0.17490126818032783
364740.0,0.17488218124778765
364800.0,0.1748631013444779
364860.0,0.17484402846642447
364920.0,0.17482496260965594
364980.0,0.17480590377020394
365040.0,0.1747868519441032
365100.0,0.1747678071273911
365160.0,0.1747487693161084
365220.0,0.17472973850629847
365280.0,0.17471071469400778
365340.0,0.17469169787528574
365400.0,0.17467268804618474
365460.0,0.17465368520276006
365520.0,0.17463468934106988
365580.0,0.17461570045717556
365640.0,0.174596718547141
365700.0,0.17457774360703346
365760.0,0.17455877563292288
365820.0,0.1745398146208821
365880.0,0.1745208605669871
365940.0,0.17450191346731656
366000.0,0.17448297331795234
366060.0,0.17446404011497887
366120.0,0.1744451138544838
366180.0,0.17442619453255764
366240.0,0.17440728214529366
366300.0,0.1743883766887882
366360.0,0.17436947815914042
366420.0,0.17435058655245242
366480.0,0.1743317018648292
366540.0,0.1743128240923787
366600.0,0.1742939532312116
366660.0,0.17427508927744167
366720.0,0.17425623222718542
366780.0,0.1742373820765624
366840.0,0.17421853882169486
366900.0,0.1741997024587081
366960.0,0.1741808729837302
367020.0,0.17416205039289215
367080.0,0.17414323468232784
367140.0,0.17412442584817395
367200.0,0.17410562388656983
367260.0,0.17408682905708314
367320.0,0.1740680408926477
367380.0,0.17404925952914208
367440.0,0.1740304850141575
367500.0,0.17401171735416268
367560.0,0.17399295654532726
367620.0,0.17397420258278576
367680.0,0.1739554554621868
367740.0,0.17393671517979037
367800.0,0.17391798173137538
367860.0,0.17389925511360338
367920.0,0.17388053532243075
367980.0,0.17386182235389092
368040.0,0.17384311620413023
368100.0,0.17382441686934402
368160.0,0.17380572434573036
368220.0,0.17378703862948017
368280.0,0.1737683597167824
368340.0,0.1737496876038292
368400.0,0.17373102228681642
368460.0,0.17371236376194368
368520.0,0.1736937120254132
368580.0,0.17367506707342992
368640.0,0.17365642890220148
368700.0,0.17363779750793845
368760.0,0.1736191728868541
368820.0,0.17360055503516456
368880.0,0.1735819439490886
368940.0,0.17356333962484813
369000.0,0.17354474205866752
369060.0,0.17352615124677406
369120.0,0.1735075671853978
369180.0,0.1734889898707717
369240.0,0.1734704192991313
369300.0,0.17345185546671504
369360.0,0.17343329836976415
369420.0,0.1734147480045225
369480.0,0.17339620436723696
369540.0,0.17337766745415692
369600.0,0.17335913726153476
369660.0,0.1733406137856255
369720.0,0.17332209702268686
369780.0,0.17330358696897946
369840.0,0.17328508362076667
369900.0,0.1732665869743145
369960.0,0.17324809702589178
370020.0,0.17322961377177007
370080.0,0.1732111372082237
370140.0,0.17319266733152985
370200.0,0.17317420413796816
370260.0,0.1731557476238213
370320.0,0.1731372977853745
370380.0,0.17311885461891577
370440.0,0.17310041812073587
370500.0,0.17308198828712834
370560.0,0.17306356511438925
370620.0,0.1730451485988177
370680.0,0.1730267387367153
370740.0,0.17300833552438633
370800.0,0.17298993895813788
370860.0,0.17297154903427994
370920.0,0.1729531657491249
370980.0,0.172934789098988
371040.0,0.17291641908018712
371100.0,0.17289805568904296
371160.0,0.17287969892187888
371220.0,0.1728613487750209
371280.0,0.17284300524479781
371340.0,0.17282466832754095
371400.0,0.17280633801958453
371460.0,0.17278801431726537
371520.0,0.1727696972169229
371580.0,0.17275138671489937
371640.0,0.17273308280753966
371700.0,0.1727147854911913
371760.0,0.1726964947622045
371820.0,0.17267821061693225
371880.0,0.17265993305173008
371940.0,0.17264166206295628
372000.0,0.17262339764697177
372060.0,0.17260513980014003
372120.0,0.17258688851882747
372180.0,0.17256864379940287
372240.0,0.1725504056382379
372300.0,0.17253217403170676
372360.0,0.17251394897618627
372420.0,0.1724957304680561
372480.0,0.1724775185036983
372540.0,0.17245931307949774
372600.0,0.172441114191842
372660.0,0.17242292183712102
372720.0,0.17240473601172768
372780.0,0.1723865567120573
372840.0,0.17236838393450796
372900.0,0.17235021767548037
372960.0,0.17233205793137768
373020.0,0.1723139046986059
373080.0,0.1722957579735736
373140.0,0.1722776177526919
373200.0,0.1722594840323746
373260.0,0.17224135680903813
373320.0,0.1722232360791015
373380.0,0.17220512183898626
373440.0,0.17218701408511683
373500.0,0.1721689128139199
373560.0,0.17215081802182508
373620.0,0.17213272970526436
373680.0,0.1721146478606724
373740.0,0.1720965724844865
373800.0,0.1720785035731465
373860.0,0.1720604411230949
373920.0,0.17204238513077671
373980.0,0.17202433559263963
374040.0,0.17200629250513386
374100.0,0.1719882558647122
374160.0,0.1719702256678301
374220.0,0.1719522019109455
374280.0,0.171934184590519
374340.0,0.1719161737030137
374400.0,0.17189816924489534
374460.0,0.1718801712126322
374520.0,0.17186217960269512
374580.0,0.17184419441155743
374640.0,0.17182621563569536
374700.0,0.17180824327158725
374760.0,0.17179027731571425
374820.0,0.17177231776456003
374880.0,0.1717543646146109
374940.0,0.17173641786235555
375000.0,0.17171847750428523
375060.0,0.17170054353689393
375120.0,0.1716826159566781
375180.0,0.17166469476013663
375240.0,0.171646779943771
375300.0,0.17162887150408532
375360.0,0.1716109694375862
375420.0,0.17159307374078267
375480.0,0.17157518441018646
375540.0,0.17155730144231165
375600.0,0.17153942483367507
375660.0,0.17152155458079596
375720.0,0.17150369068019594
375780.0,0.1714858331283995
375840.0,0.17146798192193322
375900.0,0.1714501370573265
375960.0,0.17143229853111128
376020.0,0.17141446633982182
376080.0,0.17139664047999498
376140.0,0.17137882094817006
376200.0,0.17136100774088908
376260.0,0.17134320085469634
376320.0,0.17132540028613857
376380.0,0.17130760603176545
376440.0,0.1712898180881286
376500.0,0.1712720364517825
376560.0,0.17125426111928393
376620.0,0.1712364920871923
376680.0,0.17121872935206947
376740.0,0.17120097291047964
376800.0,0.17118322275898978
376860.0,0.17116547889416908
376920.0,0.17114774131258934
376980.0,0.1711300100108248
377040.0,0.1711122849854522
377100.0,0.17109456623305058
377160.0,0.17107685375020176
377220.0,0.17105914753348989
377280.0,0.17104144757950146
377340.0,0.17102375388482557
377400.0,0.17100606644605376
377460.0,0.17098838525977997
377520.0,0.17097071032260067
377580.0,0.17095304163111472
377640.0,0.1709353791819235
377700.0,0.1709177229716308
377760.0,0.17090007299684287
377820.0,0.17088242925416833
377880.0,0.1708647917402184
377940.0,0.17084716045160664
378000.0,0.170829535384949
378060.0,0.17081191653686403
378120.0,0.17079430390397254
378180.0,0.17077669748289784
378240.0,0.17075909727026578
378300.0,0.17074150326270449
378360.0,0.17072391545684457
378420.0,0.17070633384931902
378480.0,0.17068875843676334
378540.0,0.17067118921581545
378600.0,0.17065362618311553
378660.0,0.17063606933530634
378720.0,0.1706185186690331
378780.0,0.17060097418094314
378840.0,0.17058343586768657
378900.0,0.17056590372591574
378960.0,0.17054837775228535
379020.0,0.17053085794345252
379080.0,0.17051334429607692
379140.0,0.1704958368068204
379200.0,0.17047833547234742
379260.0,0.17046084028932468
379320.0,0.1704433512544213
379380.0,0.1704258683643089
379440.0,0.1704083916156613
379500.0,0.17039092100515488
379560.0,0.17037345652946834
379620.0,0.17035599818528266
379680.0,0.1703385459692814
379740.0,0.1703210998781504
379800.0,0.1703036599085778
379860.0,0.1702862260572542
379920.0,0.1702687983208725
379980.0,0.17025137669612816
380040.0,0.1702339611797188
380100.0,0.17021655176834447
380160.0,0.17019914845870754
380220.0,0.17018175124751292
380280.0,0.17016436013146766
380340.0,0.1701469751072812
380400.0,0.17012959617166554
380460.0,0.17011222332133474
380520.0,0.1700948565530054
380580.0,0.17007749586339652
380640.0,0.17006014124922922
380700.0,0.1700427927072271
380760.0,0.1700254502341162
380820.0,0.17000811382662473
380880.0,0.16999078348148328
380940.0,0.1699734591954248
381000.0,0.1699561409651847
381060.0,0.16993882878750038
381120.0,0.16992152265911192
381180.0,0.16990422257676166
381240.0,0.16988692853719406
381300.0,0.16986964053715606
381360.0,0.169852358573397
381420.0,0.16983508264266842
381480.0,0.16981781274172408
381540.0,0.16980054886732038
381600.0,0.16978329101621564
381660.0,0.1697660391851708
381720.0,0.16974879337094895
381780.0,0.16973155357031558
381840.0,0.16971431978003837
381900.0,0.16969709199688734
381960.0,0.169679870217635
382020.0,0.16966265443905587
382080.0,0.16964544465792689
382140.0,0.16962824087102735
382200.0,0.16961104307513883
382260.0,0.16959385126704504
382320.0,0.1695766654435322
382380.0,0.16955948560138867
382440.0,0.16954231173740514
382500.0,0.1695251438483746
382560.0,0.16950798193109226
382620.0,0.1694908259823557
382680.0,0.16947367599896473
382740.0,0.1694565319777214
382800.0,0.16943939391543017
382860.0,0.16942226180889758
382920.0,0.16940513565493248
382980.0,0.1693880154503461
383040.0,0.1693709011919519
383100.0,0.16935379287656555
383160.0,0.169336690501005
383220.0,0.1693195940620905
383280.0,0.16930250355664447
383340.0,0.16928541898149163
383400.0,0.16926834033345908
383460.0,0.16925126760937592
383520.0,0.1692342008060737
383580.0,0.16921713992038617
383640.0,0.1692000849491492
383700.0,0.1691830358892012
383760.0,0.16916599273738248
383820.0,0.1691489554905357
383880.0,0.16913192414550593
383940.0,0.16911489869914031
384000.0,0.16909787914828822
384060.0,0.16908086548980136
384120.0,0.1690638577205335
384180.0,0.16904685583734078
384240.0,0.1690298598370816
384300.0,0.1690128697166164
384360.0,0.16899588547280797
384420.0,0.16897890710252142
384480.0,0.16896193460262376
384540.0,0.16894496796998462
384600.0,0.1689280072014755
384660.0,0.1689110522939703
384720.0,0.1688941032443451
384780.0,0.16887716004947814
384840.0,0.1688602227062499
384900.0,0.16884329121154307
384960.0,0.16882636556224248
385020.0,0.16880944575523532
385080.0,0.16879253178741085
385140.0,0.1687756236556605
385200.0,0.16875872135687797
385260.0,0.16874182488795916
385320.0,0.1687249342458021
385380.0,0.16870804942730708
385440.0,0.16869117042937645
385500.0,0.1686742972489149
385560.0,0.16865742988282925
385620.0,0.16864056832802848
385680.0,0.16862371258142372
385740.0,0.16860686263992836
385800.0,0.16859001850045793
385860.0,0.1685731801599301
385920.0,0.16855634761526472
385980.0,0.16853952086338386
386040.0,0.1685226999012118
386100.0,0.16850588472567474
386160.0,0.1684890753337014
386220.0,0.16847227172222243
386280.0,0.1684554738881706
386340.0,0.168438681828481
386400.0,0.16842189554009088
386460.0,0.16840511501993943
386520.0,0.16838834026496827
386580.0,0.16837157127212093
386640.0,0.16835480803834332
386700.0,0.16833805056058332
386760.0,0.168321298835791
386820.0,0.1683045528609186
386880.0,0.16828781263292045
386940.0,0.16827107814875317
387000.0,0.1682543494053753
387060.0,0.1682376263997477
387120.0,0.16822090912883322
387180.0,0.16820419758959698
387240.0,0.16818749177900616
387300.0,0.16817079169403007
387360.0,0.16815409733164008
387420.0,0.16813740868880983
387480.0,0.16812072576251505
387540.0,0.16810404854973343
387600.0,0.168087377047445
387660.0,0.16807071125263182
387720.0,0.16805405116227792
387780.0,0.16803739677336982
387840.0,0.16802074808289574
387900.0,0.1680041050878462
387960.0,0.1679874677852139
388020.0,0.1679708361719935
388080.0,0.1679542102451818
388140.0,0.16793759000177777
388200.0,0.16792097543878248
388260.0,0.16790436655319904
388320.0,0.16788776334203265
388380.0,0.16787116580229064
388440.0,0.1678545739309825
388500.0,0.16783798772511963
388560.0,0.16782140718171576
388620.0,0.16780483229778656
388680.0,0.16778826307034972
388740.0,0.16777169949642515
388800.0,0.16775514157303467
388860.0,0.16773858952667484
388920.0,0.16772204295183846
388980.0,0.16770550196581177
389040.0,0.16768896661062313
389100.0,0.1676724368924884
389160.0,0.1676559128085337
389220.0,0.1676393943549228
389280.0,0.16762288152824878
389340.0,0.1676063743256106
389400.0,0.16758987274373868
389460.0,0.167573376780065
389520.0,0.16755688643146996
389580.0,0.16754040169489082
389640.0,0.1675239225673516
389700.0,0.16750744904591514
389760.0,0.16749098112764646
389820.0,0.16747451880960496
389880.0,0.16745806208884853
389940.0,0.1674416109624371
390000.0,0.1674251654274335
390060.0,0.16740872548090324
390120.0,0.16739229111991388
390180.0,0.16737586234153465
390240.0,0.16735943914283716
390300.0,0.16734302152089478
390360.0,0.16732660947278297
390420.0,0.1673102029955794
390480.0,0.16729380208636346
390540.0,0.16727740674221683
390600.0,0.16726101696022316
390660.0,0.16724463273746826
390720.0,0.16722825407103958
390780.0,0.16721188095802694
390840.0,0.1671955133955221
390900.0,0.1671791513806188
390960.0,0.16716279491041286
391020.0,0.16714644398200204
391080.0,0.16713009859248612
391140.0,0.167113758738967
391200.0,0.16709742441854855
391260.0,0.1670810956283366
391320.0,0.16706477236543893
391380.0,0.16704845462696552
391440.0,0.16703214241002823
391500.0,0.16701583571174092
391560.0,0.1669995345292195
391620.0,0.16698323885958186
391680.0,0.16696694869994788
391740.0,0.16695066404743947
391800.0,0.16693438489918047
391860.0,0.1669181112522968
391920.0,0.1669018431039163
391980.0,0.16688558045116889
392040.0,0.16686932329118634
392100.0,0.16685307162110255
392160.0,0.1668368254380533
392220.0,0.16682058473917644
392280.0,0.16680434952161172
392340.0,0.16678811978250085
392400.0,0.16677189551898777
392460.0,0.16675567672821806
392520.0,0.16673946340733947
392580.0,0.16672325555350162
392640.0,0.16670705316385623
392700.0,0.16669085623555685
392760.0,0.16667466476575915
392820.0,0.16665847875162065
392880.0,0.1666422981903009
392940.0,0.1666261230789613
393000.0,0.16660995341476537
393060.0,0.1665937891948784
393120.0,0.16657763041646798
393180.0,0.16656147707670324
393240.0,0.16654532917275552
393300.0,0.1665291867017981
393360.0,0.16651304966100605
393420.0,0.1664969180475566
393480.0,0.16648079185862882
393540.0,0.1664646710914037
393600.0,0.16644855574306425
393660.0,0.16643244581079542
393720.0,0.166416341291784
393780.0,0.16640024218321886
393840.0,0.1663841484822907
393900.0,0.16636806018619218
393960.0,0.16635197729211798
394020.0,0.1663358997972646
394080.0,0.1663198276988305
394140.0,0.16630376099401614
394200.0,0.16628769968002385
394260.0,0.16627164375405792
394320.0,0.16625559321332445
394380.0,0.16623954805503166
394440.0,0.16622350827638954
394500.0,0.16620747387461007
394560.0,0.16619144484690707
394620.0,0.16617542119049644
394680.0,0.16615940290259584
394740.0,0.16614338998042483
394800.0,0.16612738242120506
394860.0,0.16611138022215993
394920.0,0.16609538338051474
394980.0,0.1660793918934969
395040.0,0.16606340575833548
395100.0,0.16604742497226158
395160.0,0.1660314495325082
395220.0,0.1660154794363102
395280.0,0.16599951468090435
395340.0,0.16598355526352934
395400.0,0.16596760118142576
395460.0,0.16595165243183602
395520.0,0.1659357090120046
395580.0,0.1659197709191777
395640.0,0.16590383815060342
395700.0,0.16588791070353187
395760.0,0.16587198857521493
395820.0,0.16585607176290634
395880.0,0.16584016026386195
395940.0,0.1658242540753392
396000.0,0.16580835319459758
396060.0,0.16579245761889844
396120.0,0.16577656734550497
396180.0,0.1657606823716823
396240.0,0.16574480269469724
396300.0,0.16572892831181874
396360.0,0.16571305922031757
396420.0,0.16569719541746616
396480.0,0.16568133690053902
396540.0,0.16566548366681244
396600.0,0.1656496357135646
396660.0,0.16563379303807543
396720.0,0.16561795563762702
396780.0,0.16560212350950296
396840.0,0.16558629665098895
396900.0,0.16557047505937245
396960.0,0.16555465873194267
397020.0,0.16553884766599095
397080.0,0.1655230418588102
397140.0,0.16550724130769534
397200.0,0.16549144600994312
397260.0,0.1654756559628521
397320.0,0.16545987116372268
397380.0,0.16544409160985712
397440.0,0.1654283172985596
397500.0,0.16541254822713597
397560.0,0.1653967843928941
397620.0,0.16538102579314354
397680.0,0.16536527242519583
397740.0,0.16534952428636424
397800.0,0.16533378137396385
397860.0,0.1653180436853117
397920.0,0.16530231121772648
397980.0,0.16528658396852894
398040.0,0.1652708619350414
398100.0,0.16525514511458828
398160.0,0.16523943350449558
398220.0,0.16522372710209118
398280.0,0.16520802590470496
398340.0,0.16519232990966834
398400.0,0.1651766391143148
398460.0,0.16516095351597948
398520.0,0.1651452731119994
398580.0,0.16512959789971338
398640.0,0.165113927876462
398700.0,0.16509826303958783
398760.0,0.16508260338643513
398820.0,0.1650669489143498
398880.0,0.1650512996206798
398940.0,0.16503565550277485
399000.0,0.16502001655798637
399060.0,0.1650043827836676
399120.0,0.16498875417717368
399180.0,0.16497313073586142
399240.0,0.16495751245708962
399300.0,0.16494189933821857
399360.0,0.1649262913766106
399420.0,0.16491068856962984
399480.0,0.16489509091464205
399540.0,0.1648794984090148
399600.0,0.16486391105011766
399660.0,0.16484832883532172
399720.0,0.164832751762
399780.0,0.16481717982752725
399840.0,0.1648016130292801
399900.0,0.16478605136463678
399960.0,0.16477049483097742
400020.0,0.16475494342568403
400080.0,0.16473939714614014
400140.0,0.1647238559897312
400200.0,0.16470831995384447
400260.0,0.1646927890358689
400320.0,0.16467726323319526
400380.0,0.1646617425432161
400440.0,0.16464622696332565
400500.0,0.16463071649091995
400560.0,0.16461521112339694
400620.0,0.16459971085815606
400680.0,0.16458421569259868
400740.0,0.16456872562412792
400800.0,0.16455324065014862
400860.0,0.16453776076806742
400920.0,0.1645222859752927
400980.0,0.16450681626923455
401040.0,0.16449135164730483
401100.0,0.16447589210691715
401160.0,0.16446043764548693
401220.0,0.16444498826043127
401280.0,0.1644295439491691
401340.0,0.16441410470912088
401400.0,0.16439867053770907
401460.0,0.16438324143235777
401520.0,0.16436781739049275
401580.0,0.1643523984095417
401640.0,0.16433698448693385
401700.0,0.1643215756201002
401760.0,0.16430617180647364
401820.0,0.16429077304348863
401880.0,0.1642753793285814
401940.0,0.16425999065918997
402000.0,0.16424460703275404
402060.0,0.16422922844671503
402120.0,0.1642138548985161
402180.0,0.1641984863856021
402240.0,0.16418312290541973
402300.0,0.16416776445541723
402360.0,0.16415241103304465
402420.0,0.16413706263575384
402480.0,0.16412171926099822
402540.0,0.164106380906233
402600.0,0.16409104756891504
402660.0,0.16407571924650305
402720.0,0.16406039593645738
402780.0,0.16404507763624004
402840.0,0.16402976434331476
402900.0,0.16401445605514697
402960.0,0.163999152769204
403020.0,0.16398385448295458
403080.0,0.16396856119386932
403140.0,0.16395327289942058
403200.0,0.1639379895970822
403260.0,0.16392271128432997
403320.0,0.16390743795864124
403380.0,0.16389216961749503
403440.0,0.16387690625837215
403500.0,0.16386164787875504
403560.0,0.16384639447612792
403620.0,0.16383114604797658
403680.0,0.16381590259178846
403740.0,0.16380066410505298
403800.0,0.16378543058526082
403860.0,0.16377020202990472
403920.0,0.1637549784364789
403980.0,0.16373975980247935
404040.0,0.16372454612540363
404100.0,0.1637093374027511
404160.0,0.1636941336320228
404220.0,0.1636789348107213
404280.0,0.16366374093635092
404340.0,0.16364855200641784
404400.0,0.16363336801842962
404460.0,0.16361818896989563
404520.0,0.16360301485832696
404580.0,0.16358784568123613
404640.0,0.16357268143613776
404700.0,0.1635575221205477
404760.0,0.1635423677319837
404820.0,0.1635272182679651
404880.0,0.1635120737260129
404940.0,0.16349693410364982
405000.0,0.16348179939840013
405060.0,0.16346666960778988
405120.0,0.16345154472934667
405180.0,0.1634364247605998
405240.0,0.16342130969908025
405300.0,0.16340619954232063
405360.0,0.16339109428785514
405420.0,0.16337599393321978
405480.0,0.16336089847595206
405540.0,0.16334580791359105
405600.0,0.16333072224367773
405660.0,0.16331564146375457
405720.0,0.16330056557136566
405780.0,0.16328549456405678
405840.0,0.16327042843937536
405900.0,0.1632553671948704
405960.0,0.1632403108280926
406020.0,0.16322525933659424
406080.0,0.1632102127179294
406140.0,0.16319517096965347
406200.0,0.16318013408932383
406260.0,0.16316510207449916
406320.0,0.16315007492274006
406380.0,0.16313505263160866
406440.0,0.1631200351986685
406500.0,0.1631050226214851
406560.0,0.1630900148976254
406620.0,0.1630750120246579
406680.0,0.1630600140001529
406740.0,0.16304502082168223
406800.0,0.1630300324868193
406860.0,0.16301504899313915
406920.0,0.1630000703382186
406980.0,0.1629850965196358
407040.0,0.16297012753497073
407100.0,0.16295516338180482
407160.0,0.16294020405772133
407220.0,0.16292524956030488
407280.0,0.16291029988714192
407340.0,0.16289535503582034
407400.0,0.1628804150039297
407460.0,0.1628654797890611
407520.0,0.1628505493888074
407580.0,0.1628356238007629
407640.0,0.16282070302252355
407700.0,0.162805787051687
407760.0,0.16279087588585228
407820.0,0.16277596952262025
407880.0,0.16276106795959314
407940.0,0.1627461711943749
408000.0,0.16273127922457115
408060.0,0.16271639204778898
408120.0,0.16270150966163696
408180.0,0.16268663206372555
408240.0,0.16267175925166658
408300.0,0.16265689122307347
408360.0,0.16264202797556135
408420.0,0.16262716950674674
408480.0,0.16261231581424787
408540.0,0.16259746689568463
408600.0,0.1625826227486783
408660.0,0.16256778337085187
408720.0,0.16255294875982976
408780.0,0.1625381189132382
408840.0,0.16252329382870478
408900.0,0.1625084735038587
408960.0,0.16249365793633086
409020.0,0.16247884712375363
409080.0,0.16246404106376092
409140.0,0.16244923975398823
409200.0,0.1624344431920727
409260.0,0.1624196513756529
409320.0,0.16240486430236908
409380.0,0.16239008196986301
409440.0,0.16237530437577807
409500.0,0.16236053151775903
409560.0,0.16234576339345236
409620.0,0.16233100000050613
409680.0,0.16231624133656988
409740.0,0.1623014873992947
409800.0,0.16228673818633316
409860.0,0.16227199369533965
409920.0,0.16225725392396984
409980.0,0.16224251886988103
410040.0,0.16222778853073214
410100.0,0.1622130629041835
410160.0,0.16219834198789715
410220.0,0.1621836257795365
410280.0,0.16216891427676663
410340.0,0.16215420747725412
410400.0,0.16213950537866695
410460.0,0.16212480818035271
410520.0,0.16211011552705096
410580.0,0.1620954275208544
410640.0,0.16208074419914947
410700.0,0.16206606556785697
410760.0,0.16205139162480506
410820.0,0.1620367223669235
410880.0,0.16202205779150308
410940.0,0.16200739789625854
411000.0,0.1619927426786199
411060.0,0.16197809213658163
411120.0,0.1619634462677011
411180.0,0.16194880506957798
411240.0,0.16193416853988005
411300.0,0.16191953667630563
411360.0,0.16190490947655517
411420.0,0.16189028693832475
411480.0,0.16187566905930892
411540.0,0.16186105583720387
411600.0,0.16184644726970795
411660.0,0.16183184335452153
411720.0,0.16181724408934628
411780.0,0.16180264947188552
411840.0,0.1617880594998439
411900.0,0.16177347417092763
411960.0,0.16175889348284445
412020.0,0.16174431743330359
412080.0,0.16172974602001575
412140.0,0.16171517924069312
412200.0,0.1617006170930495
412260.0,0.16168605957480023
412320.0,0.1616715066836619
412380.0,0.16165695841735278
412440.0,0.16164241477359267
412500.0,0.16162787575010273
412560.0,0.1616133413446058
412620.0,0.16159881155482597
412680.0,0.16158428637848904
412740.0,0.16156976581332216
412800.0,0.16155524985705416
412860.0,0.16154073850741513
412920.0,0.16152623176213673
412980.0,0.1615117296189522
413040.0,0.1614972320755961
413100.0,0.16148273912980463
413160.0,0.16146825077931534
413220.0,0.16145376702186748
413280.0,0.1614392878552015
413340.0,0.1614248132770595
413400.0,0.161410343285185
413460.0,0.1613958778773231
413520.0,0.16138141705122017
413580.0,0.1613669608046242
413640.0,0.1613525091352848
413700.0,0.16133806204095272
413760.0,0.16132361951938035
413820.0,0.16130918156832155
413880.0,0.16129474818553177
413940.0,0.16128031936876766
414000.0,0.16126589511578748
414060.0,0.16125147542435114
414120.0,0.16123706029221965
414180.0,0.1612226497171557
414240.0,0.1612082436969234
414300.0,0.1611938422292884
414360.0,0.16117944531201764
414420.0,0.16116505294287967
414480.0,0.1611506651196444
414540.0,0.1611362818400833
414600.0,0.16112190310196922
414660.0,0.1611075289030764
414720.0,0.1610931592411807
414780.0,0.1610787941140593
414840.0,0.16106443351949082
414900.0,0.16105007745525546
414960.0,0.16103572591913481
415020.0,0.1610213789089117
415080.0,0.16100703642237077
415140.0,0.16099269845729788
415200.0,0.1609783650114804
415260.0,0.16096403608270704
415320.0,0.16094971166876812
415380.0,0.16093539176745522
415440.0,0.16092107637656144
415500.0,0.16090676549388142
415560.0,0.1608924591172111
415620.0,0.16087815724434787
415680.0,0.1608638598730906
415740.0,0.1608495670012395
415800.0,0.16083527862659647
415860.0,0.16082099474696443
415920.0,0.16080671536014812
415980.0,0.16079244046395344
416040.0,0.16077817005618786
416100.0,0.16076390413466027
416160.0,0.16074964269718084
416220.0,0.1607353857415614
416280.0,0.16072113326561496
416340.0,0.16070688526715612
416400.0,0.16069264174400089
416460.0,0.16067840269396652
416520.0,0.16066416811487197
416580.0,0.16064993800453733
416640.0,0.16063571236078436
416700.0,0.16062149118143604
416760.0,0.16060727446431675
416820.0,0.1605930622072525
416880.0,0.16057885440807054
416940.0,0.16056465106459947
417000.0,0.16055045217466954
417060.0,0.1605362577361121
417120.0,0.16052206774676026
417180.0,0.16050788220444817
417240.0,0.16049370110701164
417300.0,0.16047952445228778
417360.0,0.16046535223811512
417420.0,0.16045118446233358
417480.0,0.16043702112278457
417540.0,0.16042286221731067
417600.0,0.16040870774375615
417660.0,0.1603945576999665
417720.0,0.16038041208378853
417780.0,0.1603662708930707
417840.0,0.1603521341256627
417900.0,0.1603380017794155
417960.0,0.16032387385218175
418020.0,0.16030975034181524
418080.0,0.16029563124617122
418140.0,0.16028151656310635
418200.0,0.16026740629047873
418260.0,0.16025330042614777
418320.0,0.16023919896797423
418380.0,0.1602251019138203
418440.0,0.1602110092615497
418500.0,0.16019692100902716
418560.0,0.16018283715411916
418620.0,0.1601687576946934
418680.0,0.16015468262861896
418740.0,0.1601406119537662
418800.0,0.16012654566800713
418860.0,0.16011248376921489
418920.0,0.16009842625526408
418980.0,0.16008437312403065
419040.0,0.16007032437339191
419100.0,0.16005628000122663
419160.0,0.16004224000541478
419220.0,0.1600282043838379
419280.0,0.16001417313437874
419340.0,0.1600001462549215
419400.0,0.1599861237433516
419460.0,0.15997210559755612
419520.0,0.15995809181542325
419580.0,0.1599440823948425
419640.0,0.15993007733370496
419700.0,0.15991607662990295
419760.0,0.15990208028133016
419820.0,0.15988808828588166
419880.0,0.1598741006414538
419940.0,0.1598601173459444
420000.0,0.15984613839725262
420060.0,0.1598321637932788
420120.0,0.15981819353192483
420180.0,0.15980422761109395
420240.0,0.15979026602869056
420300.0,0.15977630878262053
420360.0,0.15976235587079118
420420.0,0.15974840729111098
420480.0,0.15973446304148986
420540.0,0.15972052311983914
420600.0,0.15970658752407127
420660.0,0.1596926562521003
420720.0,0.15967872930184146
420780.0,0.1596648066712113
420840.0,0.15965088835812785
420900.0,0.15963697436051044
420960.0,0.1596230646762796
421020.0,0.15960915930335734
421080.0,0.15959525823966686
421140.0,0.15958136148313298
421200.0,0.15956746903168148
421260.0,0.1595535808832397
421320.0,0.1595396970357363
421380.0,0.1595258174871012
421440.0,0.15951194223526569
421500.0,0.15949807127816235
421560.0,0.15948420461372512
421620.0,0.1594703422398893
421680.0,0.15945648415459138
421740.0,0.1594426303557693
421800.0,0.15942878084136228
421860.0,0.15941493560931086
421920.0,0.15940109465755692
421980.0,0.1593872579840436
422040.0,0.15937342558671547
422100.0,0.15935959746351827
422160.0,0.15934577361239913
422220.0,0.15933195403130648
422280.0,0.1593181387181902
422340.0,0.1593043276710012
422400.0,0.1592905208876919
422460.0,0.1592767183662161
422520.0,0.15926292010452864
422580.0,0.1592491261005859
422640.0,0.15923533635234552
422700.0,0.15922155085776635
422760.0,0.1592077696148086
422820.0,0.1591939926214339
422880.0,0.15918021987560502
422940.0,0.15916645137528607
423000.0,0.1591526871184425
423060.0,0.15913892710304106
423120.0,0.15912517132704979
423180.0,0.15911141978843793
423240.0,0.15909767248517617
423300.0,0.1590839294152364
423360.0,0.1590701905765919
423420.0,0.15905645596721713
423480.0,0.15904272558508792
423540.0,0.15902899942818136
423600.0,0.15901527749447567
423660.0,0.1590015597819507
423720.0,0.15898784628858745
423780.0,0.15897413701236807
423840.0,0.158960431951276
423900.0,0.15894673110329627
423960.0,0.15893303446641485
424020.0,0.15891934203861913
424080.0,0.1589056538178978
424140.0,0.15889196980224082
424200.0,0.15887828998963943
424260.0,0.15886461437808608
424320.0,0.15885094296557462
424380.0,0.15883727575010015
424440.0,0.15882361272965886
424500.0,0.1588099539022485
424560.0,0.15879629926586797
424620.0,0.1587826488185173
424680.0,0.1587690025581981
424740.0,0.1587553604829129
424800.0,0.1587417225906658
424860.0,0.15872808887946202
424920.0,0.15871445934730805
424980.0,0.15870083399221172
425040.0,0.15868721281218198
425100.0,0.15867359580522925
425160.0,0.1586599829693651
425220.0,0.15864637430260223
425280.0,0.158632769802955
425340.0,0.15861916946843854
425400.0,0.1586055732970695
425460.0,0.1585919812868659
425520.0,0.1585783934358468
425580.0,0.1585648097420326
425640.0,0.15855123020344494
425700.0,0.15853765481810675
425760.0,0.1585240835840422
425820.0,0.15851051649927672
425880.0,0.15849695356183696
425940.0,0.15848339476975082
426000.0,0.15846984012104753
426060.0,0.15845628961375746
426120.0,0.1584427432459123
426180.0,0.15842920101554497
426240.0,0.15841566292068965
426300.0,0.15840212895938174
426360.0,0.15838859912965786
426420.0,0.15837507342955592
426480.0,0.15836155185711512
426540.0,0.1583480344103758
426600.0,0.15833452108737955
426660.0,0.15832101188616923
426720.0,0.15830750680478906
426780.0,0.15829400584128422
426840.0,0.15828050899370136
426900.0,0.15826701626008832
426960.0,0.15825352763849407
427020.0,0.15824004312696896
427080.0,0.15822656272356447
427140.0,0.15821308642633333
427200.0,0.15819961423332957
427260.0,0.15818614614260829
427320.0,0.15817268215222605
427380.0,0.15815922226024048
427440.0,0.15814576646471035
427500.0,0.1581323147636959
427560.0,0.15811886715525847
427620.0,0.15810542363746052
427680.0,0.15809198420836595
427740.0,0.15807854886603973
427800.0,0.1580651176085481
427860.0,0.15805169043395847
427920.0,0.15803826734033957
427980.0,0.15802484832576127
428040.0,0.15801143338829463
428100.0,0.157998022526012
428160.0,0.15798461573698697
428220.0,0.15797121301929426
428280.0,0.1579578143710098
428340.0,0.15794441979021076
428400.0,0.1579310292749756
428460.0,0.15791764282338394
428520.0,0.15790426043351652
428580.0,0.15789088210345534
428640.0,0.15787750783128368
428700.0,0.15786413761508605
428760.0,0.15785077145294799
428820.0,0.1578374093429563
428880.0,0.15782405128319915
428940.0,0.15781069727176578
429000.0,0.1577973473067466
429060.0,0.15778400138623325
429120.0,0.15777065950831862
429180.0,0.15775732167109685
429240.0,0.15774398787266306
429300.0,0.15773065811111378
429360.0,0.1577173323845467
429420.0,0.1577040106910605
429480.0,0.1576906930287554
429540.0,0.15767737939573256
429600.0,0.15766406979009442
429660.0,0.1576507642099447
429720.0,0.15763746265338802
429780.0,0.1576241651185305
429840.0,0.15761087160347936
429900.0,0.15759758210634292
429960.0,0.15758429662523077
430020.0,0.1575710151582536
430080.0,0.15755773770352346
430140.0,0.15754446425915344
430200.0,0.1575311948232578
430260.0,0.1575179293939521
430320.0,0.15750466796935297
430380.0,0.15749141054757826
430440.0,0.15747815712674706
430500.0,0.1574649077049795
430560.0,0.15745166228039703
430620.0,0.15743842085112222
430680.0,0.15742518341527875
430740.0,0.15741194997099162
430800.0,0.15739872051638698
430860.0,0.1573854950495919
430920.0,0.157372273568735
430980.0,0.15735905607194586
431040.0,0.1573458425573552
431100.0,0.15733263302309505
431160.0,0.15731942746729846
431220.0,0.15730622588809978
431280.0,0.1572930282836345
431340.0,0.15727983465203912
431400.0,0.15726664499145154
431460.0,0.15725345930001075
431520.0,0.1572402775758568
431580.0,0.15722709981713098
431640.0,0.1572139260219757
431700.0,0.15720075618853463
431760.0,0.1571875903149525
431820.0,0.15717442839937523
431880.0,0.15716127043994996
431940.0,0.1571481164348249
432000.0,0.15713496638214933
432060.0,0.15712182045872888
432120.0,0.15710867835081369
432180.0,0.1570955401479388
432240.0,0.1570824058835821
432300.0,0.1570692755633559
432360.0,0.15705614918561264
432420.0,0.15704302674786194
432480.0,0.15702990824791896
432540.0,0.15701679368395813
432600.0,0.1570036830539328
432660.0,0.15699057635625485
432720.0,0.15697747358898617
432780.0,0.1569643747502205
432840.0,0.15695127983810508
432900.0,0.15693818885081226
432960.0,0.15692510178651595
433020.0,0.15691201864338677
433080.0,0.15689893941959396
433140.0,0.1568858641133079
433200.0,0.15687279272270077
433260.0,0.15685972524594619
433320.0,0.15684666168121875
433380.0,0.15683360202669425
433440.0,0.15682054628054962
433500.0,0.15680749444096279
433560.0,0.15679444650611296
433620.0,0.1567814024741805
433680.0,0.15676836234334668
433740.0,0.15675532611179413
433800.0,0.1567422937777065
433860.0,0.15672926533926868
433920.0,0.1567162407946665
433980.0,0.15670322014208715
434040.0,0.1566902033797187
434100.0,0.15667719050575052
434160.0,0.15666418151837305
434220.0,0.15665117641577783
434280.0,0.15663817519615758
434340.0,0.15662517785770613
434400.0,0.15661218439861838
434460.0,0.15659919481709036
434520.0,0.15658620911131932
434580.0,0.15657322727950349
434640.0,0.1565602493198423
434700.0,0.1565472752305363
434760.0,0.15653430500978704
434820.0,0.1565213386557974
434880.0,0.15650837616677118
434940.0,0.1564954175409134
435000.0,0.1564824627764301
435060.0,0.1564695118715286
435120.0,0.1564565648244171
435180.0,0.15644362163330514
435240.0,0.15643068229640314
435300.0,0.1564177468119229
435360.0,0.15640481517807706
435420.0,0.15639188739307952
435480.0,0.1563789634551452
435540.0,0.15636604336249033
435600.0,0.15635312711333194
435660.0,0.15634021470588833
435720.0,0.15632730613837895
435780.0,0.15631440140902425
435840.0,0.15630150051604577
435900.0,0.15628860345766635
435960.0,0.1562757102321096
436020.0,0.15626282083760049
436080.0,0.156249935272365
436140.0,0.15623705353463024
436200.0,0.1562241756226243
436260.0,0.15621130153457652
436320.0,0.1561984312687172
436380.0,0.15618556482327792
436440.0,0.15617270219649113
436500.0,0.15615984338659045
436560.0,0.15614698839181068
436620.0,0.15613413721038763
436680.0,0.15612128984055815
436740.0,0.15610844628056034
436800.0,0.15609560652863322
436860.0,0.156082770583017
436920.0,0.15606993844195288
436980.0,0.15605711010368328
437040.0,0.15604428556645153
437100.0,0.15603146482850228
437160.0,0.15601864788808098
437220.0,0.1560058347434344
437280.0,0.15599302539281026
437340.0,0.15598021983445745
437400.0,0.15596741806662578
437460.0,0.15595462008756633
437520.0,0.15594182589553113
437580.0,0.1559290354887734
437640.0,0.15591624886554725
437700.0,0.1559034660241081
437760.0,0.1558906869627122
437820.0,0.15587791167961706
437880.0,0.1558651401730812
437940.0,0.1558523724413642
438000.0,0.15583960848272677
438060.0,0.15582684829543061
438120.0,0.15581409187773843
438180.0,0.15580133922791423
438240.0,0.15578859034422293
438300.0,0.15577584522493043
438360.0,0.1557631038683039
438420.0,0.15575036627261143
438480.0,0.15573763243612226
438540.0,0.15572490235710662
438600.0,0.15571217603383583
438660.0,0.15569945346458233
438720.0,0.1556867346476195
438780.0,0.15567401958122187
438840.0,0.1556613082636651
438900.0,0.15564860069322564
438960.0,0.15563589686818133
439020.0,0.15562319678681083
439080.0,0.15561050044739397
439140.0,0.1555978078482116
439200.0,0.15558511898754562
439260.0,0.155572433863679
439320.0,0.15555975247489576
439380.0,0.15554707481948102
439440.0,0.1555344008957208
439500.0,0.1555217307019023
439560.0,0.15550906423631375
439620.0,0.15549640149724445
439680.0,0.15548374248298472
439740.0,0.15547108719182587
439800.0,0.15545843562206035
439860.0,0.15544578777198165
439920.0,0.15543314363988417
439980.0,0.1554205032240636
440040.0,0.15540786652281635
440100.0,0.15539523353444024
440160.0,0.1553826042572338
440220.0,0.1553699786894969
440280.0,0.1553573568295301
440340.0,0.15534473867563542
440400.0,0.15533212422611553
440460.0,0.15531951347927433
440520.0,0.1553069064334168
440580.0,0.15529430308684886
440640.0,0.1552817034378774
440700.0,0.15526910748481054
440760.0,0.15525651522595732
440820.0,0.15524392665962786
440880.0,0.15523134178413311
440940.0,0.15521876059778544
441000.0,0.1552061830988979
441060.0,0.15519360928578474
441120.0,0.15518103915676118
441180.0,0.15516847271014347
441240.0,0.155155909944249
441300.0,0.155143350857396
441360.0,0.15513079544790384
441420.0,0.1551182437140929
441480.0,0.1551056956542846
441540.0,0.15509315126680134
441600.0,0.15508061054996658
441660.0,0.1550680735021048
441720.0,0.15505554012154146
441780.0,0.1550430104066031
441840.0,0.1550304843556172
441900.0,0.15501796196691237
441960.0,0.15500544323881815
442020.0,0.15499292816966517
442080.0,0.154980416757785
442140.0,0.15496790900151028
442200.0,0.1549554048991746
442260.0,0.15494290444911266
442320.0,0.15493040764966004
442380.0,0.15491791449915357
442440.0,0.15490542499593082
442500.0,0.1548929391383305
442560.0,0.15488045692469235
442620.0,0.15486797835335714
442680.0,0.15485550342266652
442740.0,0.1548430321309633
442800.0,0.15483056447659116
442860.0,0.15481810045789487
442920.0,0.15480564007322023
442980.0,0.154793183320914
443040.0,0.15478073019932398
443100.0,0.15476828070679885
443160.0,0.15475583484168842
443220.0,0.15474339260234354
443280.0,0.15473095398711598
443340.0,0.15471851899435848
443400.0,0.15470608762242483
443460.0,0.15469365986966982
443520.0,0.15468123573444928
443580.0,0.15466881521511985
443640.0,0.15465639831003952
443700.0,0.15464398501756693
443760.0,0.15463157533606184
443820.0,0.15461916926388508
443880.0,0.15460676679939833
443940.0,0.15459436794096446
444000.0,0.15458197268694715
444060.0,0.15456958103571114
444120.0,0.15455719298562212
444180.0,0.15454480853504687
444240.0,0.15453242768235304
444300.0,0.15452005042590938
444360.0,0.15450767676408558
444420.0,0.1544953066952523
444480.0,0.1544829402177812
444540.0,0.1544705773300449
444600.0,0.15445821803041704
444660.0,0.15444586231727234
444720.0,0.15443351018898624
444780.0,0.1544211616439354
444840.0,0.15440881668049738
444900.0,0.1543964752970508
444960.0,0.15438413749197505
445020.0,0.15437180326365071
445080.0,0.15435947261045932
445140.0,0.15434714553078324
445200.0,0.154334822023006
445260.0,0.154322502085512
445320.0,0.1543101857166866
445380.0,0.1542978729149162
445440.0,0.1542855636785882
445500.0,0.15427325800609082
445560.0,0.1542609558958134
445620.0,0.1542486573461463
445680.0,0.1542363623554806
445740.0,0.15422407092220863
445800.0,0.15421178304472352
445860.0,0.15419949872141953
445920.0,0.15418721795069157
445980.0,0.15417494073093593
446040.0,0.15416266706054957
446100.0,0.15415039693793053
446160.0,0.15413813036147786
446220.0,0.15412586732959144
446280.0,0.15411360784067227
446340.0,0.1541013518931221
446400.0,0.15408909948534397
446460.0,0.15407685061574147
446520.0,0.1540646052827196
446580.0,0.15405236348468393
446640.0,0.15404012522004124
446700.0,0.15402789048719917
446760.0,0.15401565928456634
446820.0,0.15400343161055227
446880.0,0.15399120746356754
446940.0,0.15397898684202366
447000.0,0.15396676974433304
447060.0,0.15395455616890902
447120.0,0.1539423461141661
447180.0,0.15393013957851942
447240.0,0.15391793656038538
447300.0,0.1539057370581812
447360.0,0.1538935410703249
447420.0,0.15388134859523572
447480.0,0.15386915963133366
447540.0,0.1538569741770398
447600.0,0.15384479223077607
447660.0,0.15383261379096538
447720.0,0.15382043885603158
447780.0,0.15380826742439957
447840.0,0.15379609949449496
447900.0,0.15378393506474464
447960.0,0.153771774133576
448020.0,0.15375961669941784
448080.0,0.1537474627606997
448140.0,0.15373531231585194
448200.0,0.153723165363306
448260.0,0.15371102190149427
448320.0,0.15369888192885006
448380.0,0.15368674544380762
448440.0,0.15367461244480202
448500.0,0.15366248293026954
448560.0,0.15365035689864712
448620.0,0.15363823434837284
448680.0,0.15362611527788553
448740.0,0.15361399968562514
448800.0,0.15360188757003243
448860.0,0.15358977892954911
448920.0,0.1535776737626179
448980.0,0.15356557206768237
449040.0,0.1535534738431871
449100.0,0.15354137908757748
449160.0,0.15352928779929995
449220.0,0.15351719997680185
449280.0,0.1535051156185314
449340.0,0.15349303472293782
449400.0,0.15348095728847116
449460.0,0.15346888331358258
449520.0,0.1534568127967239
449580.0,0.15344474573634811
449640.0,0.15343268213090897
449700.0,0.15342062197886128
449760.0,0.15340856527866065
449820.0,0.1533965120287637
449880.0,0.15338446222762792
449940.0,0.1533724158737118
450000.0,0.15336037296547467
450060.0,0.15334833350137678
450120.0,0.15333629747987937
450180.0,0.15332426489944445
450240.0,0.1533122357585352
450300.0,0.15330021005561545
450360.0,0.15328818778915013
450420.0,0.15327616895760504
450480.0,0.15326415355944684
450540.0,0.15325214159314315
450600.0,0.15324013305716253
450660.0,0.1532281279499744
450720.0,0.15321612627004913
450780.0,0.15320412801585798
450840.0,0.15319213318587313
450900.0,0.15318014177856767
450960.0,0.15316815379241558
451020.0,0.15315616922589187
451080.0,0.15314418807747227
451140.0,0.15313221034563348
451200.0,0.15312023602885322
451260.0,0.15310826512561
451320.0,0.1530962976343833
451380.0,0.15308433355365345
451440.0,0.15307237288190165
451500.0,0.15306041561761016
451560.0,0.15304846175926204
451620.0,0.15303651130534124
451680.0,0.15302456425433264
451740.0,0.15301262060472193
451800.0,0.15300068035499595
451860.0,0.1529887435036422
451920.0,0.1529768100491491
451980.0,0.15296487999000608
452040.0,0.15295295332470346
452100.0,0.15294103005173232
452160.0,0.1529291101695848
452220.0,0.15291719367675388
452280.0,0.1529052805717333
452340.0,0.1528933708530179
452400.0,0.15288146451910342
452460.0,0.15286956156848625
452520.0,0.15285766199966389
452580.0,0.15284576581113465
452640.0,0.15283387300139786
452700.0,0.15282198356895343
452760.0,0.15281009751230254
452820.0,0.15279821482994702
452880.0,0.15278633552038964
452940.0,0.1527744595821341
453000.0,0.15276258701368498
453060.0,0.1527507178135476
453120.0,0.1527388519802284
453180.0,0.15272698951223462
453240.0,0.15271513040807427
453300.0,0.15270327466625638
453360.0,0.1526914222852909
453420.0,0.1526795732636884
453480.0,0.1526677275999607
453540.0,0.15265588529262022
453600.0,0.15264404634018033
453660.0,0.15263221090053714
453720.0,0.15262037869460718
453780.0,0.15260854980143973
453840.0,0.15259672425119336
453900.0,0.15258490204917566
453960.0,0.1525730831941358
454020.0,0.15256126768402958
454080.0,0.1525494555170724
454140.0,0.15253764669168957
454200.0,0.15252584120638565
454260.0,0.15251403905968453
454320.0,0.15250224025020662
454380.0,0.15249044477633433
454440.0,0.15247865263678925
454500.0,0.15246686383001384
454560.0,0.1524550783544773
454620.0,0.15244329620869337
454680.0,0.152431517391196
454740.0,0.15241974190052066
454800.0,0.15240796973519938
454860.0,0.15239620089376327
454920.0,0.15238443537474436
454980.0,0.15237267317667588
455040.0,0.15236091429809231
455100.0,0.152349158737529
455160.0,0.15233740649352193
455220.0,0.15232565756460817
455280.0,0.15231391194932542
455340.0,0.15230216964621238
455400.0,0.15229043065380865
455460.0,0.1522786949706546
455520.0,0.15226696259529146
455580.0,0.15225523352626136
455640.0,0.15224350776210735
455700.0,0.1522317853013732
455760.0,0.15222006614260364
455820.0,0.15220835028434415
455880.0,0.15219663772514125
455940.0,0.15218492846354215
456000.0,0.15217322249809498
456060.0,0.1521615198273487
456120.0,0.15214982044985326
456180.0,0.15213812436415924
456240.0,0.15212643156881817
456300.0,0.1521147420623825
456360.0,0.15210305584340544
456420.0,0.1520913729104411
456480.0,0.15207969326204443
456540.0,0.15206801689677127
456600.0,0.15205634381317823
456660.0,0.15204467400982274
456720.0,0.15203300748526327
456780.0,0.15202134423805894
456840.0,0.1520096842667698
456900.0,0.15199802756995678
456960.0,0.15198637414618157
457020.0,0.15197472399400674
457080.0,0.15196307711199575
457140.0,0.1519514334987128
457200.0,0.15193979315272305
457260.0,0.1519281560725925
457320.0,0.15191652225688787
457380.0,0.15190489170417681
457440.0,0.1518932644130278
457500.0,0.15188164038201013
457560.0,0.15187001960969407
457620.0,0.15185840209465049
457680.0,0.15184678783545125
457740.0,0.15183517683066905
457800.0,0.15182356907887742
457860.0,0.15181196457865068
457920.0,0.15180036332856403
457980.0,0.15178876532719338
458040.0,0.15177717057311577
458100.0,0.15176557906490873
458160.0,0.15175399080115085
458220.0,0.15174240578042147
458280.0,0.1517308240013008
458340.0,0.15171924546236984
458400.0,0.1517076701622104
458460.0,0.15169609809940518
458520.0,0.15168452927253778
458580.0,0.15167296368019237
458640.0,0.15166140132095424
458700.0,0.15164984219340938
458760.0,0.1516382862961445
458820.0,0.1516267336277474
458880.0,0.1516151841868065
458940.0,0.15160363797191104
459000.0,0.15159209498165124
459060.0,0.15158055521461797
459120.0,0.15156901866940306
459180.0,0.1515574853445991
459240.0,0.15154595523879955
459300.0,0.1515344283505985
459360.0,0.1515229046785912
459420.0,0.15151138422137342
459480.0,0.15149986697754186
459540.0,0.15148835294569424
459600.0,0.15147684212442863
459660.0,0.1514653345123443
459720.0,0.15145383010804134
459780.0,0.1514423289101204
459840.0,0.1514308309171832
459900.0,0.1514193361278321
459960.0,0.15140784454067038
460020.0,0.1513963561543021
460080.0,0.15138487096733208
460140.0,0.1513733889783661
460200.0,0.15136191018601067
460260.0,0.15135043458887304
460320.0,0.15133896218556134
460380.0,0.1513274929746845
460440.0,0.15131602695485236
460500.0,0.1513045641246754
460560.0,0.1512931044827651
460620.0,0.15128164802773342
460680.0,0.15127019475819356
460740.0,0.15125874467275927
460800.0,0.15124729777004506
460860.0,0.15123585404866643
460920.0,0.15122441350723959
460980.0,0.1512129761443815
461040.0,0.1512015419587101
461100.0,0.1511901109488439
461160.0,0.1511786831134024
461220.0,0.15116725845100584
461280.0,0.15115583696027532
461340.0,0.1511444186398325
461400.0,0.1511330034883002
461460.0,0.1511215915043018
461520.0,0.1511101826864616
461580.0,0.1510987770334045
461640.0,0.15108737454375648
461700.0,0.15107597521614421
461760.0,0.15106457904919499
461820.0,0.1510531860415372
461880.0,0.15104179619179986
461940.0,0.15103040949861266
462000.0,0.15101902596060643
462060.0,0.15100764557641244
462120.0,0.15099626834466295
462180.0,0.15098489426399106
462240.0,0.15097352333303043
462300.0,0.15096215555041578
462360.0,0.15095079091478242
462420.0,0.1509394294247666
462480.0,0.15092807107900527
462540.0,0.1509167158761362
462600.0,0.15090536381479788
462660.0,0.15089401489362975
462720.0,0.15088266911127188
462780.0,0.15087132646636525
462840.0,0.15085998695755154
462900.0,0.1508486505834732
462960.0,0.15083731734277356
463020.0,0.1508259872340967
463080.0,0.1508146602560875
463140.0,0.1508033364073915
463200.0,0.1507920156866552
463260.0,0.1507806980925258
463320.0,0.1507693836236513
463380.0,0.1507580722786804
463440.0,0.15074676405626278
463500.0,0.1507354589550487
463560.0,0.15072415697368924
463620.0,0.15071285811083646
463680.0,0.15070156236514284
463740.0,0.15069026973526195
463800.0,0.15067898021984805
463860.0,0.15066769381755607
463920.0,0.15065641052704185
463980.0,0.15064513034696198
464040.0,0.15063385327597376
464100.0,0.15062257931273532
464160.0,0.15061130845590556
464220.0,0.15060004070414423
464280.0,0.15058877605611165
464340.0,0.15057751451046913
464400.0,0.15056625606587862
464460.0,0.15055500072100292
464520.0,0.15054374847450558
464580.0,0.1505324993250509
464640.0,0.1505212532713039
464700.0,0.15051001031193045
464760.0,0.15049877044559729
464820.0,0.15048753367097167
464880.0,0.15047629998672174
464940.0,0.15046506939151652
465000.0,0.15045384188402575
465060.0,0.15044261746291973
465120.0,0.1504313961268698
465180.0,0.15042017787454798
465240.0,0.1504089627046269
465300.0,0.1503977506157802
465360.0,0.15038654160668216
465420.0,0.15037533567600772
465480.0,0.15036413282243288
465540.0,0.15035293304463407
465600.0,0.15034173634128872
465660.0,0.15033054271107488
465720.0,0.15031935215267145
465780.0,0.15030816466475802
465840.0,0.150296980246015
465900.0,0.15028579889512356
465960.0,0.15027462061076552
466020.0,0.15026344539162365
466080.0,0.1502522732363813
466140.0,0.1502411041437226
466200.0,0.15022993811233262
466260.0,0.15021877514089696
466320.0,0.15020761522810203
466380.0,0.1501964583726351
466440.0,0.1501853045731841
466500.0,0.15017415382843777
466560.0,0.15016300613708558
466620.0,0.15015186149781767
466680.0,0.15014071990932498
466740.0,0.15012958137029944
466800.0,0.1501184458794333
466860.0,0.15010731343541983
466920.0,0.1500961840369531
466980.0,0.15008505768272776
467040.0,0.1500739343714392
467100.0,0.15006281410178382
467160.0,0.15005169687245845
467220.0,0.15004058268216086
467280.0,0.15002947152958954
467340.0,0.15001836341344363
467400.0,0.15000725833242315
467441.27999999997,0.1499996197991127
